Czas_Zapisu;Czas_Procesu;1_Temp_Keg;2_Temp_Bufor;3_Temp_10p;4_Temp_Glowica;5_Temp_Woda;Napiecie_V;Prad_A;Moc_W;Zuzycie_Wh;Temp_Zewn_C;Cisnienie_hPa;Zawor;Temp_Dnia_C;Komentarz
2026-07-25 05:33:25;00:00:02;22,6;18,8;18,2;18,4;18,6;226,9;0,00;0,0;0,00;15,2;999,6;OFF;77,40;
2026-07-25 05:33:34;00:00:09;22,6;18,8;18,3;18,4;18,6;226,9;0,00;0,0;0,00;15,2;999,6;OFF;77,40;
2026-07-25 05:33:43;00:00:18;22,6;18,8;18,3;18,4;18,6;226,9;0,00;0,0;0,00;15,2;999,6;OFF;77,40;
2026-07-25 05:33:52;00:00:27;22,6;18,8;18,3;18,4;18,6;226,9;0,00;0,0;0,00;15,2;999,6;OFF;77,40;
2026-07-25 05:34:01;00:00:36;22,6;18,8;18,3;18,4;18,6;226,9;0,00;0,0;0,00;15,2;999,6;OFF;77,40;
2026-07-25 05:34:10;00:00:45;22,6;18,7;18,3;18,4;18,6;226,9;0,00;0,0;0,00;15,2;999,6;OFF;77,40;
2026-07-25 05:34:19;00:00:54;22,6;18,8;18,3;18,4;18,6;226,9;0,00;0,0;0,00;15,2;999,6;OFF;77,40;Start 15l  rozcienczone do okolo 30V, obnizona moc przedgonow , wolny odbior przedgonow 5 ml/s
2026-07-25 05:34:29;00:01:04;22,6;18,8;18,3;18,4;18,6;226,9;0,00;0,0;0,00;15,2;999,6;OFF;77,40;
2026-07-25 05:34:38;00:01:13;22,6;18,7;18,3;18,4;18,6;226,9;0,00;0,0;0,00;15,2;999,6;OFF;77,40;
2026-07-25 05:34:47;00:01:22;22,7;18,7;18,2;18,4;18,6;226,9;0,00;0,0;0,00;15,2;999,6;OFF;77,40;
2026-07-25 05:34:56;00:01:31;22,8;18,8;18,2;18,4;18,6;226,9;0,00;0,0;0,00;15,2;999,6;OFF;77,40;
2026-07-25 05:35:05;00:01:40;22,8;18,7;18,3;18,4;18,6;226,9;0,00;0,0;0,00;15,2;999,6;OFF;77,40;
2026-07-25 05:35:14;00:01:49;22,9;18,7;18,2;18,4;18,6;226,9;0,00;0,0;0,00;15,2;999,6;OFF;77,40;
2026-07-25 05:35:23;00:01:58;23,0;18,8;18,2;18,4;18,6;226,9;0,00;0,0;0,00;15,2;999,6;OFF;77,40;
2026-07-25 05:35:32;00:02:07;23,1;18,8;18,3;18,4;18,6;216,5;15,23;3299,8;0,00;15,2;999,6;OFF;77,40;
2026-07-25 05:35:41;00:02:16;23,2;18,8;18,3;18,4;18,6;216,5;15,23;3299,8;0,01;15,2;999,6;OFF;77,40;
2026-07-25 05:35:50;00:02:25;23,3;18,8;18,2;18,4;18,6;216,5;15,23;3299,8;0,02;15,2;999,6;OFF;77,40;
2026-07-25 05:35:59;00:02:34;23,4;18,8;18,3;18,4;18,6;216,5;15,23;3299,8;0,03;15,2;999,6;OFF;77,40;
2026-07-25 05:36:08;00:02:43;23,5;18,8;18,3;18,4;18,6;216,5;15,23;3299,8;0,04;15,2;999,6;OFF;77,40;
2026-07-25 05:36:17;00:02:52;23,6;18,8;18,3;18,5;18,6;216,5;15,23;3299,8;0,05;15,2;999,6;OFF;77,40;
2026-07-25 05:36:26;00:03:01;23,8;18,8;18,3;18,4;18,6;216,5;15,23;3299,8;0,05;15,2;999,6;OFF;77,40;
2026-07-25 05:36:35;00:03:10;23,9;18,8;18,3;18,4;18,6;216,5;15,23;3299,8;0,06;15,2;999,6;OFF;77,40;
2026-07-25 05:36:44;00:03:19;24,0;18,7;18,3;18,4;18,6;216,5;15,23;3299,8;0,07;15,2;999,6;OFF;77,40;
2026-07-25 05:36:53;00:03:28;24,1;18,8;18,3;18,5;18,6;216,5;15,23;3299,8;0,08;15,2;999,6;OFF;77,40;
2026-07-25 05:37:02;00:03:37;24,2;18,8;18,3;18,5;18,5;216,5;15,23;3299,8;0,09;15,2;999,6;OFF;77,40;
2026-07-25 05:37:11;00:03:46;24,4;18,8;18,3;18,4;18,5;216,5;15,23;3299,8;0,10;15,2;999,6;OFF;77,40;
2026-07-25 05:37:20;00:03:55;24,5;18,8;18,3;18,5;18,5;216,5;15,23;3299,8;0,10;15,2;999,6;OFF;77,40;
2026-07-25 05:37:29;00:04:04;24,6;18,8;18,3;18,4;18,4;216,5;15,23;3299,8;0,11;15,2;999,6;OFF;77,40;
2026-07-25 05:37:39;00:04:14;24,8;18,8;18,3;18,4;18,4;216,5;15,23;3299,8;0,12;15,2;999,6;OFF;77,40;
2026-07-25 05:37:48;00:04:23;24,9;18,8;18,3;18,4;18,4;216,5;15,23;3299,8;0,13;15,2;999,6;OFF;77,40;
2026-07-25 05:37:57;00:04:32;25,1;18,8;18,3;18,4;18,4;216,5;15,23;3299,8;0,14;15,2;999,6;OFF;77,40;
2026-07-25 05:38:06;00:04:41;25,2;18,8;18,3;18,4;18,4;216,5;15,23;3299,8;0,15;15,2;999,6;OFF;77,40;
2026-07-25 05:38:15;00:04:50;25,3;18,8;18,3;18,4;18,3;216,5;15,23;3299,8;0,15;15,2;999,6;OFF;77,40;
2026-07-25 05:38:24;00:04:59;25,5;18,8;18,2;18,5;18,3;216,5;15,23;3299,8;0,16;15,2;999,6;OFF;77,40;
2026-07-25 05:38:33;00:05:08;25,6;18,8;18,3;18,5;18,2;216,5;15,23;3299,8;0,17;15,2;999,6;OFF;77,40;
2026-07-25 05:38:42;00:05:17;25,8;18,8;18,3;18,4;18,2;216,5;15,23;3299,8;0,18;15,2;999,6;OFF;77,40;
2026-07-25 05:38:51;00:05:26;25,9;18,8;18,3;18,4;18,2;216,5;15,23;3299,8;0,19;15,2;999,6;OFF;77,40;
2026-07-25 05:39:00;00:05:35;26,1;18,8;18,3;18,4;18,2;216,5;15,23;3299,8;0,20;15,2;999,6;OFF;77,40;
2026-07-25 05:39:09;00:05:44;26,2;18,8;18,3;18,4;18,1;216,5;15,23;3299,8;0,20;15,2;999,6;OFF;77,40;
2026-07-25 05:39:18;00:05:53;26,4;18,8;18,3;18,4;18,1;216,5;15,23;3299,8;0,21;15,2;999,6;OFF;77,40;
2026-07-25 05:39:27;00:06:02;26,6;18,8;18,3;18,4;18,1;216,5;15,23;3299,8;0,22;15,2;999,6;OFF;77,40;
2026-07-25 05:39:36;00:06:11;26,7;18,8;18,3;18,4;18,1;216,5;15,23;3299,8;0,23;15,2;999,6;OFF;77,40;
2026-07-25 05:39:46;00:06:21;26,9;18,8;18,3;18,4;18,1;216,5;15,23;3299,8;0,24;15,2;999,6;OFF;77,40;
2026-07-25 05:39:55;00:06:30;27,1;18,8;18,3;18,4;18,0;216,5;15,23;3299,8;0,25;15,2;999,6;OFF;77,40;
2026-07-25 05:40:04;00:06:39;27,2;18,8;18,3;18,4;18,0;216,5;15,23;3299,8;0,25;15,2;999,6;OFF;77,40;
2026-07-25 05:40:13;00:06:48;27,4;18,8;18,3;18,4;18,0;216,5;15,23;3299,8;0,26;15,2;999,6;OFF;77,40;
2026-07-25 05:40:22;00:06:57;27,5;18,8;18,3;18,4;18,0;216,5;15,23;3299,8;0,27;15,2;999,6;OFF;77,40;
2026-07-25 05:40:31;00:07:06;27,7;18,8;18,2;18,4;17,9;216,5;15,23;3299,8;0,28;15,2;999,6;OFF;77,40;
2026-07-25 05:40:40;00:07:15;27,9;18,8;18,3;18,4;17,9;216,5;15,23;3299,8;0,29;15,2;999,6;OFF;77,40;
2026-07-25 05:40:49;00:07:24;28,1;18,8;18,3;18,4;17,9;216,5;15,23;3299,8;0,29;15,2;999,6;OFF;77,40;
2026-07-25 05:40:58;00:07:33;28,2;18,8;18,3;18,4;17,9;216,5;15,23;3299,8;0,30;15,2;999,6;OFF;77,40;
2026-07-25 05:41:07;00:07:42;28,3;18,8;18,3;18,4;17,9;216,5;15,23;3299,8;0,31;15,2;999,6;OFF;77,40;
2026-07-25 05:41:16;00:07:51;28,5;18,8;18,3;18,4;17,9;216,5;15,23;3299,8;0,32;15,2;999,6;OFF;77,40;
2026-07-25 05:41:25;00:08:00;28,7;18,8;18,3;18,4;17,9;216,5;15,23;3299,8;0,33;15,2;999,6;OFF;77,40;
2026-07-25 05:41:34;00:08:09;28,9;18,8;18,3;18,4;17,9;216,5;15,23;3299,8;0,34;15,2;999,6;OFF;77,40;
2026-07-25 05:41:43;00:08:18;29,0;18,8;18,3;18,4;17,9;216,5;15,23;3299,8;0,34;15,2;999,6;OFF;77,40;
2026-07-25 05:41:53;00:08:28;29,2;18,8;18,3;18,4;17,9;216,5;15,23;3299,8;0,35;15,2;999,6;OFF;77,40;
2026-07-25 05:42:02;00:08:37;29,4;18,8;18,3;18,4;17,9;216,5;15,23;3299,8;0,36;15,2;999,6;OFF;77,40;
2026-07-25 05:42:11;00:08:46;29,5;18,8;18,3;18,4;17,9;216,5;15,23;3299,8;0,37;15,2;999,6;OFF;77,40;
2026-07-25 05:42:20;00:08:55;29,7;18,8;18,3;18,4;17,9;216,5;15,23;3299,8;0,38;15,2;999,6;OFF;77,40;
2026-07-25 05:42:29;00:09:04;29,8;18,8;18,3;18,4;17,9;216,5;15,23;3299,8;0,39;15,2;999,6;OFF;77,40;
2026-07-25 05:42:38;00:09:13;30,0;18,8;18,3;18,4;17,9;216,5;15,23;3299,8;0,39;15,2;999,6;OFF;77,40;
2026-07-25 05:42:47;00:09:22;30,2;18,8;18,3;18,4;17,9;216,5;15,23;3299,8;0,40;15,2;999,6;OFF;77,40;
2026-07-25 05:42:56;00:09:31;30,4;18,8;18,3;18,4;17,9;216,5;15,23;3299,8;0,41;15,2;999,6;OFF;77,40;
2026-07-25 05:43:05;00:09:40;30,6;18,8;18,3;18,4;17,9;216,5;15,23;3299,8;0,42;15,2;999,6;OFF;77,40;
2026-07-25 05:43:14;00:09:49;30,7;18,8;18,3;18,4;17,9;216,5;15,23;3299,8;0,43;15,2;999,6;OFF;77,40;
2026-07-25 05:43:23;00:09:58;30,9;18,8;18,3;18,4;17,9;216,5;15,23;3299,8;0,44;15,2;999,6;OFF;77,40;
2026-07-25 05:43:32;00:10:07;31,1;18,8;18,2;18,4;17,9;216,5;15,23;3299,8;0,44;15,2;999,6;OFF;77,40;
2026-07-25 05:43:41;00:10:16;31,2;18,8;18,3;18,4;17,9;216,5;15,23;3299,8;0,45;15,2;999,6;OFF;77,40;
2026-07-25 05:43:50;00:10:25;31,4;18,8;18,3;18,4;17,9;216,5;15,23;3299,8;0,46;15,2;999,6;OFF;77,40;
2026-07-25 05:43:59;00:10:34;31,5;18,8;18,3;18,4;17,9;216,5;15,23;3299,8;0,47;15,2;999,6;OFF;77,40;
2026-07-25 05:44:08;00:10:43;31,7;18,8;18,3;18,4;17,9;216,5;15,23;3299,8;0,48;15,2;999,6;OFF;77,40;
2026-07-25 05:44:17;00:10:52;31,9;18,8;18,3;18,4;17,9;216,5;15,23;3299,8;0,49;15,2;999,6;OFF;77,40;
2026-07-25 05:44:27;00:11:02;32,1;18,8;18,3;18,4;17,9;216,5;15,23;3299,8;0,49;15,2;999,6;OFF;77,40;
2026-07-25 05:44:36;00:11:11;32,2;18,8;18,3;18,4;17,9;216,5;15,23;3299,8;0,50;15,2;999,6;OFF;77,40;
2026-07-25 05:44:45;00:11:20;32,4;18,8;18,3;18,4;17,9;216,5;15,23;3299,8;0,51;15,2;999,6;OFF;77,40;
2026-07-25 05:44:54;00:11:29;32,5;18,8;18,3;18,4;17,9;216,5;15,23;3299,8;0,52;15,2;999,6;OFF;77,40;
2026-07-25 05:45:03;00:11:38;32,7;18,8;18,3;18,4;17,9;216,5;15,23;3299,8;0,53;15,2;999,6;OFF;77,40;
2026-07-25 05:45:12;00:11:47;32,9;18,8;18,3;18,4;17,9;216,5;15,23;3299,8;0,54;15,2;999,6;OFF;77,40;
2026-07-25 05:45:21;00:11:56;33,1;18,8;18,3;18,4;17,9;216,5;15,23;3299,8;0,54;15,2;999,6;OFF;77,40;
2026-07-25 05:45:30;00:12:05;33,2;18,8;18,3;18,4;17,9;216,5;15,23;3299,8;0,55;15,2;999,6;OFF;77,40;
2026-07-25 05:45:39;00:12:14;33,4;18,8;18,3;18,4;17,9;216,5;15,23;3299,8;0,56;15,2;999,6;OFF;77,40;
2026-07-25 05:45:48;00:12:23;33,6;18,8;18,3;18,4;17,9;216,5;15,23;3299,8;0,57;15,2;999,6;OFF;77,40;
2026-07-25 05:45:57;00:12:32;33,7;18,8;18,3;18,4;17,9;216,5;15,23;3299,8;0,58;15,2;999,6;OFF;77,40;
2026-07-25 05:46:06;00:12:41;33,9;18,8;18,3;18,4;17,9;216,5;15,23;3299,8;0,59;15,2;999,6;OFF;77,40;
2026-07-25 05:46:15;00:12:50;34,1;18,8;18,3;18,4;17,9;216,5;15,23;3299,8;0,59;15,2;999,6;OFF;77,40;
2026-07-25 05:46:24;00:12:59;34,2;18,8;18,3;18,4;17,9;216,5;15,23;3299,8;0,60;15,2;999,6;OFF;77,40;
2026-07-25 05:46:33;00:13:08;34,4;18,8;18,3;18,4;17,9;216,5;15,23;3299,8;0,61;15,2;999,6;OFF;77,40;
2026-07-25 05:46:42;00:13:17;34,6;18,8;18,3;18,4;17,9;216,5;15,23;3299,8;0,62;15,2;999,6;OFF;77,40;
2026-07-25 05:46:51;00:13:26;34,8;18,8;18,3;18,4;17,9;216,5;15,23;3299,8;0,63;15,2;999,6;OFF;77,40;
2026-07-25 05:47:00;00:13:35;34,9;18,8;18,3;18,4;17,9;216,5;15,23;3299,8;0,64;15,2;999,6;OFF;77,40;
2026-07-25 05:47:09;00:13:44;35,1;18,8;18,3;18,4;17,9;216,5;15,23;3299,8;0,64;15,2;999,6;OFF;77,40;
2026-07-25 05:47:18;00:13:53;35,2;18,8;18,3;18,4;17,9;216,5;15,23;3299,8;0,65;15,2;999,6;OFF;77,40;
2026-07-25 05:47:28;00:14:03;35,4;18,8;18,3;18,4;17,9;216,5;15,23;3299,8;0,66;15,2;999,6;OFF;77,40;
2026-07-25 05:47:37;00:14:12;35,6;18,8;18,3;18,4;17,9;216,5;15,23;3299,8;0,67;15,2;999,6;OFF;77,40;
2026-07-25 05:47:46;00:14:21;35,7;18,8;18,3;18,4;17,9;216,5;15,23;3299,8;0,68;15,2;999,6;OFF;77,40;
2026-07-25 05:47:55;00:14:30;35,9;18,8;18,3;18,4;17,9;216,5;15,23;3299,8;0,68;15,2;999,6;OFF;77,40;
2026-07-25 05:48:04;00:14:39;36,1;18,8;18,3;18,4;17,9;216,5;15,23;3299,8;0,69;15,2;999,6;OFF;77,40;
2026-07-25 05:48:13;00:14:48;36,2;18,8;18,3;18,4;17,9;216,5;15,23;3299,8;0,70;15,2;999,6;OFF;77,40;
2026-07-25 05:48:22;00:14:57;36,4;18,8;18,3;18,4;17,9;216,5;15,23;3299,8;0,71;15,2;999,6;OFF;77,40;
2026-07-25 05:48:31;00:15:06;36,5;18,8;18,3;18,4;17,9;216,5;15,23;3299,8;0,72;15,2;999,6;OFF;77,40;
2026-07-25 05:48:40;00:15:15;36,7;18,8;18,3;18,4;17,9;216,5;15,23;3299,8;0,73;15,2;999,6;OFF;77,40;
2026-07-25 05:48:49;00:15:24;36,9;18,8;18,3;18,4;17,9;216,5;15,23;3299,8;0,74;15,3;999,7;OFF;77,40;
2026-07-25 05:48:58;00:15:33;37,0;18,8;18,3;18,4;17,9;216,5;15,23;3299,8;0,74;15,3;999,7;OFF;77,40;
2026-07-25 05:49:07;00:15:42;37,2;18,8;18,3;18,4;17,9;216,5;15,23;3299,8;0,75;15,3;999,7;OFF;77,40;
2026-07-25 05:49:16;00:15:51;37,3;18,9;18,3;18,4;17,9;216,5;15,23;3299,8;0,76;15,3;999,7;OFF;77,40;
2026-07-25 05:49:25;00:16:00;37,5;18,9;18,3;18,4;17,9;216,5;15,23;3299,8;0,77;15,3;999,7;OFF;77,40;
2026-07-25 05:49:34;00:16:09;37,6;18,9;18,3;18,4;17,9;216,5;15,23;3299,8;0,78;15,3;999,7;OFF;77,40;
2026-07-25 05:49:43;00:16:18;37,8;18,9;18,3;18,4;17,9;216,5;15,23;3299,8;0,78;15,3;999,7;OFF;77,40;
2026-07-25 05:49:52;00:16:27;37,9;18,9;18,3;18,3;17,9;216,5;15,23;3299,8;0,79;15,3;999,7;OFF;77,40;
2026-07-25 05:50:01;00:16:36;38,1;18,9;18,3;18,4;17,9;216,5;15,23;3299,8;0,80;15,3;999,7;OFF;77,40;
2026-07-25 05:50:10;00:16:45;38,3;18,9;18,3;18,4;17,9;216,5;15,23;3299,8;0,81;15,3;999,7;OFF;77,40;
2026-07-25 05:50:20;00:16:55;38,4;18,9;18,3;18,4;17,9;216,5;15,23;3299,8;0,82;15,3;999,7;OFF;77,40;
2026-07-25 05:50:29;00:17:04;38,6;18,9;18,3;18,3;17,9;216,5;15,23;3299,8;0,83;15,3;999,7;OFF;77,40;
2026-07-25 05:50:38;00:17:13;38,8;18,9;18,3;18,3;17,9;216,5;15,23;3299,8;0,83;15,3;999,7;OFF;77,40;
2026-07-25 05:50:47;00:17:22;38,9;18,9;18,3;18,3;17,9;216,5;15,23;3299,8;0,84;15,3;999,7;OFF;77,40;
2026-07-25 05:50:56;00:17:31;39,1;18,9;18,3;18,4;17,9;216,5;15,23;3299,8;0,85;15,3;999,7;OFF;77,40;
2026-07-25 05:51:05;00:17:40;39,2;18,9;18,3;18,3;17,9;216,5;15,23;3299,8;0,86;15,3;999,7;OFF;77,40;
2026-07-25 05:51:14;00:17:49;39,4;18,9;18,3;18,3;17,9;216,5;15,23;3299,8;0,87;15,3;999,7;OFF;77,40;
2026-07-25 05:51:23;00:17:58;39,5;18,9;18,3;18,3;17,9;216,5;15,23;3299,8;0,88;15,3;999,7;OFF;77,40;
2026-07-25 05:51:32;00:18:07;39,6;18,9;18,3;18,3;17,9;216,5;15,23;3299,8;0,88;15,3;999,7;OFF;77,40;
2026-07-25 05:51:41;00:18:16;39,8;18,9;18,3;18,4;17,9;216,5;15,23;3299,8;0,89;15,3;999,7;OFF;77,40;
2026-07-25 05:51:50;00:18:25;40,0;18,9;18,3;18,4;17,9;216,5;15,23;3299,8;0,90;15,3;999,7;OFF;77,40;
2026-07-25 05:51:59;00:18:34;40,1;18,9;18,3;18,3;17,9;216,5;15,23;3299,8;0,91;15,3;999,7;OFF;77,40;
2026-07-25 05:52:08;00:18:43;40,3;18,9;18,3;18,3;17,9;216,5;15,23;3299,8;0,92;15,3;999,7;OFF;77,40;
2026-07-25 05:52:17;00:18:52;40,4;18,9;18,3;18,3;17,9;216,5;15,23;3299,8;0,93;15,3;999,7;OFF;77,40;
2026-07-25 05:52:27;00:19:02;40,6;18,9;18,3;18,3;17,9;216,5;15,23;3299,8;0,93;15,3;999,7;OFF;77,40;
2026-07-25 05:52:36;00:19:11;40,8;18,9;18,3;18,3;17,9;216,5;15,23;3299,8;0,94;15,3;999,7;OFF;77,40;
2026-07-25 05:52:45;00:19:20;40,9;18,9;18,3;18,4;17,9;216,5;15,23;3299,8;0,95;15,3;999,7;OFF;77,40;
2026-07-25 05:52:54;00:19:29;41,1;19,0;18,3;18,3;17,9;216,5;15,23;3299,8;0,96;15,3;999,7;OFF;77,40;
2026-07-25 05:53:03;00:19:38;41,3;19,0;18,3;18,3;17,9;216,5;15,23;3299,8;0,97;15,3;999,7;OFF;77,40;
2026-07-25 05:53:12;00:19:47;41,4;19,0;18,3;18,3;17,9;216,5;15,23;3299,8;0,98;15,3;999,7;OFF;77,40;
2026-07-25 05:53:21;00:19:56;41,6;19,0;18,3;18,3;17,9;216,5;15,23;3299,8;0,98;15,3;999,7;OFF;77,40;
2026-07-25 05:53:30;00:20:05;41,8;19,0;18,3;18,4;17,9;216,5;15,23;3299,8;0,99;15,3;999,7;OFF;77,40;
2026-07-25 05:53:39;00:20:14;42,0;19,0;18,3;18,3;18,0;216,5;15,23;3299,8;1,00;15,3;999,7;OFF;77,40;
2026-07-25 05:53:48;00:20:23;42,1;19,0;18,3;18,3;18,0;216,5;15,23;3299,8;1,01;15,3;999,7;OFF;77,40;
2026-07-25 05:53:57;00:20:32;42,3;19,1;18,3;18,4;18,0;216,5;15,23;3299,8;1,02;15,3;999,7;OFF;77,40;
2026-07-25 05:54:06;00:20:41;42,5;19,1;18,3;18,3;18,0;216,5;15,23;3299,8;1,03;15,3;999,7;OFF;77,40;
2026-07-25 05:54:15;00:20:50;42,7;19,1;18,3;18,3;18,0;216,5;15,23;3299,8;1,03;15,3;999,7;OFF;77,40;
2026-07-25 05:54:24;00:20:59;42,9;19,1;18,3;18,4;18,0;216,5;15,23;3299,8;1,04;15,3;999,7;OFF;77,40;
2026-07-25 05:54:34;00:21:09;43,0;19,1;18,3;18,3;18,0;216,5;15,23;3299,8;1,05;15,3;999,7;OFF;77,40;
2026-07-25 05:54:43;00:21:18;43,2;19,1;18,3;18,3;18,0;216,5;15,23;3299,8;1,06;15,3;999,7;OFF;77,40;
2026-07-25 05:54:52;00:21:27;43,4;19,1;18,3;18,3;18,0;216,5;15,23;3299,8;1,07;15,3;999,7;OFF;77,40;
2026-07-25 05:55:01;00:21:36;43,6;19,1;18,3;18,4;18,0;216,5;15,23;3299,8;1,08;15,3;999,7;OFF;77,40;
2026-07-25 05:55:10;00:21:45;43,7;19,1;18,3;18,3;18,0;216,5;15,23;3299,8;1,08;15,3;999,7;OFF;77,40;
2026-07-25 05:55:19;00:21:54;43,9;19,1;18,3;18,3;18,0;216,5;15,23;3299,8;1,09;15,3;999,7;OFF;77,40;
2026-07-25 05:55:28;00:22:03;44,1;19,1;18,3;18,3;18,0;216,5;15,23;3299,8;1,10;15,3;999,7;OFF;77,40;
2026-07-25 05:55:37;00:22:12;44,2;19,2;18,3;18,3;18,0;216,5;15,23;3299,8;1,11;15,3;999,7;OFF;77,40;
2026-07-25 05:55:46;00:22:21;44,4;19,2;18,3;18,3;18,0;216,5;15,23;3299,8;1,12;15,3;999,7;OFF;77,40;
2026-07-25 05:55:55;00:22:30;44,6;19,2;18,3;18,3;18,0;216,5;15,23;3299,8;1,12;15,3;999,7;OFF;77,40;
2026-07-25 05:56:04;00:22:39;44,8;19,2;18,3;18,3;18,0;216,5;15,23;3299,8;1,13;15,3;999,7;OFF;77,40;
2026-07-25 05:56:13;00:22:48;44,9;19,2;18,3;18,4;18,0;216,5;15,23;3299,8;1,14;15,3;999,7;OFF;77,40;
2026-07-25 05:56:22;00:22:57;45,1;19,2;18,3;18,3;18,0;216,5;15,23;3299,8;1,15;15,3;999,7;OFF;77,40;
2026-07-25 05:56:31;00:23:06;45,2;19,2;18,3;18,3;18,0;216,5;15,23;3299,8;1,16;15,3;999,7;OFF;77,40;
2026-07-25 05:56:40;00:23:15;45,4;19,2;18,3;18,4;18,0;216,5;15,23;3299,8;1,17;15,3;999,7;OFF;77,40;
2026-07-25 05:56:49;00:23:24;45,6;19,2;18,3;18,4;18,0;216,5;15,23;3299,8;1,17;15,3;999,7;OFF;77,40;
2026-07-25 05:56:58;00:23:33;45,8;19,2;18,3;18,4;18,0;216,5;15,23;3299,8;1,18;15,3;999,7;OFF;77,40;
2026-07-25 05:57:07;00:23:42;45,9;19,3;18,3;18,3;18,1;216,5;15,23;3299,8;1,19;15,3;999,7;OFF;77,40;
2026-07-25 05:57:16;00:23:51;46,1;19,3;18,3;18,4;18,0;216,5;15,23;3299,8;1,20;15,3;999,7;OFF;77,40;
2026-07-25 05:57:25;00:24:00;46,3;19,3;18,3;18,3;18,0;216,5;15,23;3299,8;1,21;15,3;999,7;OFF;77,40;
2026-07-25 05:57:34;00:24:09;46,5;19,3;18,3;18,4;18,1;216,5;15,23;3299,8;1,22;15,3;999,7;OFF;77,40;
2026-07-25 05:57:43;00:24:18;46,6;19,4;18,3;18,4;18,1;216,5;15,23;3299,8;1,22;15,3;999,7;OFF;77,40;
2026-07-25 05:57:52;00:24:27;46,8;19,4;18,3;18,4;18,1;216,5;15,23;3299,8;1,23;15,3;999,7;OFF;77,40;
2026-07-25 05:58:01;00:24:36;47,0;19,4;18,3;18,4;18,1;216,5;15,23;3299,8;1,24;15,3;999,7;OFF;77,40;
2026-07-25 05:58:10;00:24:45;47,2;19,4;18,3;18,4;18,1;216,5;15,23;3299,8;1,25;15,3;999,7;OFF;77,40;
2026-07-25 05:58:19;00:24:54;47,4;19,4;18,3;18,4;18,1;216,5;15,23;3299,8;1,26;15,3;999,7;OFF;77,40;
2026-07-25 05:58:28;00:25:03;47,5;19,4;18,3;18,4;18,1;216,5;15,23;3299,8;1,27;15,3;999,7;OFF;77,40;
2026-07-25 05:58:37;00:25:12;47,7;19,4;18,3;18,4;18,1;216,5;15,23;3299,8;1,27;15,3;999,7;OFF;77,40;
2026-07-25 05:58:47;00:25:22;47,8;19,4;18,3;18,4;18,1;216,5;15,23;3299,8;1,28;15,3;999,7;OFF;77,40;
2026-07-25 05:58:56;00:25:31;48,0;19,4;18,3;18,4;18,1;216,5;15,23;3299,8;1,29;15,3;999,7;OFF;77,40;
2026-07-25 05:59:05;00:25:40;48,2;19,5;18,3;18,4;18,1;216,5;15,23;3299,8;1,30;15,3;999,7;OFF;77,40;
2026-07-25 05:59:14;00:25:49;48,4;19,5;18,3;18,4;18,1;216,5;15,23;3299,8;1,31;15,3;999,7;OFF;77,40;
2026-07-25 05:59:23;00:25:58;48,5;19,5;18,3;18,4;18,1;216,5;15,23;3299,8;1,32;15,3;999,7;OFF;77,40;
2026-07-25 05:59:32;00:26:07;48,7;19,5;18,3;18,4;18,1;216,5;15,23;3299,8;1,32;15,3;999,7;OFF;77,40;
2026-07-25 05:59:41;00:26:16;48,9;19,5;18,3;18,4;18,1;216,5;15,23;3299,8;1,33;15,3;999,7;OFF;77,40;
2026-07-25 05:59:50;00:26:25;49,0;19,6;18,3;18,4;18,1;216,5;15,23;3299,8;1,34;15,3;999,7;OFF;77,40;
2026-07-25 05:59:59;00:26:34;49,2;19,6;18,4;18,4;18,1;216,5;15,23;3299,8;1,35;15,3;999,7;OFF;77,40;
2026-07-25 06:00:08;00:26:43;49,4;19,6;18,3;18,4;18,1;216,5;15,23;3299,8;1,36;15,3;999,7;OFF;77,40;
2026-07-25 06:00:17;00:26:52;49,6;19,6;18,3;18,4;18,1;216,5;15,23;3299,8;1,37;15,3;999,7;OFF;77,40;
2026-07-25 06:00:26;00:27:01;49,8;19,6;18,3;18,4;18,1;216,5;15,23;3299,8;1,37;15,3;999,7;OFF;77,40;
2026-07-25 06:00:35;00:27:10;49,9;19,6;18,4;18,4;18,1;216,5;15,23;3299,8;1,38;15,3;999,7;OFF;77,40;
2026-07-25 06:00:44;00:27:19;50,1;19,6;18,4;18,4;18,1;216,5;15,23;3299,8;1,39;15,3;999,7;OFF;77,40;
2026-07-25 06:00:53;00:27:28;50,2;19,6;18,4;18,4;18,1;216,5;15,23;3299,8;1,40;15,3;999,7;OFF;77,40;
2026-07-25 06:01:02;00:27:37;50,4;19,7;18,3;18,4;18,1;216,5;15,23;3299,8;1,41;15,3;999,7;OFF;77,40;
2026-07-25 06:01:11;00:27:46;50,6;19,7;18,4;18,4;18,1;216,5;15,23;3299,8;1,42;15,3;999,7;OFF;77,40;
2026-07-25 06:01:21;00:27:56;50,8;19,7;18,4;18,4;18,1;216,5;15,23;3299,8;1,42;15,3;999,7;OFF;77,40;
2026-07-25 06:01:30;00:28:05;50,9;19,8;18,3;18,4;18,1;216,5;15,23;3299,8;1,43;15,3;999,7;OFF;77,40;
2026-07-25 06:01:39;00:28:14;51,1;19,8;18,3;18,4;18,1;216,5;15,23;3299,8;1,44;15,3;999,7;OFF;77,40;
2026-07-25 06:01:48;00:28:23;51,2;19,8;18,3;18,4;18,1;216,5;15,23;3299,8;1,45;15,3;999,7;OFF;77,40;
2026-07-25 06:01:57;00:28:32;51,4;19,8;18,4;18,4;18,1;216,5;15,23;3299,8;1,46;15,3;999,7;OFF;77,40;
2026-07-25 06:02:06;00:28:41;51,5;19,8;18,4;18,4;18,1;216,5;15,23;3299,8;1,46;15,3;999,7;OFF;77,40;
2026-07-25 06:02:15;00:28:50;51,7;19,8;18,4;18,4;18,1;216,5;15,23;3299,8;1,47;15,3;999,7;OFF;77,40;
2026-07-25 06:02:24;00:28:59;51,9;19,9;18,4;18,4;18,1;216,5;15,23;3299,8;1,48;15,3;999,7;OFF;77,40;
2026-07-25 06:02:33;00:29:08;52,0;19,9;18,4;18,4;18,1;216,5;15,23;3299,8;1,49;15,3;999,7;OFF;77,40;
2026-07-25 06:02:42;00:29:17;52,2;19,9;18,4;18,4;18,1;216,5;15,23;3299,8;1,50;15,3;999,7;OFF;77,40;
2026-07-25 06:02:51;00:29:26;52,3;19,9;18,4;18,4;18,1;216,5;15,23;3299,8;1,51;15,3;999,7;OFF;77,40;
2026-07-25 06:03:01;00:29:36;52,5;19,9;18,4;18,4;18,1;216,5;15,23;3299,8;1,52;15,3;999,7;OFF;77,40;
2026-07-25 06:03:10;00:29:45;52,7;19,9;18,4;18,4;18,1;216,5;15,23;3299,8;1,52;15,3;999,7;OFF;77,40;
2026-07-25 06:03:19;00:29:54;52,9;20,0;18,4;18,4;18,1;216,5;15,23;3299,8;1,53;15,3;999,7;OFF;77,40;
2026-07-25 06:03:28;00:30:03;53,0;20,0;18,4;18,4;18,1;216,5;15,23;3299,8;1,54;15,3;999,7;OFF;77,40;
2026-07-25 06:03:37;00:30:12;53,2;20,0;18,4;18,4;18,1;216,5;15,23;3299,8;1,55;15,3;999,7;OFF;77,40;
2026-07-25 06:03:46;00:30:21;53,4;20,0;18,4;18,4;18,1;216,5;15,23;3299,8;1,56;15,3;999,7;OFF;77,40;
2026-07-25 06:03:55;00:30:30;53,5;20,1;18,4;18,4;18,1;216,5;15,23;3299,8;1,56;15,3;999,7;OFF;77,40;
2026-07-25 06:04:04;00:30:39;53,7;20,1;18,4;18,4;18,1;216,5;15,23;3299,8;1,57;15,3;999,7;OFF;77,40;
2026-07-25 06:04:13;00:30:48;53,9;20,1;18,4;18,4;18,1;216,5;15,23;3299,8;1,58;15,4;999,8;OFF;77,40;
2026-07-25 06:04:22;00:30:57;54,1;20,1;18,4;18,4;18,1;216,5;15,23;3299,8;1,59;15,4;999,8;OFF;77,40;
2026-07-25 06:04:31;00:31:06;54,2;20,1;18,4;18,4;18,1;216,5;15,23;3299,8;1,60;15,4;999,8;OFF;77,40;
2026-07-25 06:04:40;00:31:15;54,4;20,2;18,4;18,4;18,1;216,5;15,23;3299,8;1,61;15,4;999,8;OFF;77,40;
2026-07-25 06:04:49;00:31:24;54,6;20,2;18,4;18,4;18,1;216,5;15,23;3299,8;1,61;15,4;999,8;OFF;77,40;
2026-07-25 06:04:58;00:31:33;54,8;20,2;18,4;18,4;18,1;216,5;15,23;3299,8;1,62;15,4;999,8;OFF;77,40;
2026-07-25 06:05:08;00:31:43;54,9;20,2;18,4;18,4;18,1;216,5;15,23;3299,8;1,63;15,4;999,8;OFF;77,40;
2026-07-25 06:05:17;00:31:52;55,1;20,3;18,4;18,4;18,2;216,5;15,23;3299,8;1,64;15,4;999,8;OFF;77,40;
2026-07-25 06:05:26;00:32:01;55,3;20,3;18,5;18,4;18,2;216,5;15,23;3299,8;1,65;15,4;999,8;OFF;77,40;
2026-07-25 06:05:35;00:32:10;55,4;20,4;18,4;18,4;18,2;216,5;15,23;3299,8;1,66;15,4;999,8;OFF;77,40;
2026-07-25 06:05:44;00:32:19;55,6;20,4;18,4;18,4;18,2;216,5;15,23;3299,8;1,66;15,4;999,8;OFF;77,40;
2026-07-25 06:05:53;00:32:28;55,8;20,4;18,4;18,4;18,2;216,5;15,23;3299,8;1,67;15,4;999,8;OFF;77,40;
2026-07-25 06:06:02;00:32:37;55,9;20,4;18,4;18,4;18,2;216,5;15,23;3299,8;1,68;15,4;999,8;OFF;77,40;
2026-07-25 06:06:11;00:32:46;56,1;20,5;18,5;18,4;18,2;216,5;15,23;3299,8;1,69;15,4;999,8;OFF;77,40;
2026-07-25 06:06:20;00:32:55;56,3;20,5;18,4;18,4;18,1;216,5;15,23;3299,8;1,70;15,4;999,8;OFF;77,40;
2026-07-25 06:06:29;00:33:04;56,4;20,6;18,4;18,4;18,2;216,5;15,23;3299,8;1,71;15,4;999,8;OFF;77,40;
2026-07-25 06:06:38;00:33:13;56,6;20,6;18,5;18,4;18,2;216,5;15,23;3299,8;1,71;15,4;999,8;OFF;77,40;
2026-07-25 06:06:47;00:33:22;56,8;20,6;18,4;18,4;18,2;216,5;15,23;3299,8;1,72;15,4;999,8;OFF;77,40;
2026-07-25 06:06:56;00:33:31;57,0;20,6;18,5;18,4;18,2;216,5;15,23;3299,8;1,73;15,4;999,8;OFF;77,40;
2026-07-25 06:07:05;00:33:40;57,2;20,7;18,4;18,4;18,2;216,5;15,23;3299,8;1,74;15,4;999,8;OFF;77,40;
2026-07-25 06:07:15;00:33:50;57,3;20,7;18,5;18,4;18,2;216,5;15,23;3299,8;1,75;15,4;999,8;OFF;77,40;
2026-07-25 06:07:24;00:33:59;57,5;20,7;18,5;18,4;18,2;216,5;15,23;3299,8;1,76;15,4;999,8;OFF;77,40;
2026-07-25 06:07:33;00:34:08;57,7;20,8;18,5;18,4;18,2;216,5;15,23;3299,8;1,77;15,4;999,8;OFF;77,40;
2026-07-25 06:07:42;00:34:17;57,8;20,8;18,5;18,4;18,2;216,5;15,23;3299,8;1,77;15,4;999,8;OFF;77,40;
2026-07-25 06:07:51;00:34:26;58,0;20,8;18,5;18,4;18,2;216,5;15,23;3299,8;1,78;15,4;999,8;OFF;77,40;
2026-07-25 06:08:00;00:34:35;58,2;20,8;18,5;18,4;18,2;216,5;15,23;3299,8;1,79;15,4;999,8;OFF;77,40;
2026-07-25 06:08:09;00:34:44;58,4;20,9;18,5;18,4;18,2;216,5;15,23;3299,8;1,80;15,4;999,8;OFF;77,40;
2026-07-25 06:08:18;00:34:53;58,5;20,9;18,5;18,4;18,2;216,5;15,23;3299,8;1,81;15,4;999,8;OFF;77,40;
2026-07-25 06:08:27;00:35:02;58,7;20,9;18,5;18,4;18,2;216,5;15,23;3299,8;1,81;15,4;999,8;OFF;77,40;
2026-07-25 06:08:36;00:35:11;58,8;20,9;18,5;18,4;18,2;216,5;15,23;3299,8;1,82;15,4;999,8;OFF;77,40;
2026-07-25 06:08:45;00:35:20;59,0;21,0;18,5;18,4;18,2;216,5;15,23;3299,8;1,83;15,4;999,8;OFF;77,40;
2026-07-25 06:08:54;00:35:29;59,1;21,0;18,5;18,4;18,2;216,5;15,23;3299,8;1,84;15,4;999,8;OFF;77,40;
2026-07-25 06:09:03;00:35:38;59,3;21,1;18,5;18,4;18,2;216,5;15,23;3299,8;1,85;15,4;999,8;OFF;77,40;
2026-07-25 06:09:12;00:35:47;59,5;21,1;18,5;18,4;18,2;216,5;15,23;3299,8;1,86;15,4;999,8;OFF;77,40;
2026-07-25 06:09:22;00:35:57;59,6;21,1;18,5;18,4;18,2;216,5;15,23;3299,8;1,86;15,4;999,8;OFF;77,40;
2026-07-25 06:09:31;00:36:06;59,9;21,1;18,5;18,4;18,2;216,5;15,23;3299,8;1,87;15,4;999,8;OFF;77,40;
2026-07-25 06:09:40;00:36:15;60,0;21,2;18,5;18,5;18,2;216,5;15,23;3299,8;1,88;15,4;999,8;OFF;77,40;
2026-07-25 06:09:49;00:36:24;60,1;21,2;18,5;18,4;18,2;216,5;15,23;3299,8;1,89;15,4;999,8;OFF;77,40;
2026-07-25 06:09:58;00:36:33;60,3;21,2;18,5;18,5;18,2;216,5;15,23;3299,8;1,90;15,4;999,8;OFF;77,40;
2026-07-25 06:10:07;00:36:42;60,4;21,2;18,5;18,4;18,2;216,5;15,23;3299,8;1,91;15,4;999,8;OFF;77,40;
2026-07-25 06:10:16;00:36:51;60,6;21,3;18,5;18,5;18,2;216,5;15,23;3299,8;1,91;15,4;999,8;OFF;77,40;
2026-07-25 06:10:25;00:37:00;60,8;21,3;18,4;18,5;18,2;216,5;15,23;3299,8;1,92;15,4;999,8;OFF;77,40;
2026-07-25 06:10:34;00:37:09;60,9;21,4;18,5;18,5;18,2;216,5;15,23;3299,8;1,93;15,4;999,8;OFF;77,40;
2026-07-25 06:10:43;00:37:18;61,1;21,4;18,5;18,5;18,2;216,5;15,23;3299,8;1,94;15,4;999,8;OFF;77,40;
2026-07-25 06:10:52;00:37:27;61,3;21,4;18,5;18,5;18,2;216,5;15,23;3299,8;1,95;15,4;999,8;OFF;77,40;
2026-07-25 06:11:01;00:37:36;61,4;21,5;18,5;18,5;18,2;216,5;15,23;3299,8;1,96;15,4;999,8;OFF;77,40;
2026-07-25 06:11:10;00:37:45;61,6;21,6;18,5;18,5;18,2;216,5;15,23;3299,8;1,96;15,4;999,8;OFF;77,40;
2026-07-25 06:11:19;00:37:54;61,8;21,6;18,5;18,5;18,2;216,5;15,23;3299,8;1,97;15,4;999,8;OFF;77,40;
2026-07-25 06:11:29;00:38:04;61,9;21,6;18,5;18,5;18,2;216,5;15,23;3299,8;1,98;15,4;999,8;OFF;77,40;
2026-07-25 06:11:38;00:38:13;62,1;21,6;18,5;18,5;18,2;216,5;15,23;3299,8;1,99;15,4;999,8;OFF;77,40;
2026-07-25 06:11:47;00:38:22;62,2;21,7;18,5;18,5;18,2;216,5;15,23;3299,8;2,00;15,4;999,8;OFF;77,40;
2026-07-25 06:11:56;00:38:31;62,4;21,8;18,5;18,5;18,2;216,5;15,23;3299,8;2,01;15,4;999,8;OFF;77,40;
2026-07-25 06:12:05;00:38:40;62,6;21,8;18,5;18,5;18,2;216,5;15,23;3299,8;2,01;15,4;999,8;OFF;77,40;
2026-07-25 06:12:14;00:38:49;62,8;21,8;18,5;18,5;18,2;216,5;15,23;3299,8;2,02;15,4;999,8;OFF;77,40;
2026-07-25 06:12:23;00:38:58;62,9;21,9;18,5;18,5;18,2;216,5;15,23;3299,8;2,03;15,4;999,8;OFF;77,40;
2026-07-25 06:12:32;00:39:07;63,1;21,9;18,5;18,5;18,2;216,5;15,23;3299,8;2,04;15,4;999,8;OFF;77,40;
2026-07-25 06:12:41;00:39:16;63,2;21,9;18,5;18,5;18,2;216,5;15,23;3299,8;2,05;15,4;999,8;OFF;77,40;
2026-07-25 06:12:50;00:39:25;63,4;21,9;18,5;18,5;18,2;216,5;15,23;3299,8;2,06;15,4;999,8;OFF;77,40;
2026-07-25 06:12:59;00:39:34;63,6;22,0;18,5;18,5;18,2;216,5;15,23;3299,8;2,06;15,4;999,8;OFF;77,40;
2026-07-25 06:13:08;00:39:43;63,8;22,1;18,5;18,5;18,2;216,5;15,23;3299,8;2,07;15,4;999,8;OFF;77,40;
2026-07-25 06:13:17;00:39:52;63,9;22,1;18,5;18,5;18,2;216,5;15,23;3299,8;2,08;15,4;999,8;OFF;77,40;
2026-07-25 06:13:26;00:40:01;64,1;22,1;18,5;18,5;18,2;216,5;15,23;3299,8;2,09;15,4;999,8;OFF;77,40;
2026-07-25 06:13:36;00:40:11;64,2;22,1;18,5;18,5;18,2;216,5;15,23;3299,8;2,10;15,4;999,8;OFF;77,40;
2026-07-25 06:13:45;00:40:20;64,4;22,2;18,5;18,5;18,2;216,5;15,23;3299,8;2,11;15,4;999,8;OFF;77,40;
2026-07-25 06:13:54;00:40:29;64,6;22,2;18,5;18,5;18,2;216,5;15,23;3299,8;2,11;15,4;999,8;OFF;77,40;
2026-07-25 06:14:03;00:40:38;64,7;22,2;18,5;18,5;18,2;216,5;15,23;3299,8;2,12;15,4;999,8;OFF;77,40;
2026-07-25 06:14:12;00:40:47;64,9;22,3;18,5;18,5;18,2;216,5;15,23;3299,8;2,13;15,4;999,8;OFF;77,40;
2026-07-25 06:14:21;00:40:56;65,0;22,3;18,5;18,5;18,2;216,5;15,23;3299,8;2,14;15,4;999,8;OFF;77,40;
2026-07-25 06:14:30;00:41:05;65,2;22,4;18,5;18,5;18,2;216,5;15,23;3299,8;2,15;15,4;999,8;OFF;77,40;
2026-07-25 06:14:39;00:41:14;65,3;22,4;18,5;18,5;18,3;216,5;15,23;3299,8;2,16;15,4;999,8;OFF;77,40;
2026-07-25 06:14:48;00:41:23;65,5;22,5;18,6;18,5;18,3;216,5;15,23;3299,8;2,16;15,4;999,8;OFF;77,40;
2026-07-25 06:14:57;00:41:32;65,6;22,5;18,6;18,5;18,3;216,5;15,23;3299,8;2,17;15,4;999,8;OFF;77,40;
2026-07-25 06:15:06;00:41:41;65,8;22,6;18,5;18,5;18,3;216,5;15,23;3299,8;2,18;15,4;999,8;OFF;77,40;
2026-07-25 06:15:16;00:41:51;66,0;22,6;18,6;18,5;18,3;216,5;15,23;3299,8;2,19;15,4;999,8;OFF;77,40;
2026-07-25 06:15:25;00:42:00;66,1;22,7;18,5;18,5;18,3;216,5;15,23;3299,8;2,20;15,4;999,8;OFF;77,40;
2026-07-25 06:15:34;00:42:09;66,3;22,7;18,6;18,5;18,3;216,5;15,23;3299,8;2,21;15,4;999,8;OFF;77,40;
2026-07-25 06:15:43;00:42:18;66,4;22,7;18,6;18,5;18,3;216,5;15,23;3299,8;2,21;15,4;999,8;OFF;77,40;
2026-07-25 06:15:52;00:42:27;66,6;22,8;18,5;18,5;18,3;216,5;15,23;3299,8;2,22;15,4;999,8;OFF;77,40;
2026-07-25 06:16:01;00:42:36;66,8;22,8;18,6;18,5;18,3;216,5;15,23;3299,8;2,23;15,4;999,8;OFF;77,40;
2026-07-25 06:16:10;00:42:45;66,9;22,8;18,5;18,5;18,3;216,5;15,23;3299,8;2,24;15,4;999,8;OFF;77,40;
2026-07-25 06:16:19;00:42:54;67,1;22,9;18,6;18,5;18,3;216,5;15,23;3299,8;2,25;15,4;999,8;OFF;77,40;
2026-07-25 06:16:28;00:43:03;67,2;22,9;18,6;18,5;18,3;216,5;15,23;3299,8;2,26;15,4;999,8;OFF;77,40;
2026-07-25 06:16:37;00:43:12;67,4;23,0;18,6;18,5;18,3;216,5;15,23;3299,8;2,26;15,4;999,8;OFF;77,40;
2026-07-25 06:16:46;00:43:21;67,6;23,0;18,6;18,5;18,3;216,5;15,23;3299,8;2,27;15,4;999,8;OFF;77,40;
2026-07-25 06:16:55;00:43:30;67,7;23,1;18,6;18,5;18,3;216,5;15,23;3299,8;2,28;15,4;999,8;OFF;77,40;
2026-07-25 06:17:04;00:43:39;67,8;23,1;18,6;18,6;18,3;216,5;15,23;3299,8;2,29;15,4;999,8;OFF;77,40;
2026-07-25 06:17:13;00:43:48;68,0;23,1;18,5;18,6;18,3;216,5;15,23;3299,8;2,30;15,4;999,8;OFF;77,40;
2026-07-25 06:17:22;00:43:57;68,2;23,2;18,6;18,6;18,3;216,5;15,23;3299,8;2,31;15,4;999,8;OFF;77,40;
2026-07-25 06:17:31;00:44:06;68,3;23,2;18,6;18,6;18,3;216,5;15,23;3299,8;2,31;15,4;999,8;OFF;77,40;
2026-07-25 06:17:40;00:44:15;68,5;23,2;18,6;18,6;18,3;216,5;15,23;3299,8;2,32;15,4;999,8;OFF;77,40;
2026-07-25 06:17:50;00:44:25;68,6;23,3;18,6;18,6;18,3;216,5;15,23;3299,8;2,33;15,4;999,8;OFF;77,40;
2026-07-25 06:17:59;00:44:34;68,8;23,4;18,6;18,6;18,3;216,5;15,23;3299,8;2,34;15,4;999,8;OFF;77,40;
2026-07-25 06:18:08;00:44:43;68,9;23,4;18,6;18,6;18,3;216,5;15,23;3299,8;2,35;15,4;999,8;OFF;77,40;
2026-07-25 06:18:17;00:44:52;69,1;23,5;18,6;18,6;18,3;216,5;15,23;3299,8;2,36;15,4;999,8;OFF;77,40;
2026-07-25 06:18:26;00:45:01;69,2;23,5;18,6;18,6;18,3;216,5;15,23;3299,8;2,36;15,4;999,8;OFF;77,40;
2026-07-25 06:18:35;00:45:10;69,4;23,6;18,6;18,6;18,3;216,5;15,23;3299,8;2,37;15,4;999,8;OFF;77,40;
2026-07-25 06:18:44;00:45:19;69,6;23,6;18,6;18,6;18,3;216,5;15,23;3299,8;2,38;15,4;999,8;OFF;77,40;
2026-07-25 06:18:53;00:45:28;69,7;23,7;18,6;18,6;18,3;216,5;15,23;3299,8;2,39;15,4;999,8;OFF;77,40;
2026-07-25 06:19:02;00:45:37;69,9;23,8;18,6;18,6;18,4;216,5;15,23;3299,8;2,40;15,4;999,8;OFF;77,40;
2026-07-25 06:19:11;00:45:46;70,0;23,8;18,6;18,6;18,4;216,5;15,23;3299,8;2,40;15,4;999,8;OFF;77,40;
2026-07-25 06:19:20;00:45:55;70,2;23,8;18,6;18,6;18,3;216,5;15,23;3299,8;2,41;15,4;999,8;OFF;77,40;
2026-07-25 06:19:29;00:46:04;70,3;23,9;18,6;18,6;18,4;216,5;15,23;3299,8;2,42;15,4;999,8;OFF;77,40;
2026-07-25 06:19:40;00:46:15;70,4;23,9;18,6;18,7;18,4;216,5;15,23;3299,8;2,43;15,7;999,8;OFF;77,40;
2026-07-25 06:19:49;00:46:24;70,7;24,1;18,6;18,6;18,4;216,5;15,23;3299,8;2,44;15,7;999,8;OFF;77,40;
2026-07-25 06:19:59;00:46:34;70,8;24,1;18,6;18,7;18,4;216,5;15,23;3299,8;2,45;15,7;999,8;OFF;77,40;
2026-07-25 06:20:08;00:46:43;70,9;24,2;18,6;18,7;18,4;216,5;15,23;3299,8;2,46;15,7;999,8;OFF;77,40;
2026-07-25 06:20:17;00:46:52;71,1;24,2;18,6;18,7;18,4;216,5;15,23;3299,8;2,47;15,7;999,8;OFF;77,40;
2026-07-25 06:20:26;00:47:01;71,2;24,2;18,6;18,7;18,4;216,5;15,23;3299,8;2,47;15,7;999,8;OFF;77,40;
2026-07-25 06:20:35;00:47:10;71,4;24,3;18,6;18,7;18,4;216,5;15,23;3299,8;2,48;15,7;999,8;OFF;77,40;
2026-07-25 06:20:44;00:47:19;71,5;24,4;18,6;18,7;18,4;216,5;15,23;3299,8;2,49;15,7;999,8;OFF;77,40;
2026-07-25 06:20:53;00:47:28;71,6;24,4;18,6;18,7;18,4;216,5;15,23;3299,8;2,50;15,7;999,8;OFF;77,40;
2026-07-25 06:21:02;00:47:37;71,8;24,4;18,6;18,7;18,4;216,5;15,23;3299,8;2,51;15,7;999,8;OFF;77,40;
2026-07-25 06:21:11;00:47:46;71,9;24,5;18,7;18,7;18,4;216,5;15,23;3299,8;2,51;15,7;999,8;OFF;77,40;
2026-07-25 06:21:20;00:47:55;72,1;24,6;18,6;18,7;18,4;216,5;15,23;3299,8;2,52;15,7;999,8;OFF;77,40;
2026-07-25 06:21:29;00:48:04;72,2;24,6;18,6;18,7;18,4;216,5;15,23;3299,8;2,53;15,7;999,8;OFF;77,40;
2026-07-25 06:21:38;00:48:13;72,2;24,7;18,6;18,7;18,4;216,5;15,23;3299,8;2,54;15,7;999,8;OFF;77,40;
2026-07-25 06:21:47;00:48:22;72,4;24,8;18,6;18,7;18,4;216,5;15,23;3299,8;2,55;15,7;999,8;OFF;77,40;
2026-07-25 06:21:56;00:48:31;72,5;24,8;18,6;18,7;18,4;216,5;15,23;3299,8;2,56;15,7;999,8;OFF;77,40;
2026-07-25 06:22:05;00:48:40;72,6;24,9;18,6;18,7;18,4;219,0;12,79;2340,6;2,56;15,7;999,8;OFF;77,40;
2026-07-25 06:22:14;00:48:49;72,8;24,9;18,6;18,7;18,4;219,0;12,79;2340,6;2,57;15,7;999,8;OFF;77,40;
2026-07-25 06:22:23;00:48:58;72,9;25,0;18,6;18,7;18,4;219,0;12,79;2340,6;2,58;15,7;999,8;OFF;77,40;
2026-07-25 06:22:32;00:49:07;73,0;25,1;18,7;18,7;18,4;219,0;12,79;2340,6;2,58;15,7;999,8;OFF;77,40;
2026-07-25 06:22:41;00:49:16;73,1;25,1;18,6;18,7;18,4;219,0;12,79;2340,6;2,59;15,7;999,8;OFF;77,40;
2026-07-25 06:22:50;00:49:25;73,2;25,2;18,7;18,7;18,4;219,0;12,79;2340,6;2,59;15,7;999,8;OFF;77,40;
2026-07-25 06:22:59;00:49:34;73,3;25,2;18,7;18,7;18,4;219,0;12,79;2340,6;2,60;15,7;999,8;OFF;77,40;
2026-07-25 06:23:08;00:49:43;73,4;25,3;18,7;18,7;18,4;219,0;12,79;2340,6;2,60;15,7;999,8;OFF;77,40;
2026-07-25 06:23:17;00:49:52;73,6;25,4;18,7;18,7;18,4;219,0;12,79;2340,6;2,61;15,7;999,8;OFF;77,40;
2026-07-25 06:23:27;00:50:02;73,6;25,4;18,7;18,7;18,4;219,0;12,79;2340,6;2,62;15,7;999,8;OFF;77,40;
2026-07-25 06:23:36;00:50:11;73,8;25,5;18,7;18,7;18,4;219,0;12,79;2340,6;2,62;15,7;999,8;OFF;77,40;
2026-07-25 06:23:45;00:50:20;73,9;25,6;18,7;18,7;18,4;219,0;12,79;2340,6;2,63;15,7;999,8;OFF;77,40;
2026-07-25 06:23:54;00:50:29;74,0;25,7;18,7;18,7;18,4;219,0;12,79;2340,6;2,63;15,7;999,8;OFF;77,40;
2026-07-25 06:24:03;00:50:38;74,1;25,8;18,7;18,7;18,4;219,0;12,79;2340,6;2,64;15,7;999,8;OFF;77,40;
2026-07-25 06:24:12;00:50:47;74,2;25,8;18,7;18,7;18,4;219,0;12,79;2340,6;2,65;15,7;999,8;OFF;77,40;
2026-07-25 06:24:21;00:50:56;74,3;25,8;18,7;18,7;18,4;219,0;12,79;2340,6;2,65;15,7;999,8;OFF;77,40;
2026-07-25 06:24:30;00:51:05;74,4;25,9;18,8;18,7;18,4;219,0;12,79;2340,6;2,66;15,7;999,8;OFF;77,40;
2026-07-25 06:24:39;00:51:14;74,5;25,9;18,7;18,7;18,4;219,0;12,79;2340,6;2,66;15,7;999,8;OFF;77,40;
2026-07-25 06:24:48;00:51:23;74,6;26,1;18,8;18,7;18,4;219,0;12,79;2340,6;2,67;15,7;999,8;OFF;77,40;
2026-07-25 06:24:57;00:51:32;74,8;26,1;18,8;18,8;18,4;219,0;12,79;2340,6;2,68;15,7;999,8;OFF;77,40;
2026-07-25 06:25:06;00:51:41;74,8;26,2;18,7;18,8;18,4;219,0;12,79;2340,6;2,68;15,7;999,8;OFF;77,40;
2026-07-25 06:25:15;00:51:50;74,9;26,2;18,8;18,8;18,4;219,0;12,79;2340,6;2,69;15,7;999,8;OFF;77,40;
2026-07-25 06:25:24;00:51:59;75,0;26,3;18,8;18,8;18,4;219,0;12,79;2340,6;2,69;15,7;999,8;OFF;77,40;
2026-07-25 06:25:33;00:52:08;75,1;26,4;18,8;18,8;18,4;219,0;12,79;2340,6;2,70;15,7;999,8;OFF;77,40;
2026-07-25 06:25:42;00:52:17;75,2;26,5;18,7;18,8;18,4;219,0;12,79;2340,6;2,70;15,7;999,8;OFF;77,40;
2026-07-25 06:25:51;00:52:26;75,3;26,6;18,7;18,8;18,4;219,0;12,79;2340,6;2,71;15,7;999,8;OFF;77,40;
2026-07-25 06:26:00;00:52:35;75,4;26,7;18,8;18,8;18,4;219,0;12,79;2340,6;2,72;15,7;999,8;OFF;77,40;
2026-07-25 06:26:09;00:52:44;75,5;26,8;18,8;18,8;18,4;219,0;12,79;2340,6;2,72;15,7;999,8;OFF;77,40;
2026-07-25 06:26:19;00:52:54;75,6;26,8;18,8;18,8;18,4;219,0;12,79;2340,6;2,73;15,7;999,8;OFF;77,40;
2026-07-25 06:26:28;00:53:03;75,7;26,9;18,8;18,8;18,4;219,0;12,79;2340,6;2,73;15,7;999,8;OFF;77,40;
2026-07-25 06:26:37;00:53:12;75,8;27,0;18,8;18,8;18,4;219,0;12,79;2340,6;2,74;15,7;999,8;OFF;77,40;
2026-07-25 06:26:46;00:53:21;75,9;27,1;18,8;18,8;18,4;219,0;12,79;2340,6;2,75;15,7;999,8;OFF;77,40;
2026-07-25 06:26:55;00:53:30;75,9;27,2;18,8;18,8;18,4;219,0;12,79;2340,6;2,75;15,7;999,8;OFF;77,40;
2026-07-25 06:27:04;00:53:39;76,1;27,2;18,8;18,8;18,4;219,0;12,79;2340,6;2,76;15,7;999,8;OFF;77,40;
2026-07-25 06:27:13;00:53:48;76,1;27,4;18,8;18,8;18,4;219,0;12,79;2340,6;2,76;15,7;999,8;OFF;77,40;
2026-07-25 06:27:22;00:53:57;76,2;27,4;18,8;18,8;18,4;219,0;12,79;2340,6;2,77;15,7;999,8;OFF;77,40;
2026-07-25 06:27:31;00:54:06;76,3;27,5;18,8;18,8;18,4;219,0;12,79;2340,6;2,78;15,7;999,8;OFF;77,40;
2026-07-25 06:27:40;00:54:15;76,4;27,6;18,8;18,9;18,5;219,0;12,79;2340,6;2,78;15,7;999,8;OFF;77,40;
2026-07-25 06:27:49;00:54:24;76,5;27,7;18,8;18,9;18,4;219,0;12,79;2340,6;2,79;15,7;999,8;OFF;77,40;
2026-07-25 06:27:58;00:54:33;76,6;27,8;18,8;18,9;18,4;219,0;12,79;2340,6;2,79;15,7;999,8;OFF;77,40;
2026-07-25 06:28:07;00:54:42;76,7;27,9;18,8;18,9;18,5;219,0;12,79;2340,6;2,80;15,7;999,8;OFF;77,40;
2026-07-25 06:28:16;00:54:51;76,8;28,0;18,8;18,9;18,5;219,0;12,79;2340,6;2,80;15,7;999,8;OFF;77,40;
2026-07-25 06:28:26;00:55:01;76,9;28,1;18,8;18,9;18,5;219,0;12,79;2340,6;2,81;15,7;999,8;OFF;77,40;
2026-07-25 06:28:35;00:55:10;76,9;28,2;18,8;18,9;18,5;219,0;12,79;2340,6;2,82;15,7;999,8;OFF;77,40;
2026-07-25 06:28:44;00:55:19;77,1;28,2;18,8;18,9;18,5;219,0;12,79;2340,6;2,82;15,7;999,8;OFF;77,40;
2026-07-25 06:28:53;00:55:28;77,1;28,3;18,8;18,9;18,5;219,0;12,79;2340,6;2,83;15,7;999,8;OFF;77,40;
2026-07-25 06:29:02;00:55:37;77,2;28,4;18,8;18,9;18,5;219,0;12,79;2340,6;2,83;15,7;999,8;OFF;77,40;
2026-07-25 06:29:11;00:55:46;77,3;28,6;18,8;18,9;18,5;219,0;12,79;2340,6;2,84;15,7;999,8;OFF;77,40;
2026-07-25 06:29:20;00:55:55;77,4;28,6;18,8;18,9;18,5;219,0;12,79;2340,6;2,85;15,7;999,8;OFF;77,40;
2026-07-25 06:29:29;00:56:04;77,5;28,7;18,8;18,9;18,5;219,0;12,79;2340,6;2,85;15,7;999,8;OFF;77,40;
2026-07-25 06:29:38;00:56:13;77,6;28,8;18,8;18,9;18,5;219,0;12,79;2340,6;2,86;15,7;999,8;OFF;77,40;
2026-07-25 06:29:47;00:56:22;77,6;28,9;18,8;18,9;18,5;219,0;12,79;2340,6;2,86;15,7;999,8;OFF;77,40;
2026-07-25 06:29:56;00:56:31;77,7;29,0;18,8;18,9;18,5;219,0;12,79;2340,6;2,87;15,7;999,8;OFF;77,40;
2026-07-25 06:30:05;00:56:40;77,8;29,1;18,8;18,9;18,5;219,0;12,79;2340,6;2,88;15,7;999,8;OFF;77,40;
2026-07-25 06:30:14;00:56:49;77,9;29,2;18,8;18,9;18,5;219,0;12,79;2340,6;2,88;15,7;999,8;OFF;77,40;
2026-07-25 06:30:23;00:56:58;77,9;29,3;18,8;18,9;18,5;219,0;12,79;2340,6;2,89;15,7;999,8;OFF;77,40;
2026-07-25 06:30:33;00:57:08;78,0;29,4;18,9;18,9;18,5;219,0;12,79;2340,6;2,89;15,7;999,8;OFF;77,40;
2026-07-25 06:30:42;00:57:17;78,1;29,6;18,9;18,9;18,5;219,0;12,79;2340,6;2,90;15,7;999,8;OFF;77,40;
2026-07-25 06:30:51;00:57:26;78,2;29,6;18,9;18,9;18,5;219,0;12,79;2340,6;2,91;15,7;999,8;OFF;77,40;
2026-07-25 06:31:00;00:57:35;78,2;29,8;18,8;18,9;18,4;219,0;12,79;2340,6;2,91;15,7;999,8;OFF;77,40;
2026-07-25 06:31:09;00:57:44;78,3;29,8;18,9;18,9;18,4;219,0;12,79;2340,6;2,92;15,7;999,8;OFF;77,40;
2026-07-25 06:31:18;00:57:53;78,4;29,9;18,9;18,9;18,5;219,0;12,79;2340,6;2,92;15,7;999,8;OFF;77,40;
2026-07-25 06:31:27;00:58:02;78,5;30,1;18,9;18,9;18,4;219,0;12,79;2340,6;2,93;15,7;999,8;OFF;77,40;
2026-07-25 06:31:36;00:58:11;78,6;30,2;18,9;18,9;18,4;219,0;12,79;2340,6;2,93;15,7;999,8;OFF;77,40;
2026-07-25 06:31:45;00:58:20;78,6;30,3;18,9;18,9;18,4;219,0;12,79;2340,6;2,94;15,7;999,8;OFF;77,40;
2026-07-25 06:31:54;00:58:29;78,7;30,4;18,9;18,9;18,4;219,0;12,79;2340,6;2,95;15,7;999,8;OFF;77,40;
2026-07-25 06:32:03;00:58:38;78,8;30,5;18,9;18,9;18,4;219,0;12,79;2340,6;2,95;15,7;999,8;OFF;77,40;
2026-07-25 06:32:12;00:58:47;78,9;30,6;18,9;18,9;18,4;219,0;12,79;2340,6;2,96;15,7;999,8;OFF;77,40;
2026-07-25 06:32:21;00:58:56;78,9;30,7;18,9;18,9;18,4;219,0;12,79;2340,6;2,96;15,7;999,8;OFF;77,40;
2026-07-25 06:32:30;00:59:05;79,0;30,8;18,9;18,9;18,4;219,0;12,79;2340,6;2,97;15,7;999,8;OFF;77,40;
2026-07-25 06:32:39;00:59:14;79,1;30,9;18,9;18,9;18,4;219,0;12,79;2340,6;2,98;15,7;999,8;OFF;77,40;
2026-07-25 06:32:49;00:59:24;79,1;31,1;18,9;18,9;18,3;219,0;12,79;2340,6;2,98;15,7;999,8;OFF;77,40;
2026-07-25 06:32:57;00:59:32;79,2;31,2;18,9;18,9;18,3;219,0;12,79;2340,6;2,99;15,7;999,8;OFF;77,40;
2026-07-25 06:33:06;00:59:41;79,2;31,3;18,9;18,9;18,2;219,0;12,79;2340,6;2,99;15,7;999,8;OFF;77,40;
2026-07-25 06:33:16;00:59:51;79,3;31,4;18,9;18,9;18,2;219,0;12,79;2340,6;3,00;15,7;999,8;OFF;77,40;
2026-07-25 06:33:25;01:00:00;79,4;31,5;18,9;18,9;18,2;219,0;12,79;2340,6;3,01;15,7;999,8;OFF;77,40;
2026-07-25 06:33:34;01:00:09;79,4;31,6;18,9;18,9;18,2;219,0;12,79;2340,6;3,01;15,7;999,8;OFF;77,40;
2026-07-25 06:33:43;01:00:18;79,5;31,7;19,0;18,9;18,2;219,0;12,79;2340,6;3,02;15,7;999,8;OFF;77,40;
2026-07-25 06:33:52;01:00:27;79,6;31,8;19,0;18,9;18,2;219,0;12,79;2340,6;3,02;15,7;999,8;OFF;77,40;
2026-07-25 06:34:01;01:00:36;79,6;31,9;19,0;18,9;18,1;219,0;12,79;2340,6;3,03;15,7;999,8;OFF;77,40;
2026-07-25 06:34:10;01:00:45;79,6;32,0;19,0;18,9;18,1;219,0;12,79;2340,6;3,03;15,7;999,8;OFF;77,40;
2026-07-25 06:34:19;01:00:54;79,7;32,2;18,9;18,9;18,1;219,0;12,79;2340,6;3,04;15,7;999,8;OFF;77,40;
2026-07-25 06:34:28;01:01:03;79,8;32,3;18,9;18,9;18,1;219,0;12,79;2340,6;3,05;15,7;999,8;OFF;77,40;
2026-07-25 06:34:37;01:01:12;79,8;32,4;18,9;19,0;18,1;219,0;12,79;2340,6;3,05;15,7;999,8;OFF;77,40;
2026-07-25 06:34:47;01:01:22;79,8;32,5;19,0;18,9;18,1;219,0;12,79;2340,6;3,06;15,7;999,8;OFF;77,40;
2026-07-25 06:34:56;01:01:31;79,9;32,6;19,0;18,9;18,0;219,0;12,79;2340,6;3,06;15,7;999,8;OFF;77,40;
2026-07-25 06:35:05;01:01:40;79,9;32,6;19,0;18,9;17,9;219,0;12,79;2340,6;3,07;16,0;999,9;OFF;77,40;
2026-07-25 06:35:14;01:01:49;80,0;32,7;19,0;18,9;17,9;219,0;12,79;2340,6;3,08;16,0;999,9;OFF;77,40;
2026-07-25 06:35:23;01:01:58;80,0;32,8;19,0;18,9;17,9;219,0;12,79;2340,6;3,08;16,0;999,9;OFF;77,40;
2026-07-25 06:35:32;01:02:07;80,1;33,0;19,0;18,9;17,9;219,0;12,79;2340,6;3,09;16,0;999,9;OFF;77,40;
2026-07-25 06:35:41;01:02:16;80,1;33,1;19,0;18,9;17,8;219,0;12,79;2340,6;3,09;16,0;999,9;OFF;77,40;
2026-07-25 06:35:50;01:02:25;80,2;33,2;19,0;18,9;17,8;219,0;12,79;2340,6;3,10;16,0;999,9;OFF;77,40;
2026-07-25 06:35:59;01:02:34;80,2;33,4;19,0;18,9;17,7;219,0;12,79;2340,6;3,11;16,0;999,9;OFF;77,40;
2026-07-25 06:36:08;01:02:43;80,2;33,4;19,0;18,9;17,6;219,0;12,79;2340,6;3,11;16,0;999,9;OFF;77,40;
2026-07-25 06:36:17;01:02:52;80,3;33,6;19,0;18,9;17,6;219,0;12,79;2340,6;3,12;16,0;999,9;OFF;77,40;
2026-07-25 06:36:26;01:03:01;80,3;33,7;19,0;18,9;17,6;219,0;12,79;2340,6;3,12;16,0;999,9;OFF;77,40;
2026-07-25 06:36:35;01:03:10;80,4;33,8;19,0;18,9;17,4;219,0;12,79;2340,6;3,13;16,0;999,9;OFF;77,40;
2026-07-25 06:36:44;01:03:19;80,4;33,9;19,0;18,9;17,4;219,0;12,79;2340,6;3,13;16,0;999,9;OFF;77,40;
2026-07-25 06:36:53;01:03:28;80,4;34,1;19,0;18,9;17,3;219,0;12,79;2340,6;3,14;16,0;999,9;OFF;77,40;
2026-07-25 06:37:02;01:03:37;80,5;34,2;19,0;18,9;17,2;219,0;12,79;2340,6;3,15;16,0;999,9;OFF;77,40;
2026-07-25 06:37:12;01:03:47;80,5;34,3;19,0;18,9;17,2;219,0;12,79;2340,6;3,15;16,0;999,9;OFF;77,40;
2026-07-25 06:37:21;01:03:56;80,6;34,4;19,0;18,9;17,1;219,0;12,79;2340,6;3,16;16,0;999,9;OFF;77,40;
2026-07-25 06:37:30;01:04:05;80,6;34,6;19,0;18,9;17,0;219,0;12,79;2340,6;3,16;16,0;999,9;OFF;77,40;
2026-07-25 06:37:39;01:04:14;80,6;34,7;19,0;18,9;16,9;219,0;12,79;2340,6;3,17;16,0;999,9;OFF;77,40;
2026-07-25 06:37:48;01:04:23;80,6;34,8;19,0;18,9;16,9;219,0;12,79;2340,6;3,18;16,0;999,9;OFF;77,40;
2026-07-25 06:37:57;01:04:32;80,7;35,0;19,0;18,8;16,8;219,0;12,79;2340,6;3,18;16,0;999,9;OFF;77,40;
2026-07-25 06:38:06;01:04:41;80,8;35,2;19,0;18,8;16,7;219,0;12,79;2340,6;3,19;16,0;999,9;OFF;77,40;
2026-07-25 06:38:15;01:04:50;80,8;35,3;19,1;18,8;16,7;219,0;12,79;2340,6;3,19;16,0;999,9;OFF;77,40;
2026-07-25 06:38:24;01:04:59;80,8;35,4;19,0;18,8;16,6;219,0;12,79;2340,6;3,20;16,0;999,9;OFF;77,40;
2026-07-25 06:38:33;01:05:08;80,8;35,6;19,0;18,8;16,5;219,0;12,79;2340,6;3,21;16,0;999,9;OFF;77,40;
2026-07-25 06:38:42;01:05:17;80,9;35,8;19,0;18,8;16,4;219,0;12,79;2340,6;3,21;16,0;999,9;OFF;77,40;
2026-07-25 06:38:51;01:05:26;80,9;35,9;19,0;18,8;16,4;219,0;12,79;2340,6;3,22;16,0;999,9;OFF;77,40;
2026-07-25 06:39:00;01:05:35;80,9;36,1;19,1;18,7;16,2;219,0;12,79;2340,6;3,22;16,0;999,9;OFF;77,40;
2026-07-25 06:39:09;01:05:44;80,9;36,2;19,0;18,7;16,2;219,0;12,79;2340,6;3,23;16,0;999,9;OFF;77,40;
2026-07-25 06:39:18;01:05:53;81,0;36,4;19,1;18,7;16,1;219,0;12,79;2340,6;3,23;16,0;999,9;OFF;77,40;
2026-07-25 06:39:27;01:06:02;81,0;36,5;19,1;18,7;16,1;219,0;12,79;2340,6;3,24;16,0;999,9;OFF;77,40;
2026-07-25 06:39:36;01:06:11;81,0;36,7;19,1;18,7;16,0;219,0;12,79;2340,6;3,25;16,0;999,9;OFF;77,40;
2026-07-25 06:39:45;01:06:20;81,1;36,9;19,0;18,7;15,9;219,0;12,79;2340,6;3,25;16,0;999,9;OFF;77,40;
2026-07-25 06:39:54;01:06:29;81,1;37,0;19,1;18,7;15,9;219,0;12,79;2340,6;3,26;16,0;999,9;OFF;77,40;
2026-07-25 06:40:03;01:06:38;81,1;37,1;19,1;18,7;15,8;219,0;12,79;2340,6;3,26;16,0;999,9;OFF;77,40;
2026-07-25 06:40:13;01:06:48;81,1;37,2;19,1;18,7;15,8;219,0;12,79;2340,6;3,27;16,0;999,9;OFF;77,40;
2026-07-25 06:40:22;01:06:57;81,1;37,4;19,1;18,6;15,8;219,0;12,79;2340,6;3,28;16,0;999,9;OFF;77,40;
2026-07-25 06:40:31;01:07:06;81,2;37,6;19,1;18,6;15,7;219,0;12,79;2340,6;3,28;16,0;999,9;OFF;77,40;
2026-07-25 06:40:40;01:07:15;81,2;37,9;19,1;18,6;15,6;219,0;12,79;2340,6;3,29;16,0;999,9;OFF;77,40;
2026-07-25 06:40:49;01:07:24;81,2;38,1;19,1;18,6;15,6;219,0;12,79;2340,6;3,29;16,0;999,9;OFF;77,40;
2026-07-25 06:40:58;01:07:33;81,2;38,3;19,1;18,5;15,6;219,0;12,79;2340,6;3,30;16,0;999,9;OFF;77,40;
2026-07-25 06:41:07;01:07:42;81,3;38,5;19,1;18,5;15,5;219,0;12,79;2340,6;3,31;16,0;999,9;OFF;77,40;
2026-07-25 06:41:16;01:07:51;81,4;38,7;19,1;18,5;15,4;219,0;12,79;2340,6;3,31;16,0;999,9;OFF;77,40;
2026-07-25 06:41:25;01:08:00;81,4;38,9;19,1;18,5;15,4;219,0;12,79;2340,6;3,32;16,0;999,9;OFF;77,40;
2026-07-25 06:41:34;01:08:09;81,4;39,1;19,1;18,5;15,4;219,0;12,79;2340,6;3,32;16,0;999,9;OFF;77,40;
2026-07-25 06:41:43;01:08:18;81,5;39,3;19,1;18,5;15,3;219,0;12,79;2340,6;3,33;16,0;999,9;OFF;77,40;
2026-07-25 06:41:52;01:08:27;81,6;39,6;19,1;18,5;15,3;219,0;12,79;2340,6;3,34;16,0;999,9;OFF;77,40;
2026-07-25 06:42:01;01:08:36;81,6;39,9;19,1;18,5;15,2;219,0;12,79;2340,6;3,34;16,0;999,9;OFF;77,40;
2026-07-25 06:42:10;01:08:45;81,6;40,2;19,1;18,5;15,2;219,0;12,79;2340,6;3,35;16,0;999,9;OFF;77,40;
2026-07-25 06:42:19;01:08:54;81,7;40,5;19,1;18,5;15,2;219,0;12,79;2340,6;3,35;16,0;999,9;OFF;77,40;
2026-07-25 06:42:28;01:09:03;81,8;40,9;19,1;18,5;15,2;219,0;12,79;2340,6;3,36;16,0;999,9;OFF;77,40;
2026-07-25 06:42:37;01:09:12;81,8;41,2;19,1;18,5;15,2;219,0;12,79;2340,6;3,36;16,0;999,9;OFF;77,40;
2026-07-25 06:42:46;01:09:21;81,9;41,6;19,1;18,5;15,1;219,0;12,79;2340,6;3,37;16,0;999,9;OFF;77,40;
2026-07-25 06:42:55;01:09:30;81,9;42,1;19,1;18,6;15,1;219,0;12,79;2340,6;3,38;16,0;999,9;OFF;77,40;
2026-07-25 06:43:04;01:09:39;82,0;42,6;19,1;18,6;15,1;219,0;12,79;2340,6;3,38;16,0;999,9;OFF;77,40;
2026-07-25 06:43:14;01:09:49;82,1;43,2;19,1;18,7;15,1;219,0;12,79;2340,6;3,39;16,0;999,9;OFF;77,40;
2026-07-25 06:43:23;01:09:58;82,1;44,8;19,2;18,7;15,1;219,0;12,79;2340,6;3,39;16,0;999,9;OFF;77,40;
2026-07-25 06:43:32;01:10:07;82,2;47,1;19,1;18,7;15,1;219,0;12,79;2340,6;3,40;16,0;999,9;OFF;77,40;
2026-07-25 06:43:41;01:10:16;82,2;50,9;19,2;18,8;15,1;219,0;12,79;2340,6;3,41;16,0;999,9;OFF;77,40;
2026-07-25 06:43:50;01:10:25;82,3;56,1;19,2;18,8;15,1;219,0;12,79;2340,6;3,41;16,0;999,9;OFF;77,40;
2026-07-25 06:43:59;01:10:34;82,3;61,1;19,1;18,8;15,0;219,0;12,79;2340,6;3,42;16,0;999,9;OFF;77,40;
2026-07-25 06:44:08;01:10:43;82,4;65,1;19,1;18,8;15,0;219,0;12,79;2340,6;3,42;16,0;999,9;OFF;77,40;
2026-07-25 06:44:17;01:10:52;82,4;67,9;19,2;18,9;15,0;219,0;12,79;2340,6;3,43;16,0;999,9;OFF;77,40;
2026-07-25 06:44:26;01:11:01;82,5;70,2;19,2;18,9;15,0;219,0;12,79;2340,6;3,44;16,0;999,9;OFF;77,40;
2026-07-25 06:44:35;01:11:10;82,5;71,9;19,2;18,9;15,0;219,0;12,79;2340,6;3,44;16,0;999,9;OFF;77,40;
2026-07-25 06:44:44;01:11:19;82,6;73,4;19,2;18,8;15,0;219,0;12,79;2340,6;3,45;16,0;999,9;OFF;77,40;
2026-07-25 06:44:53;01:11:28;82,6;74,6;19,2;18,8;15,0;219,0;12,79;2340,6;3,45;16,0;999,9;OFF;77,40;
2026-07-25 06:45:02;01:11:37;82,6;75,6;19,2;18,9;15,0;219,0;12,79;2340,6;3,46;16,0;999,9;OFF;77,40;
2026-07-25 06:45:11;01:11:46;82,7;76,4;39,6;18,8;15,0;219,0;12,79;2340,6;3,46;16,0;999,9;OFF;77,40;
2026-07-25 06:45:21;01:11:56;82,7;77,1;54,6;18,9;15,0;219,0;12,79;2340,6;3,47;16,4;999,9;OFF;77,40;
2026-07-25 06:45:30;01:12:05;82,8;77,7;63,0;18,9;15,0;219,0;12,79;2340,6;3,48;16,4;999,9;OFF;77,40;
2026-07-25 06:45:39;01:12:14;82,8;78,1;67,9;18,9;15,0;219,0;12,79;2340,6;3,48;16,4;999,9;OFF;77,40;
2026-07-25 06:45:48;01:12:23;82,8;78,5;71,2;18,9;15,0;219,0;12,79;2340,6;3,49;16,4;999,9;OFF;77,40;
2026-07-25 06:45:57;01:12:32;82,8;78,9;73,4;18,9;15,0;219,0;12,79;2340,6;3,49;16,4;999,9;OFF;77,40;
2026-07-25 06:46:06;01:12:41;82,8;79,2;75,0;18,9;15,0;219,0;12,79;2340,6;3,50;16,4;999,9;OFF;77,40;
2026-07-25 06:46:15;01:12:50;82,9;79,5;76,2;18,9;15,0;219,0;12,79;2340,6;3,51;16,4;999,9;OFF;77,40;
2026-07-25 06:46:24;01:12:59;82,9;79,8;77,0;18,9;15,0;219,0;12,79;2340,6;3,51;16,4;999,9;OFF;77,40;
2026-07-25 06:46:33;01:13:08;82,9;79,9;77,7;18,9;15,1;219,0;12,79;2340,6;3,52;16,4;999,9;OFF;77,40;
2026-07-25 06:46:42;01:13:17;82,9;80,1;78,2;18,9;15,1;219,0;12,79;2340,6;3,52;16,4;999,9;OFF;77,40;
2026-07-25 06:46:51;01:13:26;83,0;80,3;78,6;34,0;15,1;219,0;12,79;2340,6;3,53;16,4;999,9;OFF;77,40;
2026-07-25 06:47:00;01:13:35;83,0;80,4;78,8;61,8;15,1;219,0;12,79;2340,6;3,54;16,4;999,9;OFF;77,40;
2026-07-25 06:47:09;01:13:44;83,1;80,6;79,1;71,7;15,2;219,0;12,79;2340,6;3,54;16,4;999,9;OFF;77,40;skropliky w lusterku
2026-07-25 06:47:18;01:13:53;83,1;80,8;79,3;75,4;15,5;219,0;12,79;2340,6;3,55;16,4;999,9;OFF;77,40;
2026-07-25 06:47:27;01:14:02;83,1;80,9;79,5;76,8;16,2;219,0;12,79;2340,6;3,55;16,4;999,9;OFF;77,40;
2026-07-25 06:47:36;01:14:11;83,1;81,0;79,6;77,5;17,7;219,0;12,79;2340,6;3,56;16,4;999,9;OFF;77,40;
2026-07-25 06:47:45;01:14:20;83,1;81,1;79,7;77,8;19,3;219,0;12,79;2340,6;3,56;16,4;999,9;OFF;77,40;
2026-07-25 06:47:54;01:14:29;83,1;81,1;79,8;77,9;21,0;219,0;12,79;2340,6;3,57;16,4;999,9;OFF;77,40;
2026-07-25 06:48:03;01:14:38;83,1;81,2;79,8;77,9;22,6;219,0;12,79;2340,6;3,58;16,4;999,9;OFF;77,40;
2026-07-25 06:48:12;01:14:47;83,2;81,3;79,8;77,9;24,1;219,0;12,79;2340,6;3,58;16,4;999,9;OFF;77,40;
2026-07-25 06:48:21;01:14:56;83,2;81,4;79,9;77,9;25,5;219,0;12,79;2340,6;3,59;16,4;999,9;OFF;77,40;
2026-07-25 06:48:30;01:15:05;83,2;81,4;79,9;77,9;26,9;219,0;12,79;2340,6;3,59;16,4;999,9;OFF;77,40;
2026-07-25 06:48:39;01:15:14;83,2;81,4;79,9;77,9;28,2;219,0;12,79;2340,6;3,60;16,4;999,9;OFF;77,40;
2026-07-25 06:48:49;01:15:24;83,2;81,5;80,0;77,8;29,5;219,0;12,79;2340,6;3,61;16,4;999,9;OFF;77,40;
2026-07-25 06:48:58;01:15:33;83,2;81,5;79,9;77,8;30,7;219,0;12,79;2340,6;3,61;16,4;999,9;OFF;77,40;
2026-07-25 06:49:07;01:15:42;83,2;81,5;79,8;77,7;31,6;219,0;12,79;2340,6;3,62;16,4;999,9;OFF;77,40;
2026-07-25 06:49:16;01:15:51;83,2;81,5;79,8;77,7;31,8;219,0;12,79;2340,6;3,62;16,4;999,9;OFF;77,40;obnizenie mocy do okolo 1100 W
2026-07-25 06:49:25;01:16:00;83,2;81,4;79,7;77,7;31,8;219,0;12,79;2340,6;3,63;16,4;999,9;OFF;77,40;
2026-07-25 06:49:34;01:16:09;83,3;81,4;79,6;77,7;31,6;225,8;8,57;1082,5;3,63;16,4;999,9;OFF;77,40;
2026-07-25 06:49:43;01:16:18;83,3;81,2;79,5;77,7;31,5;225,8;8,57;1082,5;3,64;16,4;999,9;OFF;77,40;
2026-07-25 06:49:52;01:16:27;83,3;81,2;79,3;77,7;31,3;225,8;8,57;1082,5;3,64;16,4;999,9;OFF;77,40;
2026-07-25 06:50:01;01:16:36;83,3;81,1;79,3;77,6;31,2;225,8;8,57;1082,5;3,64;16,4;999,9;OFF;77,40;
2026-07-25 06:50:10;01:16:45;83,3;81,0;79,2;77,6;31,0;225,8;8,57;1082,5;3,64;16,4;999,9;OFF;77,40;
2026-07-25 06:50:19;01:16:54;83,3;80,9;79,1;77,5;30,8;225,8;8,57;1082,5;3,65;16,4;999,9;OFF;77,40;
2026-07-25 06:50:28;01:17:03;83,3;80,9;79,0;77,5;30,6;225,8;8,57;1082,5;3,65;16,4;999,9;OFF;77,40;otwarcie zaworu bufora
2026-07-25 06:50:37;01:17:12;83,3;80,8;78,9;77,5;30,4;225,8;8,57;1082,5;3,65;16,4;999,9;OFF;77,40;
2026-07-25 06:50:46;01:17:21;83,3;80,8;78,8;77,5;30,1;225,8;8,57;1082,5;3,66;16,4;999,9;OFF;77,40;
2026-07-25 06:50:55;01:17:30;83,3;80,8;78,8;77,5;29,9;225,8;8,57;1082,5;3,66;16,4;999,9;OFF;77,40;
2026-07-25 06:51:04;01:17:39;83,3;80,7;78,8;77,5;29,8;225,8;8,57;1082,5;3,66;16,4;999,9;OFF;77,40;
2026-07-25 06:51:13;01:17:48;83,3;80,7;78,7;77,5;29,6;225,8;8,57;1082,5;3,66;16,4;999,9;OFF;77,40;
2026-07-25 06:51:22;01:17:57;83,3;80,7;78,7;77,5;29,4;225,8;8,57;1082,5;3,67;16,4;999,9;OFF;77,40;
2026-07-25 06:51:31;01:18:06;83,3;80,6;78,6;77,5;29,2;225,8;8,57;1082,5;3,67;16,4;999,9;OFF;77,40;
2026-07-25 06:51:41;01:18:16;83,3;80,6;78,6;77,5;29,1;225,8;8,57;1082,5;3,67;16,4;999,9;OFF;77,40;
2026-07-25 06:51:50;01:18:25;83,3;80,6;78,5;77,5;28,9;225,8;8,57;1082,5;3,67;16,4;999,9;OFF;77,40;
2026-07-25 06:51:59;01:18:34;83,3;80,6;78,4;77,5;28,8;225,8;8,57;1082,5;3,68;16,4;999,9;OFF;77,40;
2026-07-25 06:52:08;01:18:43;83,3;80,5;78,4;77,5;28,6;225,8;8,57;1082,5;3,68;16,4;999,9;OFF;77,40;
2026-07-25 06:52:17;01:18:52;83,3;80,5;78,4;77,4;28,5;225,8;8,57;1082,5;3,68;16,4;999,9;OFF;77,40;
2026-07-25 06:52:26;01:19:01;83,3;80,4;78,3;77,4;28,4;225,8;8,57;1082,5;3,69;16,4;999,9;OFF;77,40;
2026-07-25 06:52:35;01:19:10;83,3;80,4;78,3;77,4;28,2;225,8;8,57;1082,5;3,69;16,4;999,9;OFF;77,40;
2026-07-25 06:52:44;01:19:19;83,3;80,4;78,3;77,3;28,2;225,8;8,57;1082,5;3,69;16,4;999,9;OFF;77,40;
2026-07-25 06:52:53;01:19:28;83,3;80,3;78,3;77,4;28,1;225,8;8,57;1082,5;3,69;16,4;999,9;OFF;77,40;
2026-07-25 06:53:02;01:19:37;83,3;80,3;78,2;77,4;28,1;225,8;8,57;1082,5;3,70;16,4;999,9;OFF;77,40;
2026-07-25 06:53:11;01:19:46;83,3;80,2;78,2;77,4;28,0;225,8;8,57;1082,5;3,70;16,4;999,9;OFF;77,40;
2026-07-25 06:53:20;01:19:55;83,4;80,2;78,2;77,4;28,0;225,8;8,57;1082,5;3,70;16,4;999,9;OFF;77,40;
2026-07-25 06:53:29;01:20:04;83,4;80,2;78,2;77,4;27,9;225,8;8,57;1082,5;3,70;16,4;999,9;OFF;77,40;
2026-07-25 06:53:38;01:20:13;83,3;80,1;78,2;77,4;27,9;225,8;8,57;1082,5;3,71;16,4;999,9;OFF;77,40;
2026-07-25 06:53:48;01:20:23;83,3;80,1;78,1;77,4;27,9;225,8;8,57;1082,5;3,71;16,4;999,9;OFF;77,40;
2026-07-25 06:53:57;01:20:32;83,3;80,1;78,0;77,4;27,8;225,8;8,57;1082,5;3,71;16,4;999,9;OFF;77,40;
2026-07-25 06:54:06;01:20:41;83,4;80,1;78,0;77,3;27,8;225,8;8,57;1082,5;3,72;16,4;999,9;OFF;77,40;
2026-07-25 06:54:15;01:20:50;83,4;80,1;78,0;77,3;27,8;225,8;8,57;1082,5;3,72;16,4;999,9;OFF;77,40;
2026-07-25 06:54:24;01:20:59;83,4;80,1;78,0;77,3;27,7;225,8;8,57;1082,5;3,72;16,4;999,9;OFF;77,40;
2026-07-25 06:54:33;01:21:08;83,4;80,0;78,0;77,3;27,7;225,8;8,57;1082,5;3,72;16,4;999,9;OFF;77,40;
2026-07-25 06:54:42;01:21:17;83,4;80,0;77,9;77,3;27,6;225,8;8,57;1082,5;3,73;16,4;999,9;OFF;77,40;
2026-07-25 06:54:51;01:21:26;83,4;80,0;77,9;77,3;27,5;225,8;8,57;1082,5;3,73;16,4;999,9;OFF;77,40;
2026-07-25 06:55:00;01:21:35;83,4;80,0;77,9;77,3;27,4;225,8;8,57;1082,5;3,73;16,4;999,9;OFF;77,40;
2026-07-25 06:55:09;01:21:44;83,4;79,9;77,9;77,3;27,5;225,8;8,57;1082,5;3,73;16,4;999,9;OFF;77,40;
2026-07-25 06:55:18;01:21:53;83,4;79,9;77,8;77,3;27,5;225,8;8,57;1082,5;3,74;16,4;999,9;OFF;77,40;
2026-07-25 06:55:27;01:22:02;83,4;79,9;77,8;77,3;27,5;225,8;8,57;1082,5;3,74;16,4;999,9;OFF;77,40;
2026-07-25 06:55:36;01:22:11;83,4;79,9;77,8;77,3;27,6;225,8;8,57;1082,5;3,74;16,4;999,9;OFF;77,40;
2026-07-25 06:55:45;01:22:20;83,4;79,9;77,8;77,3;27,6;225,8;8,57;1082,5;3,75;16,4;999,9;OFF;77,40;
2026-07-25 06:55:55;01:22:30;83,4;79,9;77,8;77,3;27,6;222,8;8,48;1059,5;3,75;16,4;999,9;OFF;77,40;
2026-07-25 06:56:04;01:22:39;83,4;79,8;77,8;77,3;27,6;222,8;8,48;1059,5;3,75;16,4;999,9;OFF;77,40;
2026-07-25 06:56:13;01:22:48;83,4;79,8;77,8;77,3;27,6;222,8;8,48;1059,5;3,75;16,4;999,9;OFF;77,40;
2026-07-25 06:56:22;01:22:57;83,4;79,8;77,7;77,3;27,6;222,8;8,48;1059,5;3,76;16,4;999,9;OFF;77,40;
2026-07-25 06:56:31;01:23:06;83,4;79,8;77,7;77,3;27,8;222,8;8,48;1059,5;3,76;16,4;999,9;OFF;77,40;
2026-07-25 06:56:40;01:23:15;83,4;79,8;77,7;77,3;28,1;222,8;8,48;1059,5;3,76;16,4;999,9;OFF;77,40;
2026-07-25 06:56:49;01:23:24;83,4;79,8;77,7;77,3;28,4;222,8;8,48;1059,5;3,76;16,4;999,9;OFF;77,40;
2026-07-25 06:56:58;01:23:33;83,4;79,8;77,7;77,3;28,7;222,8;8,48;1059,5;3,77;16,4;999,9;OFF;77,40;
2026-07-25 06:57:07;01:23:42;83,4;79,8;77,7;77,3;28,9;222,8;8,48;1059,5;3,77;16,4;999,9;OFF;77,40;
2026-07-25 06:57:16;01:23:51;83,4;79,8;77,7;77,3;29,2;222,8;8,48;1059,5;3,77;16,4;999,9;OFF;77,40;
2026-07-25 06:57:25;01:24:00;83,4;79,8;77,6;77,3;29,6;222,8;8,48;1059,5;3,77;16,4;999,9;OFF;77,40;
2026-07-25 06:57:34;01:24:09;83,4;79,7;77,6;77,3;29,9;222,8;8,48;1059,5;3,78;16,4;999,9;OFF;77,40;
2026-07-25 06:57:43;01:24:18;83,4;79,7;77,6;77,3;30,2;222,8;8,48;1059,5;3,78;16,4;999,9;OFF;77,40;
2026-07-25 06:57:52;01:24:27;83,4;79,7;77,6;77,3;30,5;222,8;8,48;1059,5;3,78;16,4;999,9;OFF;77,40;
2026-07-25 06:58:02;01:24:37;83,4;79,7;77,6;77,3;30,8;222,8;8,48;1059,5;3,79;16,4;999,9;OFF;77,40;
2026-07-25 06:58:11;01:24:46;83,4;79,6;77,6;77,3;31,0;222,8;8,48;1059,5;3,79;16,4;999,9;OFF;77,40;
2026-07-25 06:58:20;01:24:55;83,4;79,6;77,5;77,3;31,2;222,8;8,48;1059,5;3,79;16,4;999,9;OFF;77,40;
2026-07-25 06:58:29;01:25:04;83,4;79,6;77,5;77,3;31,6;222,8;8,48;1059,5;3,79;16,4;999,9;OFF;77,40;
2026-07-25 06:58:38;01:25:13;83,4;79,6;77,5;77,3;31,8;222,8;8,48;1059,5;3,80;16,4;999,9;OFF;77,40;
2026-07-25 06:58:47;01:25:22;83,4;79,6;77,5;77,3;31,9;222,8;8,48;1059,5;3,80;16,4;999,9;OFF;77,40;
2026-07-25 06:58:56;01:25:31;83,4;79,6;77,5;77,3;32,1;222,8;8,48;1059,5;3,80;16,4;999,9;OFF;77,40;
2026-07-25 06:59:05;01:25:40;83,4;79,6;77,5;77,3;32,3;222,8;8,48;1059,5;3,80;16,4;999,9;OFF;77,40;
2026-07-25 06:59:14;01:25:49;83,4;79,6;77,5;77,3;32,6;222,8;8,48;1059,5;3,81;16,4;999,9;OFF;77,40;
2026-07-25 06:59:23;01:25:58;83,4;79,6;77,5;77,3;32,7;222,8;8,48;1059,5;3,81;16,4;999,9;OFF;77,40;
2026-07-25 06:59:32;01:26:07;83,4;79,6;77,5;77,3;32,9;222,8;8,48;1059,5;3,81;16,4;999,9;OFF;77,40;
2026-07-25 06:59:41;01:26:16;83,4;79,6;77,5;77,3;33,0;222,8;8,48;1059,5;3,81;16,4;999,9;OFF;77,40;
2026-07-25 06:59:50;01:26:25;83,4;79,5;77,5;77,3;33,1;222,8;8,48;1059,5;3,82;16,4;999,9;OFF;77,40;
2026-07-25 06:59:59;01:26:34;83,4;79,5;77,5;77,3;33,3;222,8;8,48;1059,5;3,82;16,4;999,9;OFF;77,40;
2026-07-25 07:00:08;01:26:43;83,4;79,5;77,5;77,3;33,4;222,8;8,48;1059,5;3,82;16,4;999,9;OFF;77,40;
2026-07-25 07:00:17;01:26:52;83,4;79,5;77,4;77,3;33,6;222,8;8,48;1059,5;3,83;16,4;999,9;OFF;77,40;
2026-07-25 07:00:26;01:27:01;83,4;79,5;77,4;77,3;33,6;222,8;8,48;1059,5;3,83;16,4;999,9;OFF;77,40;
2026-07-25 07:00:35;01:27:10;83,4;79,5;77,4;77,3;33,8;222,8;8,48;1059,5;3,83;16,4;999,9;OFF;77,46;
2026-07-25 07:00:45;01:27:20;83,4;79,5;77,4;77,3;33,9;222,8;8,48;1059,5;3,83;16,7;999,9;OFF;77,46;
2026-07-25 07:00:54;01:27:29;83,4;79,6;77,4;77,3;33,9;222,8;8,48;1059,5;3,84;16,7;999,9;OFF;77,46;
2026-07-25 07:01:03;01:27:38;83,4;79,6;77,4;77,3;34,1;222,8;8,48;1059,5;3,84;16,7;999,9;OFF;77,46;
2026-07-25 07:01:12;01:27:47;83,4;79,6;77,4;77,3;34,1;222,8;8,48;1059,5;3,84;16,7;999,9;OFF;77,46;
2026-07-25 07:01:21;01:27:56;83,4;79,5;77,3;77,3;34,2;222,8;8,48;1059,5;3,84;16,7;999,9;OFF;77,40;
2026-07-25 07:01:30;01:28:05;83,4;79,6;77,4;77,3;34,3;222,8;8,48;1059,5;3,85;16,7;999,9;OFF;77,40;
2026-07-25 07:01:39;01:28:14;83,4;79,6;77,3;77,3;34,4;222,8;8,48;1059,5;3,85;16,7;999,9;OFF;77,40;
2026-07-25 07:01:48;01:28:23;83,4;79,6;77,3;77,3;34,5;222,8;8,48;1059,5;3,85;16,7;999,9;OFF;77,40;
2026-07-25 07:01:57;01:28:32;83,4;79,6;77,3;77,3;34,6;222,8;8,48;1059,5;3,85;16,7;999,9;OFF;77,40;
2026-07-25 07:02:06;01:28:41;83,4;79,6;77,3;77,3;34,6;222,8;8,48;1059,5;3,86;16,7;999,9;OFF;77,40;
2026-07-25 07:02:16;01:28:51;83,4;79,5;77,3;77,3;34,7;222,8;8,48;1059,5;3,86;16,7;999,9;OFF;77,40;
2026-07-25 07:02:25;01:29:00;83,4;79,5;77,3;77,3;34,8;222,8;8,48;1059,5;3,86;16,7;999,9;OFF;77,40;
2026-07-25 07:02:34;01:29:09;83,4;79,5;77,3;77,3;34,8;222,8;8,48;1059,5;3,87;16,7;999,9;OFF;77,40;
2026-07-25 07:02:43;01:29:18;83,4;79,4;77,3;77,3;34,9;222,8;8,48;1059,5;3,87;16,7;999,9;OFF;77,40;
2026-07-25 07:02:52;01:29:27;83,4;79,5;77,3;77,3;34,9;222,8;8,48;1059,5;3,87;16,7;999,9;OFF;77,40;
2026-07-25 07:03:01;01:29:36;83,4;79,6;77,3;77,3;34,9;222,8;8,48;1059,5;3,87;16,7;999,9;OFF;77,40;
2026-07-25 07:03:10;01:29:45;83,4;79,5;77,3;77,3;35,0;222,8;8,48;1059,5;3,88;16,7;999,9;OFF;77,40;
2026-07-25 07:03:19;01:29:54;83,4;79,5;77,3;77,3;35,1;222,8;8,48;1059,5;3,88;16,7;999,9;OFF;77,40;
2026-07-25 07:03:28;01:30:03;83,4;79,5;77,3;77,3;35,1;222,8;8,48;1059,5;3,88;16,7;999,9;OFF;77,40;
2026-07-25 07:03:37;01:30:12;83,4;79,4;77,3;77,3;35,2;222,8;8,48;1059,5;3,88;16,7;999,9;OFF;77,40;
2026-07-25 07:03:46;01:30:21;83,4;79,4;77,3;77,3;35,2;222,8;8,48;1059,5;3,89;16,7;999,9;OFF;77,40;
2026-07-25 07:03:55;01:30:30;83,4;79,4;77,3;77,3;35,3;222,8;8,48;1059,5;3,89;16,7;999,9;OFF;77,40;
2026-07-25 07:04:04;01:30:39;83,4;79,4;77,3;77,3;35,4;222,8;8,48;1059,5;3,89;16,7;999,9;OFF;77,40;
2026-07-25 07:04:13;01:30:48;83,4;79,4;77,3;77,3;35,4;222,8;8,48;1059,5;3,89;16,7;999,9;OFF;77,40;
2026-07-25 07:04:23;01:30:58;83,4;79,4;77,3;77,3;35,6;222,8;8,48;1059,5;3,90;16,7;999,9;OFF;77,40;
2026-07-25 07:04:32;01:31:07;83,4;79,4;77,3;77,3;35,7;222,8;8,48;1059,5;3,90;16,7;999,9;OFF;77,40;
2026-07-25 07:04:41;01:31:16;83,4;79,4;77,3;77,3;35,7;222,8;8,48;1059,5;3,90;16,7;999,9;OFF;77,40;
2026-07-25 07:04:50;01:31:25;83,4;79,4;77,3;77,3;35,8;222,8;8,48;1059,5;3,91;16,7;999,9;OFF;77,40;
2026-07-25 07:04:59;01:31:34;83,4;79,4;77,2;77,3;35,8;222,8;8,48;1059,5;3,91;16,7;999,9;OFF;77,40;
2026-07-25 07:05:08;01:31:43;83,4;79,4;77,3;77,3;35,8;222,8;8,48;1059,5;3,91;16,7;999,9;OFF;77,40;
2026-07-25 07:05:17;01:31:52;83,4;79,4;77,3;77,3;35,9;222,8;8,48;1059,5;3,91;16,7;999,9;OFF;77,40;
2026-07-25 07:05:26;01:32:01;83,4;79,4;77,2;77,3;35,9;222,8;8,48;1059,5;3,92;16,7;999,9;OFF;77,40;
2026-07-25 07:05:35;01:32:10;83,4;79,3;77,2;77,3;36,0;222,8;8,48;1059,5;3,92;16,7;999,9;OFF;77,40;
2026-07-25 07:05:44;01:32:19;83,4;79,3;77,3;77,3;36,1;222,8;8,48;1059,5;3,92;16,7;999,9;OFF;77,40;
2026-07-25 07:05:53;01:32:28;83,4;79,3;77,2;77,3;36,1;222,8;8,48;1059,5;3,92;16,7;999,9;OFF;77,40;
2026-07-25 07:06:02;01:32:37;83,4;79,3;77,3;77,3;36,1;222,8;8,48;1059,5;3,93;16,7;999,9;OFF;77,40;
2026-07-25 07:06:11;01:32:46;83,4;79,3;77,3;77,3;36,2;222,8;8,48;1059,5;3,93;16,7;999,9;OFF;77,40;
2026-07-25 07:06:20;01:32:55;83,5;79,3;77,2;77,3;36,2;222,8;8,48;1059,5;3,93;16,7;999,9;OFF;77,40;
2026-07-25 07:06:29;01:33:04;83,4;79,3;77,2;77,2;36,3;222,8;8,48;1059,5;3,93;16,7;999,9;OFF;77,40;
2026-07-25 07:06:38;01:33:13;83,4;79,3;77,2;77,3;36,4;222,8;8,48;1059,5;3,94;16,7;999,9;OFF;77,40;
2026-07-25 07:06:48;01:33:23;83,4;79,2;77,2;77,3;36,4;222,8;8,48;1059,5;3,94;16,7;999,9;OFF;77,40;
2026-07-25 07:06:57;01:33:32;83,4;79,3;77,2;77,3;36,5;222,8;8,48;1059,5;3,94;16,7;999,9;OFF;77,40;
2026-07-25 07:07:06;01:33:41;83,4;79,3;77,2;77,3;36,6;222,8;8,48;1059,5;3,95;16,7;999,9;OFF;77,40;
2026-07-25 07:07:15;01:33:50;83,4;79,3;77,2;77,3;36,6;222,8;8,48;1059,5;3,95;16,7;999,9;OFF;77,40;
2026-07-25 07:07:24;01:33:59;83,4;79,3;77,2;77,3;36,6;222,8;8,48;1059,5;3,95;16,7;999,9;OFF;77,40;
2026-07-25 07:07:33;01:34:08;83,5;79,3;77,2;77,3;36,7;222,8;8,48;1059,5;3,95;16,7;999,9;OFF;77,40;
2026-07-25 07:07:42;01:34:17;83,4;79,3;77,2;77,3;36,8;222,8;8,48;1059,5;3,96;16,7;999,9;OFF;77,40;
2026-07-25 07:07:51;01:34:26;83,4;79,4;77,2;77,3;36,9;222,8;8,48;1059,5;3,96;16,7;999,9;OFF;77,40;
2026-07-25 07:08:00;01:34:35;83,4;79,5;77,2;77,3;36,9;222,8;8,48;1059,5;3,96;16,7;999,9;OFF;77,40;
2026-07-25 07:08:09;01:34:44;83,5;79,5;77,2;77,3;37,0;222,8;8,48;1059,5;3,96;16,7;999,9;OFF;77,40;
2026-07-25 07:08:18;01:34:53;83,4;79,5;77,2;77,3;37,1;222,8;8,48;1059,5;3,97;16,7;999,9;OFF;77,40;
2026-07-25 07:08:27;01:35:02;83,5;79,5;77,2;77,3;37,1;222,8;8,48;1059,5;3,97;16,7;999,9;OFF;77,40;
2026-07-25 07:08:36;01:35:11;83,5;79,5;77,2;77,3;37,2;222,8;8,48;1059,5;3,97;16,7;999,9;OFF;77,40;
2026-07-25 07:08:45;01:35:20;83,4;79,4;77,2;77,3;37,2;222,8;8,48;1059,5;3,97;16,7;999,9;OFF;77,40;
2026-07-25 07:08:54;01:35:29;83,4;79,4;77,2;77,3;37,3;222,8;8,48;1059,5;3,98;16,7;999,9;OFF;77,40;
2026-07-25 07:09:03;01:35:38;83,4;79,4;77,2;77,3;37,4;222,8;8,48;1059,5;3,98;16,7;999,9;OFF;77,40;
2026-07-25 07:09:12;01:35:47;83,5;79,4;77,2;77,3;37,5;222,8;8,48;1059,5;3,98;16,7;999,9;OFF;77,40;
2026-07-25 07:09:21;01:35:56;83,5;79,4;77,2;77,3;37,6;222,8;8,48;1059,5;3,99;16,7;999,9;OFF;77,40;
2026-07-25 07:09:30;01:36:05;83,5;79,4;77,2;77,3;37,8;222,8;8,48;1059,5;3,99;16,7;999,9;OFF;77,40;
2026-07-25 07:09:39;01:36:14;83,5;79,4;77,2;77,2;37,8;222,8;8,48;1059,5;3,99;16,7;999,9;OFF;77,40;
2026-07-25 07:09:49;01:36:24;83,5;79,4;77,2;77,2;37,9;222,8;8,48;1059,5;3,99;16,7;999,9;OFF;77,40;
2026-07-25 07:09:57;01:36:32;83,5;79,4;77,2;77,3;38,0;222,8;8,48;1059,5;4,00;16,7;999,9;OFF;77,40;
2026-07-25 07:10:06;01:36:41;83,5;79,4;77,2;77,2;38,1;222,8;8,48;1059,5;4,00;16,7;999,9;OFF;77,40;
2026-07-25 07:10:15;01:36:50;83,5;79,4;77,2;77,2;38,2;222,8;8,48;1059,5;4,00;16,7;999,9;OFF;77,40;
2026-07-25 07:10:24;01:36:59;83,4;79,4;77,2;77,3;38,3;222,8;8,48;1059,5;4,00;16,7;999,9;OFF;77,40;
2026-07-25 07:10:33;01:37:08;83,5;79,4;77,2;77,2;38,4;222,8;8,48;1059,5;4,01;16,7;999,9;OFF;77,40;
2026-07-25 07:10:43;01:37:18;83,5;79,4;77,2;77,2;38,3;222,8;8,48;1059,5;4,01;16,7;999,9;OFF;77,40;
2026-07-25 07:10:52;01:37:27;83,5;79,4;77,2;77,2;38,2;222,8;8,48;1059,5;4,01;16,7;999,9;OFF;77,40;
2026-07-25 07:11:01;01:37:36;83,5;79,4;77,2;77,2;37,9;222,8;8,48;1059,5;4,01;16,7;999,9;OFF;77,40;
2026-07-25 07:11:10;01:37:45;83,5;79,4;77,2;77,2;37,7;222,8;8,48;1059,5;4,02;16,7;999,9;OFF;77,40;
2026-07-25 07:11:19;01:37:54;83,5;79,3;77,2;77,2;37,4;222,8;8,48;1059,5;4,02;16,7;999,9;OFF;77,40;
2026-07-25 07:11:28;01:38:03;83,4;79,3;77,2;77,2;37,2;222,8;8,48;1059,5;4,02;16,7;999,9;OFF;77,40;
2026-07-25 07:11:37;01:38:12;83,5;79,3;77,2;77,2;37,1;222,8;8,48;1059,5;4,03;16,7;999,9;OFF;77,40;
2026-07-25 07:11:46;01:38:21;83,5;79,3;77,2;77,2;36,9;222,8;8,48;1059,5;4,03;16,7;999,9;OFF;77,40;
2026-07-25 07:11:55;01:38:30;83,5;79,4;77,2;77,2;36,8;222,8;8,48;1059,5;4,03;16,7;999,9;OFF;77,40;
2026-07-25 07:12:04;01:38:39;83,5;79,4;77,2;77,2;36,6;222,8;8,48;1059,5;4,03;16,7;999,9;OFF;77,40;
2026-07-25 07:12:13;01:38:48;83,5;79,4;77,2;77,2;36,5;222,8;8,48;1059,5;4,04;16,7;999,9;OFF;77,40;
2026-07-25 07:12:22;01:38:57;83,5;79,3;77,2;77,2;36,4;222,8;8,48;1059,5;4,04;16,7;999,9;OFF;77,40;
2026-07-25 07:12:31;01:39:06;83,5;79,3;77,2;77,2;36,2;222,8;8,48;1059,5;4,04;16,7;999,9;OFF;77,40;
2026-07-25 07:12:40;01:39:15;83,5;79,2;77,2;77,2;36,2;222,8;8,48;1059,5;4,04;16,7;999,9;OFF;77,40;
2026-07-25 07:12:50;01:39:25;83,5;79,3;77,2;77,2;36,1;222,8;8,48;1059,5;4,05;16,7;999,9;OFF;77,40;
2026-07-25 07:12:59;01:39:34;83,5;79,2;77,2;77,2;36,0;222,8;8,48;1059,5;4,05;16,7;999,9;OFF;77,40;
2026-07-25 07:13:08;01:39:43;83,5;79,2;77,2;77,2;35,9;222,8;8,48;1059,5;4,05;16,7;999,9;OFF;77,40;
2026-07-25 07:13:17;01:39:52;83,5;79,3;77,2;77,2;35,9;222,8;8,48;1059,5;4,05;16,7;999,9;OFF;77,40;
2026-07-25 07:13:26;01:40:01;83,5;79,3;77,2;77,2;35,8;222,8;8,48;1059,5;4,06;16,7;999,9;OFF;77,40;
2026-07-25 07:13:35;01:40:10;83,5;79,2;77,2;77,2;35,8;222,8;8,48;1059,5;4,06;16,7;999,9;OFF;77,40;
2026-07-25 07:13:44;01:40:19;83,5;79,2;77,2;77,2;35,7;222,8;8,48;1059,5;4,06;16,7;999,9;OFF;77,40;
2026-07-25 07:13:53;01:40:28;83,5;79,2;77,2;77,2;35,6;222,8;8,48;1059,5;4,07;16,7;999,9;OFF;77,40;
2026-07-25 07:14:02;01:40:37;83,5;79,2;77,2;77,2;35,6;222,8;8,48;1059,5;4,07;16,7;999,9;OFF;77,40;
2026-07-25 07:14:11;01:40:46;83,5;79,2;77,2;77,2;35,6;222,8;8,48;1059,5;4,07;16,7;999,9;OFF;77,40;
2026-07-25 07:14:20;01:40:55;83,4;79,2;77,2;77,2;35,5;222,8;8,48;1059,5;4,07;16,7;999,9;OFF;77,40;
2026-07-25 07:14:29;01:41:04;83,5;79,2;77,2;77,2;35,5;222,8;8,48;1059,5;4,08;16,7;999,9;OFF;77,40;
2026-07-25 07:14:38;01:41:13;83,5;79,2;77,2;77,2;35,4;222,8;8,48;1059,5;4,08;16,7;999,9;OFF;77,40;
2026-07-25 07:14:47;01:41:22;83,5;79,2;77,2;77,2;35,4;222,8;8,48;1059,5;4,08;16,7;999,9;OFF;77,40;
2026-07-25 07:14:57;01:41:32;83,5;79,2;77,2;77,2;35,4;222,8;8,48;1059,5;4,08;16,7;999,9;OFF;77,40;
2026-07-25 07:15:06;01:41:41;83,5;79,2;77,2;77,2;35,4;222,8;8,48;1059,5;4,09;16,7;999,9;OFF;77,40;
2026-07-25 07:15:15;01:41:50;83,5;79,2;77,2;77,2;35,5;222,8;8,48;1059,5;4,09;16,7;999,9;OFF;77,40;
2026-07-25 07:15:24;01:41:59;83,5;79,2;77,2;77,2;35,5;222,8;8,48;1059,5;4,09;16,7;999,9;OFF;77,40;
2026-07-25 07:15:33;01:42:08;83,5;79,2;77,2;77,2;35,6;222,8;8,48;1059,5;4,09;16,7;999,9;OFF;77,40;
2026-07-25 07:15:42;01:42:17;83,5;79,3;77,2;77,2;35,6;222,8;8,48;1059,5;4,10;16,7;999,9;OFF;77,40;
2026-07-25 07:15:51;01:42:26;83,5;79,2;77,2;77,2;35,6;222,8;8,48;1059,5;4,10;16,7;999,9;OFF;77,40;
2026-07-25 07:16:00;01:42:35;83,5;79,2;77,2;77,2;35,7;222,8;8,48;1059,5;4,10;16,7;999,9;OFF;77,40;
2026-07-25 07:16:09;01:42:44;83,5;79,2;77,2;77,2;35,7;222,8;8,48;1059,5;4,11;17,0;999,9;OFF;77,40;
2026-07-25 07:16:18;01:42:53;83,5;79,2;77,2;77,2;35,8;222,8;8,48;1059,5;4,11;17,0;999,9;OFF;77,40;
2026-07-25 07:16:27;01:43:02;83,5;79,2;77,2;77,2;35,8;222,8;8,48;1059,5;4,11;17,0;999,9;OFF;77,40;
2026-07-25 07:16:36;01:43:11;83,5;79,2;77,2;77,2;35,8;222,8;8,48;1059,5;4,11;17,0;999,9;OFF;77,40;
2026-07-25 07:16:45;01:43:20;83,5;79,3;77,2;77,2;35,9;222,8;8,48;1059,5;4,12;17,0;999,9;OFF;77,40;
2026-07-25 07:16:54;01:43:29;83,5;79,3;77,2;77,2;35,9;222,8;8,48;1059,5;4,12;17,0;999,9;OFF;77,40;
2026-07-25 07:17:03;01:43:38;83,5;79,3;77,2;77,2;36,0;222,8;8,48;1059,5;4,12;17,0;999,9;OFF;77,40;
2026-07-25 07:17:12;01:43:47;83,5;79,3;77,2;77,2;36,1;222,8;8,48;1059,5;4,12;17,0;999,9;OFF;77,40;
2026-07-25 07:17:21;01:43:56;83,5;79,3;77,2;77,2;36,1;222,8;8,48;1059,5;4,13;17,0;999,9;OFF;77,40;
2026-07-25 07:17:30;01:44:05;83,5;79,3;77,2;77,2;36,1;222,8;8,48;1059,5;4,13;17,0;999,9;OFF;77,40;
2026-07-25 07:17:39;01:44:14;83,5;79,2;77,2;77,2;36,2;222,8;8,48;1059,5;4,13;17,0;999,9;OFF;77,40;
2026-07-25 07:17:48;01:44:23;83,5;79,2;77,2;77,2;36,2;222,8;8,48;1059,5;4,13;17,0;999,9;OFF;77,40;
2026-07-25 07:17:57;01:44:32;83,5;79,2;77,2;77,2;36,2;222,8;8,48;1059,5;4,14;17,0;999,9;OFF;77,40;
2026-07-25 07:18:06;01:44:41;83,5;79,2;77,2;77,2;36,2;222,8;8,48;1059,5;4,14;17,0;999,9;OFF;77,40;
2026-07-25 07:18:15;01:44:50;83,5;79,2;77,2;77,2;36,2;222,8;8,48;1059,5;4,14;17,0;999,9;OFF;77,40;
2026-07-25 07:18:24;01:44:59;83,5;79,2;77,2;77,2;36,3;222,8;8,48;1059,5;4,15;17,0;999,9;OFF;77,40;
2026-07-25 07:18:34;01:45:09;83,5;79,2;77,2;77,2;36,3;222,8;8,48;1059,5;4,15;17,0;999,9;OFF;77,40;
2026-07-25 07:18:43;01:45:18;83,5;79,2;77,2;77,2;36,4;222,8;8,48;1059,5;4,15;17,0;999,9;OFF;77,40;
2026-07-25 07:18:52;01:45:27;83,5;79,2;77,2;77,2;36,4;222,8;8,48;1059,5;4,15;17,0;999,9;OFF;77,40;
2026-07-25 07:19:01;01:45:36;83,5;79,2;77,2;77,2;36,5;222,8;8,48;1059,5;4,16;17,0;999,9;OFF;77,40;
2026-07-25 07:19:10;01:45:45;83,5;79,2;77,1;77,2;36,6;222,8;8,48;1059,5;4,16;17,0;999,9;OFF;77,40;
2026-07-25 07:19:19;01:45:54;83,5;79,2;77,2;77,2;36,6;222,8;8,48;1059,5;4,16;17,0;999,9;OFF;77,40;
2026-07-25 07:19:28;01:46:03;83,5;79,2;77,2;77,2;36,5;222,8;8,48;1059,5;4,16;17,0;999,9;OFF;77,40;
2026-07-25 07:19:37;01:46:12;83,5;79,2;77,2;77,2;36,6;222,8;8,48;1059,5;4,17;17,0;999,9;OFF;77,40;
2026-07-25 07:19:46;01:46:21;83,5;79,2;77,2;77,2;36,6;222,8;8,48;1059,5;4,17;17,0;999,9;OFF;77,40;
2026-07-25 07:19:55;01:46:30;83,5;79,2;77,2;77,2;36,6;222,8;8,48;1059,5;4,17;17,0;999,9;OFF;77,40;
2026-07-25 07:20:04;01:46:39;83,5;79,2;77,2;77,2;36,7;222,8;8,48;1059,5;4,17;17,0;999,9;OFF;77,40;
2026-07-25 07:20:13;01:46:48;83,5;79,2;77,2;77,2;36,7;222,8;8,48;1059,5;4,18;17,0;999,9;OFF;77,40;
2026-07-25 07:20:22;01:46:57;83,5;79,2;77,1;77,2;36,7;222,8;8,48;1059,5;4,18;17,0;999,9;OFF;77,40;
2026-07-25 07:20:31;01:47:06;83,5;79,2;77,2;77,2;36,7;222,8;8,48;1059,5;4,18;17,0;999,9;OFF;77,40;
2026-07-25 07:20:40;01:47:15;83,5;79,2;77,2;77,2;36,7;222,8;8,48;1059,5;4,19;17,0;999,9;OFF;77,40;
2026-07-25 07:20:49;01:47:24;83,5;79,2;77,2;77,2;36,7;222,8;8,48;1059,5;4,19;17,0;999,9;OFF;77,40;
2026-07-25 07:20:58;01:47:33;83,5;79,2;77,2;77,2;36,6;222,8;8,48;1059,5;4,19;17,0;999,9;OFF;77,40;
2026-07-25 07:21:07;01:47:42;83,5;79,2;77,2;77,2;36,6;222,8;8,48;1059,5;4,19;17,0;999,9;OFF;77,40;
2026-07-25 07:21:17;01:47:52;83,5;79,2;77,2;77,2;36,6;222,8;8,48;1059,5;4,20;17,0;999,9;OFF;77,40;
2026-07-25 07:21:26;01:48:01;83,5;79,2;77,2;77,2;36,6;222,8;8,48;1059,5;4,20;17,0;999,9;OFF;77,40;
2026-07-25 07:21:35;01:48:10;83,5;79,3;77,2;77,2;36,6;222,8;8,48;1059,5;4,20;17,0;999,9;OFF;77,40;
2026-07-25 07:21:44;01:48:19;83,5;79,3;77,2;77,2;36,6;222,8;8,48;1059,5;4,20;17,0;999,9;OFF;77,40;
2026-07-25 07:21:53;01:48:28;83,5;79,2;77,2;77,2;36,6;222,8;8,48;1059,5;4,21;17,0;999,9;OFF;77,40;
2026-07-25 07:22:02;01:48:37;83,5;79,2;77,2;77,2;36,6;222,8;8,48;1059,5;4,21;17,0;999,9;OFF;77,40;
2026-07-25 07:22:11;01:48:46;83,5;79,3;77,1;77,2;36,6;222,8;8,48;1059,5;4,21;17,0;999,9;OFF;77,40;
2026-07-25 07:22:20;01:48:55;83,5;79,2;77,2;77,2;36,6;222,8;8,48;1059,5;4,21;17,0;999,9;OFF;77,40;
2026-07-25 07:22:29;01:49:04;83,5;79,2;77,1;77,2;36,6;222,8;8,48;1059,5;4,22;17,0;999,9;OFF;77,40;
2026-07-25 07:22:38;01:49:13;83,5;79,2;77,1;77,2;36,6;222,8;8,48;1059,5;4,22;17,0;999,9;OFF;77,40;
2026-07-25 07:22:47;01:49:22;83,5;79,2;77,2;77,2;36,6;222,8;8,48;1059,5;4,22;17,0;999,9;OFF;77,40;
2026-07-25 07:22:56;01:49:31;83,5;79,2;77,1;77,2;36,6;222,8;8,48;1059,5;4,23;17,0;999,9;OFF;77,40;
2026-07-25 07:23:05;01:49:40;83,5;79,2;77,2;77,2;36,7;222,8;8,48;1059,5;4,23;17,0;999,9;OFF;77,40;
2026-07-25 07:23:14;01:49:49;83,5;79,2;77,2;77,2;36,7;222,8;8,48;1059,5;4,23;17,0;999,9;OFF;77,40;
2026-07-25 07:23:24;01:49:59;83,5;79,2;77,1;77,2;36,7;222,8;8,48;1059,5;4,23;17,0;999,9;OFF;77,40;
2026-07-25 07:23:33;01:50:08;83,5;79,2;77,2;77,2;36,7;222,8;8,48;1059,5;4,24;17,0;999,9;OFF;77,40;
2026-07-25 07:23:42;01:50:17;83,5;79,2;77,2;77,2;36,7;222,8;8,48;1059,5;4,24;17,0;999,9;OFF;77,40;
2026-07-25 07:23:51;01:50:26;83,5;79,1;77,2;77,2;36,7;222,8;8,48;1059,5;4,24;17,0;999,9;OFF;77,40;
2026-07-25 07:24:00;01:50:35;83,5;79,1;77,2;77,2;36,8;222,8;8,48;1059,5;4,24;17,0;999,9;OFF;77,40;
2026-07-25 07:24:09;01:50:44;83,5;79,2;77,2;77,2;36,8;222,8;8,48;1059,5;4,25;17,0;999,9;OFF;77,40;
2026-07-25 07:24:18;01:50:53;83,5;79,1;77,1;77,2;36,8;222,8;8,48;1059,5;4,25;17,0;999,9;OFF;77,40;
2026-07-25 07:24:27;01:51:02;83,5;79,1;77,2;77,2;36,7;222,8;8,48;1059,5;4,25;17,0;999,9;OFF;77,40;
2026-07-25 07:24:36;01:51:11;83,5;79,1;77,1;77,2;36,7;222,8;8,48;1059,5;4,25;17,0;999,9;OFF;77,40;
2026-07-25 07:24:45;01:51:20;83,5;79,1;77,2;77,2;36,7;222,8;8,48;1059,5;4,26;17,0;999,9;OFF;77,40;
2026-07-25 07:24:54;01:51:29;83,5;79,1;77,2;77,2;36,7;222,8;8,48;1059,5;4,26;17,0;999,9;OFF;77,40;
2026-07-25 07:25:03;01:51:38;83,5;79,1;77,1;77,2;36,7;222,8;8,48;1059,5;4,26;17,0;999,9;OFF;77,40;
2026-07-25 07:25:12;01:51:47;83,5;79,1;77,2;77,2;36,7;222,8;8,48;1059,5;4,27;17,0;999,9;OFF;77,40;
2026-07-25 07:25:21;01:51:56;83,5;79,1;77,1;77,2;36,8;222,8;8,48;1059,5;4,27;17,0;999,9;OFF;77,40;
2026-07-25 07:25:31;01:52:06;83,5;79,1;77,2;77,2;36,8;222,8;8,48;1059,5;4,27;17,0;999,9;OFF;77,40;
2026-07-25 07:25:40;01:52:15;83,5;79,1;77,2;77,2;36,8;222,8;8,48;1059,5;4,27;17,0;999,9;OFF;77,40;
2026-07-25 07:25:49;01:52:24;83,5;79,1;77,2;77,2;36,8;222,8;8,48;1059,5;4,28;17,0;999,9;OFF;77,40;
2026-07-25 07:25:58;01:52:33;83,5;79,1;77,2;77,2;36,8;222,8;8,48;1059,5;4,28;17,0;999,9;OFF;77,40;
2026-07-25 07:26:07;01:52:42;83,5;79,1;77,2;77,2;36,8;222,8;8,48;1059,5;4,28;17,0;999,9;OFF;77,40;
2026-07-25 07:26:16;01:52:51;83,5;79,1;77,2;77,2;36,8;222,8;8,48;1059,5;4,28;17,0;999,9;OFF;77,40;
2026-07-25 07:26:25;01:53:00;83,5;79,1;77,1;77,2;36,7;222,8;8,48;1059,5;4,29;17,0;999,9;OFF;77,40;Startodbioru przedgonow 5ml/min
2026-07-25 07:26:34;01:53:09;83,5;79,1;77,2;77,2;36,7;222,8;8,48;1059,5;4,29;17,0;999,9;OFF;77,40;
2026-07-25 07:26:43;01:53:18;83,5;79,1;77,2;77,2;36,7;222,8;8,48;1059,5;4,29;17,0;999,9;OFF;77,40;
2026-07-25 07:26:52;01:53:27;83,5;79,1;77,2;77,2;36,6;222,8;8,48;1059,5;4,29;17,0;999,9;OFF;77,40;
2026-07-25 07:27:01;01:53:36;83,5;79,1;77,2;77,2;36,6;222,8;8,48;1059,5;4,30;17,0;999,9;OFF;77,40;
2026-07-25 07:27:10;01:53:45;83,5;79,1;77,2;77,2;36,6;222,8;8,48;1059,5;4,30;17,0;999,9;OFF;77,40;
2026-07-25 07:27:19;01:53:54;83,5;79,1;77,2;77,2;36,6;222,8;8,48;1059,5;4,30;17,0;999,9;OFF;77,40;
2026-07-25 07:27:28;01:54:03;83,5;79,1;77,2;77,2;36,6;222,8;8,48;1059,5;4,31;17,0;999,9;OFF;77,40;
2026-07-25 07:27:38;01:54:13;83,5;79,2;77,2;77,2;36,6;222,8;8,48;1059,5;4,31;17,0;999,9;OFF;77,40;
2026-07-25 07:27:47;01:54:22;83,5;79,2;77,1;77,2;36,6;222,8;8,48;1059,5;4,31;17,0;999,9;OFF;77,40;
2026-07-25 07:27:56;01:54:31;83,5;79,2;77,1;77,2;36,6;222,8;8,48;1059,5;4,31;17,0;999,9;OFF;77,40;
2026-07-25 07:28:05;01:54:40;83,5;79,2;77,2;77,2;36,6;222,8;8,48;1059,5;4,32;17,0;999,9;OFF;77,40;
2026-07-25 07:28:14;01:54:49;83,5;79,2;77,2;77,2;36,6;222,8;8,48;1059,5;4,32;17,0;999,9;OFF;77,40;
2026-07-25 07:28:23;01:54:58;83,5;79,2;77,2;77,2;36,6;222,8;8,48;1059,5;4,32;17,0;999,9;OFF;77,40;
2026-07-25 07:28:32;01:55:07;83,5;79,2;77,2;77,2;36,5;222,8;8,48;1059,5;4,32;17,0;999,9;OFF;77,40;
2026-07-25 07:28:41;01:55:16;83,5;79,2;77,2;77,3;36,5;222,8;8,48;1059,5;4,33;17,0;999,9;OFF;77,40;
2026-07-25 07:28:50;01:55:25;83,5;79,2;77,2;77,3;36,5;222,8;8,48;1059,5;4,33;17,0;999,9;OFF;77,40;
2026-07-25 07:28:59;01:55:34;83,5;79,2;77,2;77,2;36,5;222,8;8,48;1059,5;4,33;17,0;999,9;OFF;77,40;
2026-07-25 07:29:08;01:55:43;83,5;79,2;77,2;77,3;36,5;222,8;8,48;1059,5;4,33;17,0;999,9;OFF;77,40;
2026-07-25 07:29:17;01:55:52;83,5;79,2;77,2;77,3;36,5;222,8;8,48;1059,5;4,34;17,0;999,9;OFF;77,40;
2026-07-25 07:29:26;01:56:01;83,5;79,2;77,1;77,3;36,5;222,8;8,48;1059,5;4,34;17,0;999,9;OFF;77,40;
2026-07-25 07:29:35;01:56:10;83,5;79,2;77,2;77,3;36,5;222,8;8,48;1059,5;4,34;17,0;999,9;OFF;77,40;
2026-07-25 07:29:44;01:56:19;83,5;79,2;77,2;77,3;36,5;222,8;8,48;1059,5;4,35;17,0;999,9;OFF;77,40;
2026-07-25 07:29:53;01:56:28;83,5;79,2;77,2;77,3;36,6;222,8;8,48;1059,5;4,35;17,0;999,9;OFF;77,40;
2026-07-25 07:30:02;01:56:37;83,5;79,2;77,2;77,3;36,6;222,8;8,48;1059,5;4,35;17,0;999,9;OFF;77,40;
2026-07-25 07:30:11;01:56:46;83,5;79,2;77,2;77,3;36,6;222,8;8,48;1059,5;4,35;17,0;999,9;OFF;77,40;
2026-07-25 07:30:20;01:56:55;83,5;79,4;77,2;77,3;36,6;222,8;8,48;1059,5;4,36;17,0;999,9;OFF;77,15;
2026-07-25 07:30:29;01:57:04;83,5;79,4;77,2;77,3;36,6;222,8;8,48;1059,5;4,36;17,0;999,9;OFF;77,15;
2026-07-25 07:30:38;01:57:13;83,5;79,4;77,2;77,3;36,6;222,8;8,48;1059,5;4,36;17,0;999,9;OFF;77,15;
2026-07-25 07:30:47;01:57:22;83,5;79,4;77,2;77,3;36,6;222,8;8,48;1059,5;4,36;17,0;999,9;OFF;77,15;
2026-07-25 07:30:56;01:57:31;83,5;79,4;77,2;77,3;36,6;222,8;8,48;1059,5;4,37;17,0;999,9;OFF;77,15;
2026-07-25 07:31:05;01:57:40;83,5;79,4;77,2;77,3;36,6;222,8;8,48;1059,5;4,37;17,0;999,9;OFF;77,15;
2026-07-25 07:31:14;01:57:49;83,5;79,4;77,2;77,3;36,6;222,8;8,48;1059,5;4,37;17,0;999,9;OFF;77,15;
2026-07-25 07:31:23;01:57:58;83,5;79,4;77,2;77,3;36,6;222,8;8,48;1059,5;4,37;17,0;999,9;OFF;77,15;
2026-07-25 07:31:33;01:58:08;83,5;79,4;77,2;77,3;36,6;222,8;8,48;1059,5;4,38;17,2;999,8;OFF;77,15;
2026-07-25 07:31:42;01:58:17;83,5;79,4;77,2;77,3;36,6;222,8;8,48;1059,5;4,38;17,2;999,8;OFF;77,15;
2026-07-25 07:31:51;01:58:26;83,5;79,4;77,2;77,3;36,6;222,8;8,48;1059,5;4,38;17,2;999,8;OFF;77,15;
2026-07-25 07:32:00;01:58:35;83,5;79,4;77,2;77,3;36,6;222,8;8,48;1059,5;4,39;17,2;999,8;OFF;77,15;
2026-07-25 07:32:09;01:58:44;83,5;79,4;77,2;77,3;36,7;222,8;8,48;1059,5;4,39;17,2;999,8;OFF;77,15;
2026-07-25 07:32:18;01:58:53;83,5;79,4;77,2;77,3;36,7;222,8;8,48;1059,5;4,39;17,2;999,8;OFF;77,15;
2026-07-25 07:32:27;01:59:02;83,5;79,4;77,2;77,3;36,7;222,8;8,48;1059,5;4,39;17,2;999,8;OFF;77,15;
2026-07-25 07:32:36;01:59:11;83,5;79,4;77,2;77,3;36,8;222,8;8,48;1059,5;4,40;17,2;999,8;OFF;77,15;
2026-07-25 07:32:45;01:59:20;83,5;79,4;77,2;77,3;36,8;222,8;8,48;1059,5;4,40;17,2;999,8;OFF;77,15;
2026-07-25 07:32:54;01:59:29;83,5;79,4;77,2;77,3;36,8;222,8;8,48;1059,5;4,40;17,2;999,8;OFF;77,15;
2026-07-25 07:33:03;01:59:38;83,5;79,4;77,2;77,3;36,8;222,8;8,48;1059,5;4,40;17,2;999,8;OFF;77,15;
2026-07-25 07:33:12;01:59:47;83,5;79,4;77,2;77,3;36,8;222,8;8,48;1059,5;4,41;17,2;999,8;OFF;77,15;
2026-07-25 07:33:21;01:59:56;83,5;79,4;77,2;77,3;36,8;222,8;8,48;1059,5;4,41;17,2;999,8;OFF;77,15;
2026-07-25 07:33:30;02:00:05;83,5;79,6;77,2;77,3;36,9;222,8;8,48;1059,5;4,41;17,2;999,8;OFF;77,15;
2026-07-25 07:33:39;02:00:14;83,5;79,6;77,2;77,3;36,9;222,8;8,48;1059,5;4,41;17,2;999,8;OFF;77,15;
2026-07-25 07:33:48;02:00:23;83,5;79,6;77,2;77,3;36,9;222,8;8,48;1059,5;4,42;17,2;999,8;OFF;77,15;
2026-07-25 07:33:58;02:00:33;83,5;79,6;77,2;77,3;36,9;222,8;8,48;1059,5;4,42;17,2;999,8;OFF;77,15;
2026-07-25 07:34:07;02:00:42;83,5;79,6;77,2;77,3;37,0;222,8;8,48;1059,5;4,42;17,2;999,8;OFF;77,15;
2026-07-25 07:34:16;02:00:51;83,5;79,6;77,2;77,3;37,0;222,8;8,48;1059,5;4,43;17,2;999,8;OFF;77,15;
2026-07-25 07:34:25;02:01:00;83,5;79,5;77,2;77,3;37,0;222,8;8,48;1059,5;4,43;17,2;999,8;OFF;77,15;
2026-07-25 07:34:34;02:01:09;83,5;79,5;77,2;77,3;37,1;222,8;8,48;1059,5;4,43;17,2;999,8;OFF;77,15;
2026-07-25 07:34:43;02:01:18;83,5;79,5;77,2;77,3;37,1;222,8;8,48;1059,5;4,43;17,2;999,8;OFF;77,15;
2026-07-25 07:34:52;02:01:27;83,5;79,5;77,2;77,3;37,1;222,8;8,48;1059,5;4,44;17,2;999,8;OFF;77,15;
2026-07-25 07:35:01;02:01:36;83,5;79,5;77,2;77,3;37,1;222,8;8,48;1059,5;4,44;17,2;999,8;OFF;77,15;
2026-07-25 07:35:10;02:01:45;83,5;79,5;77,2;77,3;37,2;222,8;8,48;1059,5;4,44;17,2;999,8;OFF;77,15;
2026-07-25 07:35:19;02:01:54;83,5;79,5;77,2;77,3;37,2;222,8;8,48;1059,5;4,44;17,2;999,8;OFF;77,15;
2026-07-25 07:35:28;02:02:03;83,5;79,6;77,2;77,3;37,3;222,8;8,48;1059,5;4,45;17,2;999,8;OFF;77,15;
2026-07-25 07:35:37;02:02:12;83,5;79,6;77,2;77,3;37,3;222,8;8,48;1059,5;4,45;17,2;999,8;OFF;77,15;
2026-07-25 07:35:46;02:02:21;83,5;79,6;77,2;77,3;37,4;222,8;8,48;1059,5;4,45;17,2;999,8;OFF;77,15;
2026-07-25 07:35:55;02:02:30;83,5;79,6;77,2;77,3;37,4;222,8;8,48;1059,5;4,45;17,2;999,8;OFF;77,15;
2026-07-25 07:36:04;02:02:39;83,5;79,6;77,2;77,3;37,4;222,8;8,48;1059,5;4,46;17,2;999,8;OFF;77,15;
2026-07-25 07:36:13;02:02:48;83,5;79,6;77,2;77,3;37,4;222,8;8,48;1059,5;4,46;17,2;999,8;OFF;77,15;
2026-07-25 07:36:23;02:02:58;83,5;79,6;77,2;77,3;37,4;222,8;8,48;1059,5;4,46;17,2;999,8;OFF;77,15;
2026-07-25 07:36:32;02:03:07;83,5;79,6;77,2;77,3;37,5;222,8;8,48;1059,5;4,47;17,2;999,8;OFF;77,15;
2026-07-25 07:36:41;02:03:16;83,5;79,5;77,2;77,3;37,6;222,8;8,48;1059,5;4,47;17,2;999,8;OFF;77,15;
2026-07-25 07:36:50;02:03:25;83,6;79,5;77,2;77,3;37,6;222,8;8,48;1059,5;4,47;17,2;999,8;OFF;77,15;
2026-07-25 07:36:59;02:03:34;83,5;79,5;77,2;77,3;37,6;222,8;8,48;1059,5;4,47;17,2;999,8;OFF;77,15;
2026-07-25 07:37:08;02:03:43;83,5;79,5;77,2;77,3;37,6;222,8;8,48;1059,5;4,48;17,2;999,8;OFF;77,15;
2026-07-25 07:37:17;02:03:52;83,5;79,5;77,2;77,3;37,7;222,8;8,48;1059,5;4,48;17,2;999,8;OFF;77,15;
2026-07-25 07:37:26;02:04:01;83,5;79,5;77,2;77,3;37,8;222,8;8,48;1059,5;4,48;17,2;999,8;OFF;77,15;
2026-07-25 07:37:35;02:04:10;83,5;79,5;77,2;77,3;37,8;222,8;8,48;1059,5;4,48;17,2;999,8;OFF;77,15;
2026-07-25 07:37:44;02:04:19;83,5;79,5;77,2;77,3;37,8;222,8;8,48;1059,5;4,49;17,2;999,8;OFF;77,15;
2026-07-25 07:37:53;02:04:28;83,5;79,5;77,2;77,3;37,8;222,8;8,48;1059,5;4,49;17,2;999,8;OFF;77,15;
2026-07-25 07:38:02;02:04:37;83,6;79,5;77,2;77,3;37,9;222,8;8,48;1059,5;4,49;17,2;999,8;OFF;77,15;
2026-07-25 07:38:11;02:04:46;83,5;79,5;77,2;77,3;37,9;222,8;8,48;1059,5;4,49;17,2;999,8;OFF;77,15;
2026-07-25 07:38:21;02:04:56;83,5;79,5;77,2;77,3;38,0;222,8;8,48;1059,5;4,50;17,2;999,8;OFF;77,15;
2026-07-25 07:38:30;02:05:05;83,5;79,5;77,2;77,3;38,1;222,8;8,48;1059,5;4,50;17,2;999,8;OFF;77,15;
2026-07-25 07:38:39;02:05:14;83,5;79,5;77,2;77,3;38,1;222,8;8,48;1059,5;4,50;17,2;999,8;OFF;77,15;
2026-07-25 07:38:48;02:05:23;83,5;79,5;77,2;77,3;38,2;222,8;8,48;1059,5;4,51;17,2;999,8;OFF;77,15;
2026-07-25 07:38:57;02:05:32;83,6;79,5;77,2;77,3;38,2;222,8;8,48;1059,5;4,51;17,2;999,8;OFF;77,15;
2026-07-25 07:39:06;02:05:41;83,6;79,4;77,2;77,3;38,2;222,8;8,48;1059,5;4,51;17,2;999,8;OFF;77,15;
2026-07-25 07:39:15;02:05:50;83,5;79,5;77,2;77,3;38,2;222,8;8,48;1059,5;4,51;17,2;999,8;OFF;77,15;
2026-07-25 07:39:24;02:05:59;83,6;79,5;77,2;77,3;38,2;222,8;8,48;1059,5;4,52;17,2;999,8;OFF;77,15;
2026-07-25 07:39:33;02:06:08;83,6;79,4;77,2;77,3;38,3;222,8;8,48;1059,5;4,52;17,2;999,8;OFF;77,15;
2026-07-25 07:39:42;02:06:17;83,5;79,4;77,2;77,3;38,3;222,8;8,48;1059,5;4,52;17,2;999,8;OFF;77,15;
2026-07-25 07:39:51;02:06:26;83,5;79,4;77,2;77,3;38,4;222,8;8,48;1059,5;4,52;17,2;999,8;OFF;77,15;
2026-07-25 07:40:00;02:06:35;83,5;79,4;77,2;77,3;38,4;222,8;8,48;1059,5;4,53;17,2;999,8;OFF;77,15;
2026-07-25 07:40:09;02:06:44;83,6;79,4;77,2;77,3;38,4;222,8;8,48;1059,5;4,53;17,2;999,8;OFF;77,15;
2026-07-25 07:40:18;02:06:53;83,5;79,4;77,2;77,3;38,5;222,8;8,48;1059,5;4,53;17,2;999,8;OFF;77,15;
2026-07-25 07:40:27;02:07:02;83,6;79,4;77,2;77,3;38,5;222,8;8,48;1059,5;4,53;17,2;999,8;OFF;77,15;
2026-07-25 07:40:36;02:07:11;83,6;79,4;77,2;77,3;38,6;222,8;8,48;1059,5;4,54;17,2;999,8;OFF;77,15;
2026-07-25 07:40:45;02:07:20;83,6;79,4;77,2;77,3;38,6;222,8;8,48;1059,5;4,54;17,2;999,8;OFF;77,15;
2026-07-25 07:40:54;02:07:29;83,5;79,4;77,2;77,3;38,6;222,8;8,48;1059,5;4,54;17,2;999,8;OFF;77,15;
2026-07-25 07:41:03;02:07:38;83,6;79,4;77,2;77,3;38,6;222,8;8,48;1059,5;4,55;17,2;999,8;OFF;77,15;
2026-07-25 07:41:12;02:07:47;83,6;79,4;77,2;77,3;38,7;222,8;8,48;1059,5;4,55;17,2;999,8;OFF;77,15;
2026-07-25 07:41:21;02:07:56;83,6;79,4;77,2;77,3;38,7;222,8;8,48;1059,5;4,55;17,2;999,8;OFF;77,15;
2026-07-25 07:41:30;02:08:05;83,5;79,4;77,2;77,3;38,8;222,8;8,48;1059,5;4,55;17,2;999,8;OFF;77,15;
2026-07-25 07:41:39;02:08:14;83,6;79,4;77,2;77,3;38,8;222,8;8,48;1059,5;4,56;17,2;999,8;OFF;77,15;
2026-07-25 07:41:49;02:08:24;83,6;79,4;77,2;77,3;38,9;222,8;8,48;1059,5;4,56;17,2;999,8;OFF;77,15;
2026-07-25 07:41:58;02:08:33;83,5;79,4;77,2;77,3;38,9;222,8;8,48;1059,5;4,56;17,2;999,8;OFF;77,15;
2026-07-25 07:42:07;02:08:42;83,6;79,4;77,2;77,3;38,9;222,8;8,48;1059,5;4,56;17,2;999,8;OFF;77,15;
2026-07-25 07:42:16;02:08:51;83,6;79,4;77,2;77,3;38,9;222,8;8,48;1059,5;4,57;17,2;999,8;OFF;77,15;
2026-07-25 07:42:25;02:09:00;83,6;79,4;77,2;77,3;39,0;222,8;8,48;1059,5;4,57;17,2;999,8;OFF;77,15;
2026-07-25 07:42:34;02:09:09;83,6;79,4;77,2;77,3;39,1;222,8;8,48;1059,5;4,57;17,2;999,8;OFF;77,15;
2026-07-25 07:42:43;02:09:18;83,6;79,4;77,2;77,3;39,1;222,8;8,48;1059,5;4,57;17,2;999,8;OFF;77,15;
2026-07-25 07:42:52;02:09:27;83,6;79,4;77,2;77,3;39,2;222,8;8,48;1059,5;4,58;17,2;999,8;OFF;77,15;
2026-07-25 07:43:01;02:09:36;83,5;79,5;77,2;77,3;39,2;222,8;8,48;1059,5;4,58;17,2;999,8;OFF;77,15;
2026-07-25 07:43:10;02:09:45;83,6;79,5;77,2;77,3;39,2;222,8;8,48;1059,5;4,58;17,2;999,8;OFF;77,15;
2026-07-25 07:43:19;02:09:54;83,6;79,5;77,2;77,3;39,4;222,8;8,48;1059,5;4,59;17,2;999,8;OFF;77,15;
2026-07-25 07:43:28;02:10:03;83,5;79,5;77,2;77,3;39,4;222,8;8,48;1059,5;4,59;17,2;999,8;OFF;77,15;
2026-07-25 07:43:37;02:10:12;83,5;79,5;77,2;77,3;39,5;222,8;8,48;1059,5;4,59;17,2;999,8;OFF;77,15;
2026-07-25 07:43:46;02:10:21;83,6;79,5;77,2;77,3;39,5;222,8;8,48;1059,5;4,59;17,2;999,8;OFF;77,15;
2026-07-25 07:43:55;02:10:30;83,6;79,5;77,2;77,3;39,4;222,8;8,48;1059,5;4,60;17,2;999,8;OFF;77,15;
2026-07-25 07:44:04;02:10:39;83,6;79,5;77,2;77,3;39,1;222,8;8,48;1059,5;4,60;17,2;999,8;OFF;77,15;
2026-07-25 07:44:13;02:10:48;83,6;79,5;77,2;77,3;38,9;222,8;8,48;1059,5;4,60;17,2;999,8;OFF;77,15;
2026-07-25 07:44:22;02:10:57;83,6;79,5;77,2;77,3;38,8;222,8;8,48;1059,5;4,60;17,2;999,8;OFF;77,15;
2026-07-25 07:44:32;02:11:07;83,5;79,5;77,2;77,3;38,6;222,8;8,48;1059,5;4,61;17,2;999,8;OFF;77,15;
2026-07-25 07:44:41;02:11:16;83,5;79,5;77,2;77,3;38,4;222,8;8,48;1059,5;4,61;17,2;999,8;OFF;77,15;
2026-07-25 07:44:50;02:11:25;83,6;79,5;77,2;77,3;38,2;222,8;8,48;1059,5;4,61;17,2;999,8;OFF;77,15;
2026-07-25 07:44:59;02:11:34;83,5;79,5;77,2;77,3;38,1;222,8;8,48;1059,5;4,61;17,2;999,8;OFF;77,15;
2026-07-25 07:45:08;02:11:43;83,5;79,5;77,2;77,3;37,9;222,8;8,48;1059,5;4,62;17,2;999,8;OFF;77,15;
2026-07-25 07:45:17;02:11:52;83,6;79,5;77,2;77,3;37,8;222,8;8,48;1059,5;4,62;17,2;999,8;OFF;77,15;
2026-07-25 07:45:26;02:12:01;83,6;79,5;77,2;77,3;37,7;222,8;8,48;1059,5;4,62;17,2;999,8;OFF;77,15;
2026-07-25 07:45:35;02:12:10;83,6;79,5;77,2;77,3;37,5;222,8;8,48;1059,5;4,63;17,2;999,8;OFF;77,15;
2026-07-25 07:45:44;02:12:19;83,6;79,5;77,2;77,3;37,4;222,8;8,48;1059,5;4,63;17,2;999,8;OFF;77,15;
2026-07-25 07:45:53;02:12:28;83,6;79,5;77,2;77,3;37,2;222,8;8,48;1059,5;4,63;17,2;999,8;OFF;77,15;
2026-07-25 07:46:02;02:12:37;83,6;79,5;77,2;77,3;37,1;222,8;8,48;1059,5;4,63;17,2;999,8;OFF;77,15;
2026-07-25 07:46:11;02:12:46;83,6;79,5;77,2;77,3;37,1;222,8;8,48;1059,5;4,64;17,2;999,8;OFF;77,15;
2026-07-25 07:46:20;02:12:55;83,6;79,5;77,2;77,3;36,9;222,8;8,48;1059,5;4,64;17,2;999,8;OFF;77,15;
2026-07-25 07:46:29;02:13:04;83,6;79,5;77,2;77,3;36,9;222,8;8,48;1059,5;4,64;17,2;999,8;OFF;77,15;
2026-07-25 07:46:38;02:13:13;83,6;79,5;77,2;77,3;36,8;222,8;8,48;1059,5;4,64;17,2;999,8;OFF;77,15;
2026-07-25 07:46:47;02:13:22;83,6;79,5;77,2;77,3;36,8;222,8;8,48;1059,5;4,65;17,2;999,8;OFF;77,15;
2026-07-25 07:46:57;02:13:32;83,6;79,5;77,2;77,3;36,7;222,8;8,48;1059,5;4,65;17,3;999,8;OFF;77,15;
2026-07-25 07:47:06;02:13:41;83,5;79,5;77,2;77,3;36,7;222,8;8,48;1059,5;4,65;17,3;999,8;OFF;77,15;
2026-07-25 07:47:15;02:13:50;83,6;79,5;77,2;77,3;36,6;222,8;8,48;1059,5;4,65;17,3;999,8;OFF;77,15;
2026-07-25 07:47:24;02:13:59;83,6;79,5;77,2;77,3;36,6;222,8;8,48;1059,5;4,66;17,3;999,8;OFF;77,15;
2026-07-25 07:47:33;02:14:08;83,6;79,5;77,2;77,3;36,5;222,8;8,48;1059,5;4,66;17,3;999,8;OFF;77,15;
2026-07-25 07:47:42;02:14:17;83,6;79,5;77,2;77,3;36,4;222,8;8,48;1059,5;4,66;17,3;999,8;OFF;77,15;
2026-07-25 07:47:51;02:14:26;83,6;79,5;77,2;77,3;36,4;222,8;8,48;1059,5;4,67;17,3;999,8;OFF;77,15;
2026-07-25 07:48:00;02:14:35;83,6;79,5;77,2;77,3;36,4;222,8;8,48;1059,5;4,67;17,3;999,8;OFF;77,15;
2026-07-25 07:48:09;02:14:44;83,6;79,5;77,2;77,3;36,4;222,8;8,48;1059,5;4,67;17,3;999,8;OFF;77,15;
2026-07-25 07:48:18;02:14:53;83,6;79,5;77,2;77,3;36,3;222,8;8,48;1059,5;4,67;17,3;999,8;OFF;77,15;
2026-07-25 07:48:27;02:15:02;83,6;79,5;77,2;77,3;36,3;222,8;8,48;1059,5;4,68;17,3;999,8;OFF;77,15;
2026-07-25 07:48:36;02:15:11;83,6;79,5;77,2;77,3;36,2;222,8;8,48;1059,5;4,68;17,3;999,8;OFF;77,15;
2026-07-25 07:48:45;02:15:20;83,6;79,5;77,2;77,3;36,2;222,8;8,48;1059,5;4,68;17,3;999,8;OFF;77,15;Koniec150 ml
2026-07-25 07:48:54;02:15:29;83,6;79,4;77,2;77,3;36,2;222,8;8,48;1059,5;4,68;17,3;999,8;OFF;77,15;
2026-07-25 07:49:03;02:15:38;83,6;79,5;77,2;77,3;36,2;222,8;8,48;1059,5;4,69;17,3;999,8;OFF;77,15;
2026-07-25 07:49:12;02:15:47;83,6;79,5;77,2;77,3;36,2;222,8;8,48;1059,5;4,69;17,3;999,8;OFF;77,15;
2026-07-25 07:49:21;02:15:56;83,6;79,5;77,2;77,3;36,2;222,8;8,48;1059,5;4,69;17,3;999,8;OFF;77,15;
2026-07-25 07:49:30;02:16:05;83,6;79,5;77,2;77,3;36,2;222,8;8,48;1059,5;4,69;17,3;999,8;OFF;77,15;
2026-07-25 07:49:39;02:16:14;83,6;79,5;77,2;77,3;36,2;222,8;8,48;1059,5;4,70;17,3;999,8;OFF;77,15;
2026-07-25 07:49:48;02:16:23;83,6;79,5;77,2;77,3;36,2;222,8;8,48;1059,5;4,70;17,3;999,8;OFF;77,15;
2026-07-25 07:49:57;02:16:32;83,6;79,5;77,2;77,3;36,2;222,8;8,48;1059,5;4,70;17,3;999,8;OFF;77,15;
2026-07-25 07:50:06;02:16:41;83,6;79,5;77,2;77,3;36,2;222,8;8,48;1059,5;4,71;17,3;999,8;OFF;77,15;
2026-07-25 07:50:15;02:16:50;83,6;79,5;77,2;77,3;36,2;222,8;8,48;1059,5;4,71;17,3;999,8;OFF;77,15;
2026-07-25 07:50:24;02:16:59;83,6;79,5;77,2;77,3;36,2;222,8;8,48;1059,5;4,71;17,3;999,8;OFF;77,15;
2026-07-25 07:50:33;02:17:08;83,6;79,5;77,2;77,3;36,2;222,8;8,48;1059,5;4,71;17,3;999,8;OFF;77,15;
2026-07-25 07:50:42;02:17:17;83,6;79,5;77,2;77,3;36,2;222,8;8,48;1059,5;4,72;17,3;999,8;OFF;77,15;
2026-07-25 07:50:52;02:17:27;83,6;79,5;77,2;77,3;36,2;222,8;8,48;1059,5;4,72;17,3;999,8;OFF;77,15;
2026-07-25 07:51:01;02:17:36;83,6;79,5;77,2;77,3;36,2;222,8;8,48;1059,5;4,72;17,3;999,8;OFF;77,15;
2026-07-25 07:51:10;02:17:45;83,6;79,5;77,2;77,3;36,2;222,8;8,48;1059,5;4,72;17,3;999,8;OFF;77,15;
2026-07-25 07:51:19;02:17:54;83,6;79,5;77,2;77,3;36,3;222,8;8,48;1059,5;4,73;17,3;999,8;OFF;77,15;
2026-07-25 07:51:28;02:18:03;83,6;79,5;77,2;77,3;36,3;222,8;8,48;1059,5;4,73;17,3;999,8;OFF;77,15;
2026-07-25 07:51:37;02:18:12;83,6;79,5;77,2;77,3;36,3;222,8;8,48;1059,5;4,73;17,3;999,8;OFF;77,15;
2026-07-25 07:51:46;02:18:21;83,6;79,5;77,2;77,3;36,4;222,8;8,48;1059,5;4,73;17,3;999,8;OFF;77,15;
2026-07-25 07:51:55;02:18:30;83,6;79,5;77,2;77,3;36,4;222,8;8,48;1059,5;4,74;17,3;999,8;OFF;77,15;
2026-07-25 07:52:04;02:18:39;83,6;79,5;77,2;77,3;36,4;222,8;8,48;1059,5;4,74;17,3;999,7;OFF;77,15;
2026-07-25 07:52:13;02:18:48;83,6;79,5;77,2;77,3;36,5;222,8;8,48;1059,5;4,74;17,3;999,7;OFF;77,15;
2026-07-25 07:52:22;02:18:57;83,6;79,5;77,2;77,3;36,5;222,8;8,48;1059,5;4,75;17,3;999,7;OFF;77,15;
2026-07-25 07:52:31;02:19:06;83,6;79,5;77,2;77,3;36,6;222,8;8,48;1059,5;4,75;17,3;999,7;OFF;77,15;
2026-07-25 07:52:40;02:19:15;83,6;79,5;77,2;77,3;36,6;222,8;8,48;1059,5;4,75;17,3;999,7;OFF;77,15;
2026-07-25 07:52:49;02:19:24;83,6;79,5;77,2;77,3;36,6;222,8;8,48;1059,5;4,75;17,3;999,7;OFF;77,15;
2026-07-25 07:52:59;02:19:34;83,6;79,5;77,2;77,3;36,7;222,8;8,48;1059,5;4,76;17,3;999,7;OFF;77,15;
2026-07-25 07:53:08;02:19:43;83,6;79,5;77,2;77,3;36,7;222,8;8,48;1059,5;4,76;17,3;999,7;OFF;77,15;
2026-07-25 07:53:17;02:19:52;83,6;79,5;77,2;77,3;36,7;222,8;8,48;1059,5;4,76;17,3;999,7;OFF;77,15;
2026-07-25 07:53:26;02:20:01;83,6;79,5;77,2;77,3;36,8;222,8;8,48;1059,5;4,76;17,3;999,7;OFF;77,15;
2026-07-25 07:53:35;02:20:10;83,6;79,5;77,2;77,3;36,8;222,8;8,48;1059,5;4,77;17,3;999,7;OFF;77,15;
2026-07-25 07:53:44;02:20:19;83,6;79,6;77,2;77,3;36,8;222,8;8,48;1059,5;4,77;17,3;999,7;OFF;77,15;
2026-07-25 07:53:53;02:20:28;83,6;79,5;77,2;77,3;36,8;222,8;8,48;1059,5;4,77;17,3;999,7;OFF;77,15;
2026-07-25 07:54:02;02:20:37;83,6;79,5;77,2;77,3;36,9;222,8;8,48;1059,5;4,77;17,3;999,7;OFF;77,15;
2026-07-25 07:54:11;02:20:46;83,6;79,5;77,2;77,3;36,9;222,8;8,48;1059,5;4,78;17,3;999,7;OFF;77,15;
2026-07-25 07:54:20;02:20:55;83,6;79,5;77,2;77,3;36,9;222,8;8,48;1059,5;4,78;17,3;999,7;OFF;77,15;
2026-07-25 07:54:29;02:21:04;83,6;79,5;77,2;77,3;36,9;222,8;8,48;1059,5;4,78;17,3;999,7;OFF;77,15;
2026-07-25 07:54:38;02:21:13;83,6;79,5;77,2;77,3;37,0;222,8;8,48;1059,5;4,78;17,3;999,7;OFF;77,15;
2026-07-25 07:54:47;02:21:22;83,6;79,5;77,2;77,3;37,1;222,8;8,48;1059,5;4,79;17,3;999,7;OFF;77,15;
2026-07-25 07:54:56;02:21:31;83,6;79,5;77,2;77,3;37,1;222,8;8,48;1059,5;4,79;17,3;999,7;OFF;77,15;
2026-07-25 07:55:05;02:21:40;83,6;79,5;77,2;77,3;37,1;222,8;8,48;1059,5;4,79;17,3;999,7;OFF;77,15;
2026-07-25 07:55:14;02:21:49;83,6;79,5;77,2;77,3;37,1;222,8;8,48;1059,5;4,80;17,3;999,7;OFF;77,15;
2026-07-25 07:55:23;02:21:58;83,6;79,5;77,2;77,3;37,1;222,8;8,48;1059,5;4,80;17,3;999,7;OFF;77,15;
2026-07-25 07:55:32;02:22:07;83,6;79,5;77,2;77,3;37,1;222,8;8,48;1059,5;4,80;17,3;999,7;OFF;77,15;
2026-07-25 07:55:41;02:22:16;83,6;79,5;77,2;77,3;37,1;222,8;8,48;1059,5;4,80;17,3;999,7;OFF;77,15;
2026-07-25 07:55:50;02:22:25;83,6;79,5;77,2;77,3;37,1;222,8;8,48;1059,5;4,81;17,3;999,7;OFF;77,15;
2026-07-25 07:55:59;02:22:34;83,6;79,5;77,2;77,3;37,1;222,8;8,48;1059,5;4,81;17,3;999,7;OFF;77,15;
2026-07-25 07:56:08;02:22:43;83,6;79,5;77,2;77,3;37,1;222,8;8,48;1059,5;4,81;17,3;999,7;OFF;77,15;
2026-07-25 07:56:17;02:22:52;83,6;79,5;77,2;77,3;37,1;222,8;8,48;1059,5;4,81;17,3;999,7;OFF;77,15;
2026-07-25 07:56:26;02:23:01;83,6;79,5;77,1;77,3;37,1;222,8;8,48;1059,5;4,82;17,3;999,7;OFF;77,15;
2026-07-25 07:56:35;02:23:10;83,6;79,5;77,1;77,3;37,1;222,8;8,48;1059,5;4,82;17,3;999,7;OFF;77,15;
2026-07-25 07:56:44;02:23:19;83,6;79,5;77,1;77,3;37,1;222,8;8,48;1059,5;4,82;17,3;999,7;OFF;77,15;
2026-07-25 07:56:53;02:23:28;83,6;79,5;77,1;77,3;37,1;222,8;8,48;1059,5;4,82;17,3;999,7;OFF;77,15;
2026-07-25 07:57:03;02:23:38;83,6;79,5;77,1;77,3;37,1;222,8;8,48;1059,5;4,83;17,3;999,7;OFF;77,15;
2026-07-25 07:57:12;02:23:47;83,6;79,5;77,0;77,3;37,1;225,2;8,60;1093,7;4,83;17,3;999,7;OFF;77,15;
2026-07-25 07:57:21;02:23:56;83,6;79,5;77,1;77,3;37,1;225,2;8,60;1093,7;4,83;17,3;999,7;OFF;77,15;
2026-07-25 07:57:30;02:24:05;83,6;79,5;77,0;77,3;37,1;225,2;8,60;1093,7;4,84;17,3;999,7;OFF;77,15;
2026-07-25 07:57:39;02:24:14;83,6;79,5;77,0;77,3;37,1;225,2;8,60;1093,7;4,84;17,3;999,7;OFF;77,15;
2026-07-25 07:57:48;02:24:23;83,6;79,5;77,0;77,3;37,0;225,2;8,60;1093,7;4,84;17,3;999,7;OFF;77,15;
2026-07-25 07:57:57;02:24:32;83,6;79,5;77,0;77,3;37,0;225,2;8,60;1093,7;4,84;17,3;999,7;OFF;77,15;
2026-07-25 07:58:06;02:24:41;83,6;79,5;77,0;77,3;36,9;225,2;8,60;1093,7;4,85;17,3;999,7;OFF;77,15;
2026-07-25 07:58:15;02:24:50;83,6;79,5;77,1;77,3;36,9;225,2;8,60;1093,7;4,85;17,3;999,7;OFF;77,15;
2026-07-25 07:58:24;02:24:59;83,6;79,5;77,0;77,3;36,9;225,2;8,60;1093,7;4,85;17,3;999,7;OFF;77,15;
2026-07-25 07:58:33;02:25:08;83,6;79,5;77,1;77,3;36,9;225,2;8,60;1093,7;4,86;17,3;999,7;OFF;77,15;
2026-07-25 07:58:42;02:25:17;83,6;79,5;77,0;77,3;36,9;225,2;8,60;1093,7;4,86;17,3;999,7;OFF;77,15;
2026-07-25 07:58:51;02:25:26;83,6;79,5;77,1;77,3;36,8;225,2;8,60;1093,7;4,86;17,3;999,7;OFF;77,15;
2026-07-25 07:59:00;02:25:35;83,6;79,5;77,1;77,3;36,8;225,2;8,60;1093,7;4,86;17,3;999,7;OFF;77,15;
2026-07-25 07:59:09;02:25:44;83,6;79,5;77,1;77,3;36,8;225,2;8,60;1093,7;4,87;17,3;999,7;OFF;77,15;
2026-07-25 07:59:19;02:25:54;83,6;79,4;77,0;77,3;36,8;225,2;8,60;1093,7;4,87;17,3;999,7;OFF;77,15;
2026-07-25 07:59:28;02:26:03;83,6;79,4;77,1;77,3;36,8;225,2;8,60;1093,7;4,87;17,3;999,7;OFF;77,15;
2026-07-25 07:59:37;02:26:12;83,6;79,5;77,1;77,3;36,8;225,2;8,60;1093,7;4,87;17,3;999,7;OFF;77,15;
2026-07-25 07:59:46;02:26:21;83,6;79,5;77,0;77,3;36,8;225,2;8,60;1093,7;4,88;17,3;999,7;OFF;77,15;
2026-07-25 07:59:55;02:26:30;83,6;79,5;77,1;77,3;36,8;225,2;8,60;1093,7;4,88;17,3;999,7;OFF;77,15;
2026-07-25 08:00:04;02:26:39;83,6;79,5;77,1;77,3;36,8;225,2;8,60;1093,7;4,88;17,3;999,7;OFF;77,15;
2026-07-25 08:00:13;02:26:48;83,6;79,6;77,1;77,3;36,8;225,2;8,60;1093,7;4,89;17,3;999,7;OFF;77,15;
2026-07-25 08:00:22;02:26:57;83,6;79,6;77,0;77,3;36,8;225,2;8,60;1093,7;4,89;17,3;999,7;OFF;77,15;
2026-07-25 08:00:31;02:27:06;83,6;79,6;77,1;77,3;36,8;225,2;8,60;1093,7;4,89;17,3;999,7;OFF;77,15;
2026-07-25 08:00:40;02:27:15;83,6;79,6;77,1;77,3;36,7;225,2;8,60;1093,7;4,89;17,3;999,7;OFF;77,15;
2026-07-25 08:00:49;02:27:24;83,6;79,6;77,1;77,3;36,8;225,2;8,60;1093,7;4,90;17,3;999,7;OFF;77,15;
2026-07-25 08:00:58;02:27:33;83,6;79,6;77,1;77,3;36,7;225,2;8,60;1093,7;4,90;17,3;999,7;OFF;77,15;
2026-07-25 08:01:07;02:27:42;83,6;79,6;77,0;77,3;36,8;225,2;8,60;1093,7;4,90;17,3;999,7;OFF;77,15;
2026-07-25 08:01:16;02:27:51;83,6;79,6;77,0;77,3;36,8;225,2;8,60;1093,7;4,90;17,3;999,7;OFF;77,15;
2026-07-25 08:01:25;02:28:00;83,6;79,6;77,0;77,3;36,8;225,2;8,60;1093,7;4,91;17,3;999,7;OFF;77,15;
2026-07-25 08:01:34;02:28:09;83,6;79,6;77,1;77,3;36,8;225,2;8,60;1093,7;4,91;17,3;999,7;OFF;77,15;
2026-07-25 08:01:43;02:28:18;83,6;79,5;77,0;77,3;36,8;225,2;8,60;1093,7;4,91;17,3;999,7;OFF;77,15;
2026-07-25 08:01:52;02:28:27;83,6;79,5;77,1;77,3;36,8;225,2;8,60;1093,7;4,92;17,3;999,7;OFF;77,15;
2026-07-25 08:02:01;02:28:36;83,6;79,6;77,1;77,3;36,8;225,2;8,60;1093,7;4,92;17,3;999,7;OFF;77,15;
2026-07-25 08:02:10;02:28:45;83,6;79,6;77,0;77,3;36,8;225,2;8,60;1093,7;4,92;17,3;999,7;OFF;77,15;
2026-07-25 08:02:20;02:28:55;83,6;79,6;77,1;77,3;36,8;225,2;8,60;1093,7;4,92;17,6;999,8;OFF;77,15;
2026-07-25 08:02:29;02:29:04;83,6;79,6;77,1;77,3;36,8;225,2;8,60;1093,7;4,93;17,6;999,8;OFF;77,15;
2026-07-25 08:02:38;02:29:13;83,6;79,5;77,1;77,3;36,8;225,2;8,60;1093,7;4,93;17,6;999,8;OFF;77,15;
2026-07-25 08:02:47;02:29:22;83,6;79,5;77,1;77,3;36,8;225,2;8,60;1093,7;4,93;17,6;999,8;OFF;77,15;
2026-07-25 08:02:56;02:29:31;83,6;79,6;77,0;77,3;36,9;225,2;8,60;1093,7;4,93;17,6;999,8;OFF;77,15;
2026-07-25 08:03:05;02:29:40;83,6;79,6;77,1;77,3;36,9;225,2;8,60;1093,7;4,94;17,6;999,8;OFF;77,15;
2026-07-25 08:03:14;02:29:49;83,6;79,6;77,1;77,3;36,9;225,2;8,60;1093,7;4,94;17,6;999,8;OFF;77,15;
2026-07-25 08:03:23;02:29:58;83,6;79,5;77,0;77,3;36,9;225,2;8,60;1093,7;4,94;17,6;999,8;OFF;77,15;
2026-07-25 08:03:32;02:30:07;83,6;79,5;77,1;77,3;36,9;225,2;8,60;1093,7;4,95;17,6;999,8;OFF;77,15;
2026-07-25 08:03:41;02:30:16;83,6;79,5;77,1;77,3;36,9;225,2;8,60;1093,7;4,95;17,6;999,8;OFF;77,15;
2026-07-25 08:03:50;02:30:25;83,6;79,5;77,1;77,3;36,9;225,2;8,60;1093,7;4,95;17,6;999,8;OFF;77,15;
2026-07-25 08:03:59;02:30:34;83,6;79,5;77,1;77,3;36,9;225,2;8,60;1093,7;4,95;17,6;999,8;OFF;77,15;
2026-07-25 08:04:09;02:30:44;83,6;79,5;77,0;77,3;36,9;225,2;8,60;1093,7;4,96;17,6;999,8;OFF;77,15;
2026-07-25 08:04:18;02:30:53;83,6;79,5;77,1;77,3;36,9;225,2;8,60;1093,7;4,96;17,6;999,8;OFF;77,15;
2026-07-25 08:04:27;02:31:02;83,6;79,5;77,1;77,3;36,9;225,2;8,60;1093,7;4,96;17,6;999,8;OFF;77,15;
2026-07-25 08:04:36;02:31:11;83,6;79,5;77,1;77,3;37,0;225,2;8,60;1093,7;4,97;17,6;999,8;OFF;77,15;
2026-07-25 08:04:45;02:31:20;83,6;79,5;77,1;77,3;37,0;225,2;8,60;1093,7;4,97;17,6;999,8;OFF;77,15;
2026-07-25 08:04:54;02:31:29;83,6;79,5;77,1;77,3;37,0;225,2;8,60;1093,7;4,97;17,6;999,8;OFF;77,15;
2026-07-25 08:05:03;02:31:38;83,6;79,5;77,0;77,3;37,1;225,2;8,60;1093,7;4,97;17,6;999,8;OFF;77,15;
2026-07-25 08:05:12;02:31:47;83,6;79,5;77,1;77,3;37,1;225,2;8,60;1093,7;4,98;17,6;999,8;OFF;77,15;
2026-07-25 08:05:21;02:31:56;83,6;79,5;77,0;77,3;37,1;225,2;8,60;1093,7;4,98;17,6;999,8;OFF;77,15;
2026-07-25 08:05:30;02:32:05;83,6;79,5;77,0;77,3;37,1;225,2;8,60;1093,7;4,98;17,6;999,8;OFF;77,15;
2026-07-25 08:05:39;02:32:14;83,6;79,5;77,1;77,3;37,1;225,2;8,60;1093,7;4,98;17,6;999,8;OFF;77,15;
2026-07-25 08:05:48;02:32:23;83,6;79,5;77,0;77,3;37,1;225,2;8,60;1093,7;4,99;17,6;999,8;OFF;77,15;
2026-07-25 08:05:57;02:32:32;83,6;79,5;77,1;77,3;37,1;225,2;8,60;1093,7;4,99;17,6;999,8;OFF;77,15;
2026-07-25 08:06:07;02:32:42;83,6;79,5;77,1;77,3;37,1;225,2;8,60;1093,7;4,99;17,6;999,8;OFF;77,15;
2026-07-25 08:06:16;02:32:51;83,6;79,5;77,1;77,3;37,2;225,2;8,60;1093,7;5,00;17,6;999,8;OFF;77,15;
2026-07-25 08:06:25;02:33:00;83,6;79,5;77,0;77,3;37,2;225,2;8,60;1093,7;5,00;17,6;999,8;OFF;77,15;
2026-07-25 08:06:33;02:33:08;83,6;79,6;77,0;77,3;37,2;225,2;8,60;1093,7;5,00;17,6;999,8;OFF;77,15;
2026-07-25 08:06:42;02:33:17;83,6;79,6;77,1;77,3;37,2;225,2;8,60;1093,7;5,00;17,6;999,8;OFF;77,15;
2026-07-25 08:06:51;02:33:26;83,6;79,6;77,1;77,3;37,2;225,2;8,60;1093,7;5,01;17,6;999,8;OFF;77,15;
2026-07-25 08:07:01;02:33:36;83,6;79,6;77,1;77,3;37,2;225,2;8,60;1093,7;5,01;17,6;999,8;OFF;77,15;
2026-07-25 08:07:10;02:33:45;83,6;79,6;77,0;77,3;37,2;225,2;8,60;1093,7;5,01;17,6;999,8;OFF;77,15;
2026-07-25 08:07:19;02:33:54;83,6;79,6;77,1;77,3;37,2;225,2;8,60;1093,7;5,01;17,6;999,8;OFF;77,15;
2026-07-25 08:07:28;02:34:03;83,6;79,6;77,0;77,3;37,2;225,2;8,60;1093,7;5,02;17,6;999,8;OFF;77,15;
2026-07-25 08:07:37;02:34:12;83,6;79,6;77,0;77,3;37,2;225,2;8,60;1093,7;5,02;17,6;999,8;OFF;77,15;
2026-07-25 08:07:46;02:34:21;83,6;79,6;77,1;77,3;37,2;225,2;8,60;1093,7;5,02;17,6;999,8;OFF;77,15;
2026-07-25 08:07:55;02:34:30;83,6;79,6;77,1;77,3;37,3;225,2;8,60;1093,7;5,03;17,6;999,8;OFF;77,15;
2026-07-25 08:08:05;02:34:40;83,6;79,6;77,1;77,3;37,2;225,2;8,60;1093,7;5,03;17,6;999,8;OFF;77,15;
2026-07-25 08:08:14;02:34:49;83,6;79,6;77,1;77,3;37,2;225,2;8,60;1093,7;5,03;17,6;999,8;OFF;77,15;
2026-07-25 08:08:23;02:34:58;83,6;79,6;77,0;77,3;37,3;225,2;8,60;1093,7;5,03;17,6;999,8;OFF;77,15;
2026-07-25 08:08:32;02:35:07;83,6;79,6;77,0;77,3;37,3;225,2;8,60;1093,7;5,04;17,6;999,8;OFF;77,15;
2026-07-25 08:08:41;02:35:16;83,6;79,6;77,1;77,3;37,3;225,2;8,60;1093,7;5,04;17,6;999,8;OFF;77,15;
2026-07-25 08:08:50;02:35:25;83,6;79,6;77,0;77,3;37,4;225,2;8,60;1093,7;5,04;17,6;999,8;OFF;77,15;
2026-07-25 08:08:59;02:35:34;83,6;79,6;77,1;77,3;37,4;225,2;8,60;1093,7;5,05;17,6;999,8;OFF;77,15;
2026-07-25 08:09:08;02:35:43;83,6;79,6;77,1;77,3;37,4;225,2;8,60;1093,7;5,05;17,6;999,8;OFF;77,15;
2026-07-25 08:09:17;02:35:52;83,6;79,6;77,0;77,3;37,4;225,2;8,60;1093,7;5,05;17,6;999,8;OFF;77,15;
2026-07-25 08:09:26;02:36:01;83,6;79,5;77,0;77,3;37,4;225,2;8,60;1093,7;5,05;17,6;999,8;OFF;77,15;
2026-07-25 08:09:35;02:36:10;83,6;79,5;77,1;77,3;37,4;225,2;8,60;1093,7;5,06;17,6;999,8;OFF;77,15;
2026-07-25 08:09:44;02:36:19;83,6;79,5;77,1;77,3;37,5;225,2;8,60;1093,7;5,06;17,6;999,8;OFF;77,15;
2026-07-25 08:09:53;02:36:28;83,6;79,5;77,0;77,3;37,5;225,2;8,60;1093,7;5,06;17,6;999,8;OFF;77,15;
2026-07-25 08:10:02;02:36:37;83,6;79,5;77,1;77,3;37,6;225,2;8,60;1093,7;5,06;17,6;999,8;OFF;77,15;
2026-07-25 08:10:11;02:36:46;83,6;79,5;77,1;77,3;37,6;225,2;8,60;1093,7;5,07;17,6;999,8;OFF;77,15;
2026-07-25 08:10:20;02:36:55;83,6;79,5;77,1;77,3;37,7;225,2;8,60;1093,7;5,07;17,6;999,8;OFF;77,15;
2026-07-25 08:10:29;02:37:04;83,6;79,5;77,0;77,3;37,8;225,2;8,60;1093,7;5,07;17,6;999,8;OFF;77,15;
2026-07-25 08:10:38;02:37:13;83,6;79,5;77,0;77,3;37,8;225,2;8,60;1093,7;5,08;17,6;999,8;OFF;77,15;
2026-07-25 08:10:47;02:37:22;83,6;79,5;77,1;77,3;37,9;225,2;8,60;1093,7;5,08;17,6;999,8;OFF;77,15;
2026-07-25 08:10:56;02:37:31;83,6;79,5;77,1;77,3;37,9;225,2;8,60;1093,7;5,08;17,6;999,8;OFF;77,15;
2026-07-25 08:11:05;02:37:40;83,6;79,5;77,1;77,3;38,0;225,2;8,60;1093,7;5,08;17,6;999,8;OFF;77,15;
2026-07-25 08:11:14;02:37:49;83,6;79,6;77,1;77,3;38,1;225,2;8,60;1093,7;5,09;17,6;999,8;OFF;77,15;
2026-07-25 08:11:23;02:37:58;83,6;79,6;77,1;77,3;38,1;225,2;8,60;1093,7;5,09;17,6;999,8;OFF;77,15;
2026-07-25 08:11:32;02:38:07;83,6;79,5;77,1;77,3;38,2;225,2;8,60;1093,7;5,09;17,6;999,8;OFF;77,15;
2026-07-25 08:11:41;02:38:16;83,6;79,6;77,1;77,3;38,2;225,2;8,60;1093,7;5,09;17,6;999,8;OFF;77,15;
2026-07-25 08:11:50;02:38:25;83,6;79,6;77,0;77,3;38,3;225,2;8,60;1093,7;5,10;17,6;999,8;OFF;77,15;
2026-07-25 08:12:00;02:38:35;83,6;79,5;77,1;77,3;38,4;225,2;8,60;1093,7;5,10;17,6;999,8;OFF;77,15;
2026-07-25 08:12:09;02:38:44;83,6;79,5;77,1;77,3;38,5;225,2;8,60;1093,7;5,10;17,6;999,8;OFF;77,15;
2026-07-25 08:12:18;02:38:53;83,6;79,6;77,1;77,3;38,6;225,2;8,60;1093,7;5,11;17,6;999,8;OFF;77,15;
2026-07-25 08:12:27;02:39:02;83,6;79,5;77,0;77,3;38,6;225,2;8,60;1093,7;5,11;17,6;999,8;OFF;77,15;
2026-07-25 08:12:37;02:39:12;83,6;79,5;77,1;77,3;38,6;225,2;8,60;1093,7;5,11;17,6;999,8;OFF;77,15;
2026-07-25 08:12:46;02:39:21;83,6;79,5;77,1;77,3;38,7;225,2;8,60;1093,7;5,11;17,6;999,8;OFF;77,15;
2026-07-25 08:12:55;02:39:30;83,6;79,5;77,1;77,3;38,8;225,2;8,60;1093,7;5,12;17,6;999,8;OFF;77,15;
2026-07-25 08:13:05;02:39:40;83,6;79,6;77,1;77,3;38,8;225,2;8,60;1093,7;5,12;17,6;999,8;OFF;77,15;
2026-07-25 08:13:14;02:39:49;83,6;79,6;77,1;77,3;38,9;225,2;8,60;1093,7;5,12;17,6;999,8;OFF;77,15;
2026-07-25 08:13:23;02:39:58;83,6;79,6;77,1;77,3;38,9;225,2;8,60;1093,7;5,13;17,6;999,8;OFF;77,15;
2026-07-25 08:13:32;02:40:07;83,6;79,6;77,1;77,3;39,1;225,2;8,60;1093,7;5,13;17,6;999,8;OFF;77,15;
2026-07-25 08:13:41;02:40:16;83,6;79,6;77,1;77,3;39,1;225,2;8,60;1093,7;5,13;17,6;999,8;OFF;77,15;
2026-07-25 08:13:49;02:40:24;83,6;79,6;77,1;77,3;39,2;225,2;8,60;1093,7;5,13;17,6;999,8;OFF;77,15;
2026-07-25 08:13:59;02:40:34;83,6;79,6;77,1;77,3;39,2;225,2;8,60;1093,7;5,14;17,6;999,8;OFF;77,15;
2026-07-25 08:14:08;02:40:43;83,6;79,6;77,1;77,3;39,3;225,2;8,60;1093,7;5,14;17,6;999,8;OFF;77,15;
2026-07-25 08:14:17;02:40:52;83,6;79,6;77,1;77,3;39,4;225,2;8,60;1093,7;5,14;17,6;999,8;OFF;77,15;
2026-07-25 08:14:26;02:41:01;83,6;79,6;77,1;77,3;39,5;225,2;8,60;1093,7;5,14;17,6;999,8;OFF;77,15;
2026-07-25 08:14:35;02:41:10;83,6;79,6;77,1;77,3;39,6;225,2;8,60;1093,7;5,15;17,6;999,8;OFF;77,15;
2026-07-25 08:14:44;02:41:19;83,6;79,6;77,0;77,3;39,7;225,2;8,60;1093,7;5,15;17,6;999,8;OFF;77,15;
2026-07-25 08:14:53;02:41:28;83,6;79,6;77,1;77,3;39,8;225,2;8,60;1093,7;5,15;17,6;999,8;OFF;77,15;
2026-07-25 08:15:02;02:41:37;83,6;79,6;77,1;77,3;39,9;225,2;8,60;1093,7;5,16;17,6;999,8;OFF;77,15;
2026-07-25 08:15:11;02:41:46;83,6;79,6;77,1;77,3;39,9;225,2;8,60;1093,7;5,16;17,6;999,8;OFF;77,15;
2026-07-25 08:15:20;02:41:55;83,6;79,6;77,1;77,3;40,1;225,2;8,60;1093,7;5,16;17,6;999,8;OFF;77,15;
2026-07-25 08:15:29;02:42:04;83,6;79,6;77,1;77,3;40,1;225,2;8,60;1093,7;5,16;17,6;999,8;OFF;77,15;
2026-07-25 08:15:38;02:42:13;83,6;79,6;77,0;77,3;40,2;225,2;8,60;1093,7;5,17;17,6;999,8;OFF;77,15;
2026-07-25 08:15:47;02:42:22;83,6;79,6;77,1;77,3;40,3;225,2;8,60;1093,7;5,17;17,6;999,8;OFF;77,15;
2026-07-25 08:15:56;02:42:31;83,6;79,6;77,0;77,3;40,4;225,2;8,60;1093,7;5,17;17,6;999,8;OFF;77,15;
2026-07-25 08:16:05;02:42:40;83,6;79,6;77,1;77,3;40,5;225,2;8,60;1093,7;5,17;17,6;999,8;OFF;77,15;
2026-07-25 08:16:15;02:42:50;83,6;79,6;77,1;77,3;40,6;225,2;8,60;1093,7;5,18;17,6;999,8;OFF;77,15;
2026-07-25 08:16:24;02:42:59;83,6;79,6;77,1;77,3;40,7;225,2;8,60;1093,7;5,18;17,6;999,8;OFF;77,15;
2026-07-25 08:16:33;02:43:08;83,6;79,6;77,1;77,3;40,8;225,2;8,60;1093,7;5,18;17,6;999,8;OFF;77,15;
2026-07-25 08:16:42;02:43:17;83,6;79,6;77,1;77,3;40,8;225,2;8,60;1093,7;5,19;17,6;999,8;OFF;77,15;
2026-07-25 08:16:51;02:43:26;83,6;79,6;77,1;77,3;40,9;225,2;8,60;1093,7;5,19;17,6;999,8;OFF;77,15;
2026-07-25 08:17:00;02:43:35;83,6;79,5;77,1;77,3;40,8;225,2;8,60;1093,7;5,19;17,6;999,8;OFF;77,15;
2026-07-25 08:17:09;02:43:44;83,6;79,6;77,1;77,3;40,7;225,2;8,60;1093,7;5,19;17,6;999,8;OFF;77,15;
2026-07-25 08:17:18;02:43:53;83,6;79,6;77,1;77,3;40,6;225,2;8,60;1093,7;5,20;17,6;999,8;OFF;77,15;
2026-07-25 08:17:27;02:44:02;83,6;79,6;77,1;77,3;40,4;225,2;8,60;1093,7;5,20;17,6;999,8;OFF;77,15;
2026-07-25 08:17:36;02:44:11;83,6;79,6;77,1;77,3;40,2;225,2;8,60;1093,7;5,20;17,6;999,8;OFF;77,15;
2026-07-25 08:17:45;02:44:20;83,6;79,6;77,1;77,3;40,0;225,2;8,60;1093,7;5,20;17,9;999,8;OFF;77,15;
2026-07-25 08:17:54;02:44:29;83,6;79,6;77,1;77,3;39,8;225,2;8,60;1093,7;5,21;17,9;999,8;OFF;77,15;
2026-07-25 08:18:03;02:44:38;83,6;79,6;77,1;77,3;39,6;225,2;8,60;1093,7;5,21;17,9;999,8;OFF;77,15;
2026-07-25 08:18:12;02:44:47;83,6;79,6;77,1;77,3;39,4;225,2;8,60;1093,7;5,21;17,9;999,8;OFF;77,15;
2026-07-25 08:18:21;02:44:56;83,6;79,6;77,0;77,3;39,3;225,2;8,60;1093,7;5,22;17,9;999,8;OFF;77,15;
2026-07-25 08:18:30;02:45:05;83,6;79,6;77,1;77,3;39,1;225,2;8,60;1093,7;5,22;17,9;999,8;OFF;77,15;
2026-07-25 08:18:39;02:45:14;83,6;79,6;77,1;77,3;39,0;225,2;8,60;1093,7;5,22;17,9;999,8;OFF;77,15;
2026-07-25 08:18:48;02:45:23;83,6;79,6;77,1;77,3;38,9;225,2;8,60;1093,7;5,22;17,9;999,8;OFF;77,15;
2026-07-25 08:18:57;02:45:32;83,6;79,6;77,1;77,3;38,8;225,2;8,60;1093,7;5,23;17,9;999,8;OFF;77,15;
2026-07-25 08:19:07;02:45:42;83,6;79,5;77,1;77,3;38,6;225,2;8,60;1093,7;5,23;17,9;999,8;OFF;77,15;
2026-07-25 08:19:16;02:45:51;83,6;79,5;77,1;77,3;38,4;225,2;8,60;1093,7;5,23;17,9;999,8;OFF;77,15;
2026-07-25 08:19:25;02:46:00;83,6;79,5;77,1;77,3;38,4;225,2;8,60;1093,7;5,24;17,9;999,8;OFF;77,15;
2026-07-25 08:19:34;02:46:09;83,6;79,5;77,1;77,3;38,2;225,2;8,60;1093,7;5,24;17,9;999,8;OFF;77,15;
2026-07-25 08:19:43;02:46:18;83,6;79,5;77,0;77,3;38,2;225,2;8,60;1093,7;5,24;17,9;999,8;OFF;77,15;
2026-07-25 08:19:52;02:46:27;83,6;79,5;77,1;77,3;38,1;225,2;8,60;1093,7;5,24;17,9;999,8;OFF;77,15;
2026-07-25 08:20:01;02:46:36;83,6;79,5;77,0;77,3;38,1;225,2;8,60;1093,7;5,25;17,9;999,8;OFF;77,15;
2026-07-25 08:20:10;02:46:45;83,6;79,5;77,1;77,3;38,1;225,2;8,60;1093,7;5,25;17,9;999,8;OFF;77,15;
2026-07-25 08:20:19;02:46:54;83,6;79,5;77,1;77,3;38,0;225,2;8,60;1093,7;5,25;17,9;999,8;OFF;77,15;
2026-07-25 08:20:28;02:47:03;83,6;79,5;77,1;77,3;37,9;225,2;8,60;1093,7;5,25;17,9;999,8;OFF;77,15;
2026-07-25 08:20:37;02:47:12;83,6;79,5;77,1;77,3;37,9;225,2;8,60;1093,7;5,26;17,9;999,8;OFF;77,15;
2026-07-25 08:20:46;02:47:21;83,6;79,5;77,1;77,3;37,8;225,2;8,60;1093,7;5,26;17,9;999,8;OFF;77,15;
2026-07-25 08:20:55;02:47:30;83,6;79,5;77,0;77,3;37,8;225,2;8,60;1093,7;5,26;17,9;999,8;OFF;77,15;
2026-07-25 08:21:04;02:47:39;83,6;79,6;77,1;77,3;37,8;225,2;8,60;1093,7;5,27;17,9;999,8;OFF;77,15;
2026-07-25 08:21:13;02:47:48;83,6;79,5;77,0;77,3;37,8;225,2;8,60;1093,7;5,27;17,9;999,8;OFF;77,15;
2026-07-25 08:21:22;02:47:57;83,6;79,6;77,0;77,3;37,8;225,2;8,60;1093,7;5,27;17,9;999,8;OFF;77,15;
2026-07-25 08:21:31;02:48:06;83,6;79,6;77,1;77,3;37,8;225,2;8,60;1093,7;5,27;17,9;999,8;OFF;77,15;
2026-07-25 08:21:40;02:48:15;83,6;79,6;77,1;77,3;37,8;225,2;8,60;1093,7;5,28;17,9;999,8;OFF;77,15;
2026-07-25 08:21:49;02:48:24;83,6;79,6;77,1;77,3;37,8;225,2;8,60;1093,7;5,28;17,9;999,8;OFF;77,15;
2026-07-25 08:21:58;02:48:33;83,6;79,6;77,1;77,3;37,8;225,2;8,60;1093,7;5,28;17,9;999,8;OFF;77,15;
2026-07-25 08:22:07;02:48:42;83,6;79,6;77,1;77,3;37,8;225,2;8,60;1093,7;5,28;17,9;999,8;OFF;77,15;
2026-07-25 08:22:16;02:48:51;83,6;79,6;77,1;77,3;37,8;225,2;8,60;1093,7;5,29;17,9;999,8;OFF;77,15;
2026-07-25 08:22:25;02:49:00;83,6;79,6;77,1;77,3;37,8;225,2;8,60;1093,7;5,29;17,9;999,8;OFF;77,15;
2026-07-25 08:22:36;02:49:11;83,6;79,6;77,1;77,3;37,8;225,2;8,60;1093,7;5,29;17,9;999,8;OFF;77,15;
2026-07-25 08:22:45;02:49:20;83,6;79,6;77,1;77,3;37,8;225,2;8,60;1093,7;5,30;17,9;999,8;OFF;77,15;
2026-07-25 08:22:54;02:49:29;83,6;79,6;77,1;77,3;37,8;225,2;8,60;1093,7;5,30;17,9;999,8;OFF;77,15;
2026-07-25 08:23:03;02:49:38;83,6;79,6;77,1;77,3;37,8;225,2;8,60;1093,7;5,30;17,9;999,8;OFF;77,15;
2026-07-25 08:23:12;02:49:47;83,6;79,6;77,0;77,3;37,8;225,2;8,60;1093,7;5,30;17,9;999,8;OFF;77,15;
2026-07-25 08:23:21;02:49:56;83,6;79,6;77,1;77,3;37,8;225,2;8,60;1093,7;5,31;17,9;999,8;OFF;77,15;
2026-07-25 08:23:30;02:50:05;83,6;79,6;77,1;77,3;37,8;225,2;8,60;1093,7;5,31;17,9;999,8;OFF;77,15;
2026-07-25 08:23:39;02:50:14;83,6;79,6;77,1;77,3;37,8;225,2;8,60;1093,7;5,31;17,9;999,8;OFF;77,15;
2026-07-25 08:23:48;02:50:23;83,6;79,6;77,1;77,3;37,8;225,2;8,60;1093,7;5,32;17,9;999,8;OFF;77,15;
2026-07-25 08:23:57;02:50:32;83,6;79,5;77,1;77,3;37,8;225,2;8,60;1093,7;5,32;17,9;999,8;OFF;77,15;
2026-07-25 08:24:06;02:50:41;83,6;79,6;77,1;77,3;37,8;225,2;8,60;1093,7;5,32;17,9;999,8;OFF;77,15;
2026-07-25 08:24:15;02:50:50;83,6;79,5;77,1;77,3;37,8;225,2;8,60;1093,7;5,32;17,9;999,8;OFF;77,15;
2026-07-25 08:24:24;02:50:59;83,6;79,5;77,0;77,3;37,8;225,2;8,60;1093,7;5,33;17,9;999,8;OFF;77,15;
2026-07-25 08:24:33;02:51:08;83,6;79,5;77,1;77,3;37,8;225,2;8,60;1093,7;5,33;17,9;999,8;OFF;77,15;
2026-07-25 08:24:43;02:51:18;83,6;79,5;77,1;77,3;37,8;225,2;8,60;1093,7;5,33;17,9;999,8;OFF;77,15;
2026-07-25 08:24:52;02:51:27;83,6;79,5;77,1;77,3;37,8;225,2;8,60;1093,7;5,33;17,9;999,8;OFF;77,15;
2026-07-25 08:25:01;02:51:36;83,6;79,5;77,1;77,3;37,8;225,2;8,60;1093,7;5,34;17,9;999,8;OFF;77,15;
2026-07-25 08:25:10;02:51:45;83,6;79,5;77,1;77,3;37,7;225,2;8,60;1093,7;5,34;17,9;999,8;OFF;77,15;
2026-07-25 08:25:19;02:51:54;83,6;79,5;77,1;77,3;37,7;225,2;8,60;1093,7;5,34;17,9;999,8;OFF;77,15;
2026-07-25 08:25:28;02:52:03;83,6;79,5;77,1;77,3;37,7;225,2;8,60;1093,7;5,35;17,9;999,8;OFF;77,15;
2026-07-25 08:25:37;02:52:12;83,6;79,5;77,0;77,3;37,6;225,2;8,60;1093,7;5,35;17,9;999,8;OFF;77,15;
2026-07-25 08:25:46;02:52:21;83,6;79,5;77,1;77,3;37,6;225,2;8,60;1093,7;5,35;17,9;999,8;OFF;77,15;
2026-07-25 08:25:55;02:52:30;83,6;79,5;77,1;77,3;37,6;225,2;8,60;1093,7;5,35;17,9;999,8;OFF;77,15;
2026-07-25 08:26:04;02:52:39;83,6;79,5;77,1;77,3;37,6;225,2;8,60;1093,7;5,36;17,9;999,8;OFF;77,15;
2026-07-25 08:26:13;02:52:48;83,6;79,5;77,0;77,3;37,6;225,2;8,60;1093,7;5,36;17,9;999,8;OFF;77,15;
2026-07-25 08:26:22;02:52:57;83,6;79,5;77,1;77,3;37,6;225,2;8,60;1093,7;5,36;17,9;999,8;OFF;77,15;
2026-07-25 08:26:31;02:53:06;83,6;79,5;77,1;77,3;37,6;225,2;8,60;1093,7;5,36;17,9;999,8;OFF;77,15;
2026-07-25 08:26:40;02:53:15;83,6;79,5;77,1;77,3;37,6;225,2;8,60;1093,7;5,37;17,9;999,8;OFF;77,15;
2026-07-25 08:26:50;02:53:25;83,6;79,5;77,1;77,3;37,5;225,2;8,60;1093,7;5,37;17,9;999,8;OFF;77,15;
2026-07-25 08:26:59;02:53:34;83,6;79,5;77,1;77,3;37,5;225,2;8,60;1093,7;5,37;17,9;999,8;OFF;77,15;
2026-07-25 08:27:08;02:53:43;83,6;79,5;77,0;77,3;37,5;225,2;8,60;1093,7;5,38;17,9;999,8;OFF;77,15;
2026-07-25 08:27:17;02:53:52;83,6;79,5;77,1;77,3;37,5;225,2;8,60;1093,7;5,38;17,9;999,8;OFF;77,15;
2026-07-25 08:27:26;02:54:01;83,6;79,5;77,1;77,3;37,6;225,2;8,60;1093,7;5,38;17,9;999,8;OFF;77,15;
2026-07-25 08:27:35;02:54:10;83,6;79,5;77,1;77,3;37,6;225,2;8,60;1093,7;5,38;17,9;999,8;OFF;77,15;
2026-07-25 08:27:44;02:54:19;83,6;79,5;77,1;77,3;37,6;225,2;8,60;1093,7;5,39;17,9;999,8;OFF;77,15;
2026-07-25 08:27:53;02:54:28;83,6;79,5;77,1;77,3;37,6;225,2;8,60;1093,7;5,39;17,9;999,8;OFF;77,15;
2026-07-25 08:28:02;02:54:37;83,6;79,5;77,0;77,3;37,6;225,2;8,60;1093,7;5,39;17,9;999,8;OFF;77,15;
2026-07-25 08:28:11;02:54:46;83,6;79,5;77,0;77,3;37,5;225,2;8,60;1093,7;5,40;17,9;999,8;OFF;77,15;
2026-07-25 08:28:20;02:54:55;83,6;79,5;77,1;77,3;37,5;225,2;8,60;1093,7;5,40;17,9;999,8;OFF;77,15;
2026-07-25 08:28:29;02:55:04;83,7;79,5;77,0;77,3;37,5;225,2;8,60;1093,7;5,40;17,9;999,8;OFF;77,15;
2026-07-25 08:28:38;02:55:13;83,6;79,5;77,0;77,3;37,4;225,2;8,60;1093,7;5,40;17,9;999,8;OFF;77,15;
2026-07-25 08:28:47;02:55:22;83,6;79,5;77,1;77,3;37,4;225,2;8,60;1093,7;5,41;17,9;999,8;OFF;77,15;
2026-07-25 08:28:57;02:55:32;83,6;79,5;77,1;77,3;37,4;225,2;8,60;1093,7;5,41;17,9;999,8;OFF;77,15;
2026-07-25 08:29:06;02:55:41;83,6;79,5;77,0;77,3;37,4;225,2;8,60;1093,7;5,41;17,9;999,8;OFF;77,15;
2026-07-25 08:29:15;02:55:50;83,6;79,5;77,1;77,3;37,4;225,2;8,60;1093,7;5,41;17,9;999,8;OFF;77,15;
2026-07-25 08:29:24;02:55:59;83,6;79,5;77,1;77,3;37,4;225,2;8,60;1093,7;5,42;17,9;999,8;OFF;77,15;
2026-07-25 08:29:33;02:56:08;83,6;79,5;77,1;77,3;37,4;225,2;8,60;1093,7;5,42;17,9;999,8;OFF;77,15;
2026-07-25 08:29:42;02:56:17;83,6;79,5;77,1;77,3;37,4;225,2;8,60;1093,7;5,42;17,9;999,8;OFF;77,15;
2026-07-25 08:29:51;02:56:26;83,7;79,5;77,1;77,3;37,4;225,2;8,60;1093,7;5,43;17,9;999,8;OFF;77,15;
2026-07-25 08:30:00;02:56:35;83,6;79,6;77,0;77,3;37,4;225,2;8,60;1093,7;5,43;17,9;999,8;OFF;77,15;
2026-07-25 08:30:09;02:56:44;83,7;79,5;77,1;77,3;37,4;225,2;8,60;1093,7;5,43;17,9;999,8;OFF;77,15;
2026-07-25 08:30:18;02:56:53;83,6;79,5;77,1;77,3;37,4;225,2;8,60;1093,7;5,43;17,9;999,8;OFF;77,15;
2026-07-25 08:30:27;02:57:02;83,6;79,5;77,1;77,3;37,4;225,2;8,60;1093,7;5,44;17,9;999,8;OFF;77,15;
2026-07-25 08:30:36;02:57:11;83,6;79,5;77,1;77,3;37,4;225,2;8,60;1093,7;5,44;17,9;999,8;OFF;77,15;
2026-07-25 08:30:45;02:57:20;83,7;79,5;77,1;77,3;37,4;225,2;8,60;1093,7;5,44;17,9;999,8;OFF;77,15;
2026-07-25 08:30:54;02:57:29;83,6;79,5;77,1;77,3;37,4;225,2;8,60;1093,7;5,44;17,9;999,8;OFF;77,15;
2026-07-25 08:31:04;02:57:39;83,6;79,5;77,1;77,3;37,4;225,2;8,60;1093,7;5,45;17,9;999,8;OFF;77,15;
2026-07-25 08:31:13;02:57:48;83,6;79,5;77,1;77,3;37,4;225,2;8,60;1093,7;5,45;17,9;999,8;OFF;77,15;
2026-07-25 08:31:22;02:57:57;83,6;79,5;77,0;77,3;37,3;225,2;8,60;1093,7;5,45;17,9;999,8;OFF;77,15;
2026-07-25 08:31:31;02:58:06;83,7;79,6;77,1;77,3;37,3;225,2;8,60;1093,7;5,46;17,9;999,8;OFF;77,15;
2026-07-25 08:31:40;02:58:15;83,6;79,6;77,1;77,3;37,3;225,2;8,60;1093,7;5,46;17,9;999,8;OFF;77,15;
2026-07-25 08:31:49;02:58:24;83,6;79,5;77,1;77,3;37,3;225,2;8,60;1093,7;5,46;17,9;999,8;OFF;77,15;
2026-07-25 08:31:58;02:58:33;83,6;79,6;77,1;77,3;37,3;225,2;8,60;1093,7;5,46;17,9;999,8;OFF;77,15;
2026-07-25 08:32:07;02:58:42;83,6;79,6;77,1;77,3;37,2;225,2;8,60;1093,7;5,47;17,9;999,8;OFF;77,15;
2026-07-25 08:32:16;02:58:51;83,6;79,5;77,1;77,3;37,2;225,2;8,60;1093,7;5,47;17,9;999,8;OFF;77,15;
2026-07-25 08:32:25;02:59:00;83,6;79,5;77,1;77,3;37,2;225,2;8,60;1093,7;5,47;17,9;999,8;OFF;77,15;
2026-07-25 08:32:34;02:59:09;83,7;79,5;77,0;77,3;37,2;225,2;8,60;1093,7;5,47;17,9;999,8;OFF;77,15;
2026-07-25 08:32:43;02:59:18;83,6;79,5;77,1;77,3;37,2;225,2;8,60;1093,7;5,48;17,9;999,8;OFF;77,15;
2026-07-25 08:32:52;02:59:27;83,6;79,6;77,1;77,3;37,2;225,2;8,60;1093,7;5,48;17,9;999,8;OFF;77,15;
2026-07-25 08:33:01;02:59:36;83,7;79,6;77,1;77,3;37,2;225,2;8,60;1093,7;5,48;17,9;999,8;OFF;77,15;
2026-07-25 08:33:11;02:59:46;83,6;79,6;77,1;77,3;37,1;225,2;8,60;1093,7;5,49;18,2;999,9;OFF;77,15;
2026-07-25 08:33:20;02:59:55;83,6;79,6;77,1;77,3;37,2;225,2;8,60;1093,7;5,49;18,2;999,9;OFF;77,15;
2026-07-25 08:33:29;03:00:04;83,6;79,6;77,1;77,3;37,1;225,2;8,60;1093,7;5,49;18,2;999,9;OFF;77,15;
2026-07-25 08:33:38;03:00:13;83,6;79,6;77,0;77,3;37,1;225,2;8,60;1093,7;5,49;18,2;999,9;OFF;77,15;
2026-07-25 08:33:47;03:00:22;83,7;79,6;77,1;77,3;37,1;225,2;8,60;1093,7;5,50;18,2;999,9;OFF;77,15;
2026-07-25 08:33:56;03:00:31;83,7;79,6;77,0;77,3;37,2;225,2;8,60;1093,7;5,50;18,2;999,9;OFF;77,15;
2026-07-25 08:34:05;03:00:40;83,6;79,6;77,1;77,3;37,2;225,2;8,60;1093,7;5,50;18,2;999,9;OFF;77,15;
2026-07-25 08:34:14;03:00:49;83,7;79,6;77,1;77,3;37,2;225,2;8,60;1093,7;5,51;18,2;999,9;OFF;77,15;
2026-07-25 08:34:23;03:00:58;83,7;79,6;77,1;77,3;37,2;225,2;8,60;1093,7;5,51;18,2;999,9;OFF;77,15;
2026-07-25 08:34:32;03:01:07;83,6;79,6;77,1;77,3;37,2;225,2;8,60;1093,7;5,51;18,2;999,9;OFF;77,15;
2026-07-25 08:34:41;03:01:16;83,7;79,6;77,0;77,3;37,2;225,2;8,60;1093,7;5,51;18,2;999,9;OFF;77,15;
2026-07-25 08:34:50;03:01:25;83,7;79,6;77,0;77,3;37,2;225,2;8,60;1093,7;5,52;18,2;999,9;OFF;77,15;
2026-07-25 08:34:59;03:01:34;83,7;79,6;77,0;77,3;37,2;225,2;8,60;1093,7;5,52;18,2;999,9;OFF;77,15;
2026-07-25 08:35:08;03:01:43;83,7;79,6;77,1;77,3;37,2;225,2;8,60;1093,7;5,52;18,2;999,9;OFF;77,15;
2026-07-25 08:35:18;03:01:53;83,7;79,6;77,0;77,3;37,2;225,2;8,60;1093,7;5,52;18,2;999,9;OFF;77,15;
2026-07-25 08:35:27;03:02:02;83,7;79,6;77,0;77,3;37,2;225,2;8,60;1093,7;5,53;18,2;999,9;OFF;77,15;
2026-07-25 08:35:36;03:02:11;83,7;79,6;77,1;77,3;37,2;225,2;8,60;1093,7;5,53;18,2;999,9;OFF;77,15;
2026-07-25 08:35:45;03:02:20;83,7;79,6;77,1;77,3;37,2;225,2;8,60;1093,7;5,53;18,2;999,9;OFF;77,15;
2026-07-25 08:35:54;03:02:29;83,7;79,6;77,0;77,3;37,2;225,2;8,60;1093,7;5,54;18,2;999,9;OFF;77,15;
2026-07-25 08:36:03;03:02:38;83,7;79,6;77,1;77,3;37,2;225,2;8,60;1093,7;5,54;18,2;999,9;OFF;77,15;
2026-07-25 08:36:12;03:02:47;83,7;79,6;77,1;77,3;37,3;225,2;8,60;1093,7;5,54;18,2;999,9;OFF;77,15;
2026-07-25 08:36:21;03:02:56;83,7;79,6;77,1;77,3;37,3;225,2;8,60;1093,7;5,54;18,2;999,9;OFF;77,15;
2026-07-25 08:36:30;03:03:05;83,7;79,6;77,0;77,3;37,3;225,2;8,60;1093,7;5,55;18,2;999,9;OFF;77,15;
2026-07-25 08:36:39;03:03:14;83,7;79,6;77,1;77,3;37,3;225,2;8,60;1093,7;5,55;18,2;999,9;OFF;77,15;
2026-07-25 08:36:48;03:03:23;83,7;79,6;77,1;77,3;37,4;225,2;8,60;1093,7;5,55;18,2;999,9;OFF;77,15;
2026-07-25 08:36:57;03:03:32;83,7;79,6;77,1;77,3;37,4;225,2;8,60;1093,7;5,56;18,2;999,9;OFF;77,15;
2026-07-25 08:37:06;03:03:41;83,7;79,6;77,1;77,3;37,4;225,2;8,60;1093,7;5,56;18,2;999,9;OFF;77,15;
2026-07-25 08:37:15;03:03:50;83,7;79,6;77,1;77,3;37,4;225,2;8,60;1093,7;5,56;18,2;999,9;OFF;77,15;
2026-07-25 08:37:25;03:04:00;83,7;79,6;77,1;77,3;37,4;225,2;8,60;1093,7;5,56;18,2;999,9;OFF;77,15;
2026-07-25 08:37:34;03:04:09;83,7;79,6;77,1;77,3;37,4;225,2;8,60;1093,7;5,57;18,2;999,9;OFF;77,15;
2026-07-25 08:37:43;03:04:18;83,7;79,6;77,1;77,3;37,5;225,2;8,60;1093,7;5,57;18,2;999,9;OFF;77,15;
2026-07-25 08:37:52;03:04:27;83,7;79,6;77,1;77,3;37,5;225,2;8,60;1093,7;5,57;18,2;999,9;OFF;77,15;
2026-07-25 08:38:01;03:04:36;83,7;79,6;77,1;77,3;37,5;225,2;8,60;1093,7;5,57;18,2;999,9;OFF;77,15;
2026-07-25 08:38:10;03:04:45;83,7;79,6;77,1;77,3;37,6;225,2;8,60;1093,7;5,58;18,2;999,9;OFF;77,15;
2026-07-25 08:38:19;03:04:54;83,7;79,6;77,1;77,3;37,6;225,2;8,60;1093,7;5,58;18,2;999,9;OFF;77,15;
2026-07-25 08:38:28;03:05:03;83,7;79,6;77,1;77,3;37,7;225,2;8,60;1093,7;5,58;18,2;999,9;OFF;77,15;
2026-07-25 08:38:37;03:05:12;83,7;79,6;77,1;77,3;37,7;225,2;8,60;1093,7;5,59;18,2;999,9;OFF;77,15;
2026-07-25 08:38:46;03:05:21;83,7;79,6;77,1;77,3;37,7;225,2;8,60;1093,7;5,59;18,2;999,9;OFF;77,15;
2026-07-25 08:38:55;03:05:30;83,7;79,6;77,1;77,3;37,8;225,2;8,60;1093,7;5,59;18,2;999,9;OFF;77,15;
2026-07-25 08:39:04;03:05:39;83,7;79,6;77,1;77,3;37,8;225,2;8,60;1093,7;5,59;18,2;999,9;OFF;77,15;
2026-07-25 08:39:13;03:05:48;83,7;79,6;77,0;77,3;37,8;225,2;8,60;1093,7;5,60;18,2;999,9;OFF;77,15;
2026-07-25 08:39:22;03:05:57;83,7;79,6;77,1;77,3;37,8;225,2;8,60;1093,7;5,60;18,2;999,9;OFF;77,15;
2026-07-25 08:39:32;03:06:07;83,7;79,6;77,1;77,3;37,8;225,2;8,60;1093,7;5,60;18,2;999,9;OFF;77,15;
2026-07-25 08:39:41;03:06:16;83,7;79,6;77,1;77,3;37,8;225,2;8,60;1093,7;5,60;18,2;999,9;OFF;77,15;
2026-07-25 08:39:50;03:06:25;83,7;79,6;77,0;77,3;37,8;225,2;8,60;1093,7;5,61;18,2;999,9;OFF;77,15;
2026-07-25 08:39:59;03:06:34;83,7;79,6;77,1;77,3;37,8;225,2;8,60;1093,7;5,61;18,2;999,9;OFF;77,15;
2026-07-25 08:40:08;03:06:43;83,7;79,6;77,1;77,3;37,9;225,2;8,60;1093,7;5,61;18,2;999,9;OFF;77,15;
2026-07-25 08:40:17;03:06:52;83,7;79,6;77,1;77,3;37,9;225,2;8,60;1093,7;5,62;18,2;999,9;OFF;77,15;
2026-07-25 08:40:26;03:07:01;83,7;79,6;77,1;77,3;37,9;225,2;8,60;1093,7;5,62;18,2;999,9;OFF;77,15;
2026-07-25 08:40:35;03:07:10;83,7;79,6;77,1;77,3;37,9;225,2;8,60;1093,7;5,62;18,2;999,9;OFF;77,15;
2026-07-25 08:40:44;03:07:19;83,7;79,6;77,1;77,3;38,0;225,2;8,60;1093,7;5,62;18,2;999,9;OFF;77,15;
2026-07-25 08:40:53;03:07:28;83,7;79,6;77,1;77,3;38,0;225,2;8,60;1093,7;5,63;18,2;999,9;OFF;77,15;
2026-07-25 08:41:02;03:07:37;83,7;79,6;77,0;77,3;38,0;225,2;8,60;1093,7;5,63;18,2;999,9;OFF;77,15;
2026-07-25 08:41:11;03:07:46;83,7;79,6;77,0;77,3;38,1;225,2;8,60;1093,7;5,63;18,2;999,9;OFF;77,15;
2026-07-25 08:41:20;03:07:55;83,7;79,6;77,1;77,3;38,1;225,2;8,60;1093,7;5,63;18,2;999,9;OFF;77,15;
2026-07-25 08:41:29;03:08:04;83,7;79,6;77,1;77,3;38,2;225,2;8,60;1093,7;5,64;18,2;999,9;OFF;77,15;
2026-07-25 08:41:39;03:08:14;83,7;79,6;77,1;77,3;38,2;225,2;8,60;1093,7;5,64;18,2;999,9;OFF;77,15;
2026-07-25 08:41:48;03:08:23;83,7;79,6;77,1;77,3;38,2;225,2;8,60;1093,7;5,64;18,2;999,9;OFF;77,15;
2026-07-25 08:41:57;03:08:32;83,7;79,6;77,0;77,3;38,3;225,2;8,60;1093,7;5,65;18,2;999,9;OFF;77,15;
2026-07-25 08:42:06;03:08:41;83,7;79,6;77,1;77,3;38,4;225,2;8,60;1093,7;5,65;18,2;999,9;OFF;77,15;
2026-07-25 08:42:15;03:08:50;83,7;79,6;77,1;77,3;38,4;225,2;8,60;1093,7;5,65;18,2;999,9;OFF;77,15;
2026-07-25 08:42:24;03:08:59;83,7;79,6;77,1;77,3;38,5;225,2;8,60;1093,7;5,65;18,2;999,9;OFF;77,15;
2026-07-25 08:42:33;03:09:08;83,7;79,6;77,1;77,3;38,6;225,2;8,60;1093,7;5,66;18,2;999,9;OFF;77,15;
2026-07-25 08:42:42;03:09:17;83,7;79,6;77,1;77,3;38,6;225,2;8,60;1093,7;5,66;18,2;999,9;OFF;77,15;
2026-07-25 08:42:51;03:09:26;83,7;79,6;77,1;77,3;38,6;225,2;8,60;1093,7;5,66;18,2;999,9;OFF;77,15;
2026-07-25 08:43:00;03:09:35;83,7;79,6;77,0;77,3;38,6;225,2;8,60;1093,7;5,67;18,2;999,9;OFF;77,15;
2026-07-25 08:43:09;03:09:44;83,7;79,6;77,1;77,3;38,6;225,2;8,60;1093,7;5,67;18,2;999,9;OFF;77,15;
2026-07-25 08:43:18;03:09:53;83,7;79,6;77,1;77,3;38,6;225,2;8,60;1093,7;5,67;18,2;999,9;OFF;77,15;
2026-07-25 08:43:27;03:10:02;83,7;79,6;77,1;77,3;38,7;225,2;8,60;1093,7;5,67;18,2;999,9;OFF;77,15;
2026-07-25 08:43:36;03:10:11;83,7;79,6;77,1;77,3;38,7;225,2;8,60;1093,7;5,68;18,2;999,9;OFF;77,15;
2026-07-25 08:43:46;03:10:21;83,7;79,6;77,1;77,3;38,7;225,2;8,60;1093,7;5,68;18,2;999,9;OFF;77,15;
2026-07-25 08:43:55;03:10:30;83,7;79,6;77,1;77,3;38,8;225,2;8,60;1093,7;5,68;18,2;999,9;OFF;77,15;
2026-07-25 08:44:04;03:10:39;83,7;79,6;77,1;77,3;38,8;225,2;8,60;1093,7;5,68;18,2;999,9;OFF;77,15;
2026-07-25 08:44:13;03:10:48;83,7;79,6;77,0;77,3;38,9;225,2;8,60;1093,7;5,69;18,2;999,9;OFF;77,15;
2026-07-25 08:44:22;03:10:57;83,7;79,6;77,1;77,3;38,9;225,2;8,60;1093,7;5,69;18,2;999,9;OFF;77,15;
2026-07-25 08:44:31;03:11:06;83,7;79,5;77,0;77,3;38,9;225,2;8,60;1093,7;5,69;18,2;999,9;OFF;77,15;
2026-07-25 08:44:40;03:11:15;83,7;79,5;77,1;77,3;39,0;225,2;8,60;1093,7;5,70;18,2;999,9;OFF;77,15;
2026-07-25 08:44:49;03:11:24;83,7;79,5;77,1;77,3;39,0;225,2;8,60;1093,7;5,70;18,2;999,9;OFF;77,15;
2026-07-25 08:44:58;03:11:33;83,7;79,5;77,1;77,3;39,1;225,2;8,60;1093,7;5,70;18,2;999,9;OFF;77,15;
2026-07-25 08:45:07;03:11:42;83,7;79,6;77,0;77,3;39,1;225,2;8,60;1093,7;5,70;18,2;999,9;OFF;77,15;
2026-07-25 08:45:16;03:11:51;83,7;79,6;77,1;77,3;39,1;225,2;8,60;1093,7;5,71;18,2;999,9;OFF;77,15;
2026-07-25 08:45:25;03:12:00;83,7;79,6;77,0;77,3;39,1;225,2;8,60;1093,7;5,71;18,2;999,9;OFF;77,15;
2026-07-25 08:45:34;03:12:09;83,7;79,6;77,1;77,3;39,1;225,2;8,60;1093,7;5,71;18,2;999,9;OFF;77,15;
2026-07-25 08:45:43;03:12:18;83,7;79,6;77,1;77,3;39,2;225,2;8,60;1093,7;5,71;18,2;999,9;OFF;77,15;
2026-07-25 08:45:53;03:12:28;83,7;79,6;77,1;77,3;39,2;225,2;8,60;1093,7;5,72;18,2;999,9;OFF;77,15;
2026-07-25 08:46:02;03:12:37;83,7;79,6;77,1;77,3;39,2;225,2;8,60;1093,7;5,72;18,2;999,9;OFF;77,15;
2026-07-25 08:46:11;03:12:46;83,7;79,5;77,1;77,3;39,2;225,2;8,60;1093,7;5,72;18,2;999,9;OFF;77,15;
2026-07-25 08:46:20;03:12:55;83,7;79,5;77,1;77,3;39,2;225,2;8,60;1093,7;5,73;18,2;999,9;OFF;77,15;
2026-07-25 08:46:29;03:13:04;83,7;79,5;77,1;77,3;39,2;225,2;8,60;1093,7;5,73;18,2;999,9;OFF;77,15;
2026-07-25 08:46:38;03:13:13;83,7;79,5;77,1;77,3;39,2;225,2;8,60;1093,7;5,73;18,2;999,9;OFF;77,15;
2026-07-25 08:46:47;03:13:22;83,7;79,5;77,1;77,3;39,3;225,2;8,60;1093,7;5,73;18,2;999,9;OFF;77,15;
2026-07-25 08:46:56;03:13:31;83,7;79,5;77,1;77,3;39,3;225,2;8,60;1093,7;5,74;18,2;999,9;OFF;77,15;
2026-07-25 08:47:05;03:13:40;83,7;79,5;77,1;77,3;39,3;225,2;8,60;1093,7;5,74;18,2;999,9;OFF;77,15;
2026-07-25 08:47:14;03:13:49;83,7;79,5;77,0;77,3;39,3;225,2;8,60;1093,7;5,74;18,2;999,9;OFF;77,15;
2026-07-25 08:47:23;03:13:58;83,7;79,5;77,1;77,3;39,4;225,2;8,60;1093,7;5,75;18,2;999,9;OFF;77,15;
2026-07-25 08:47:32;03:14:07;83,7;79,5;77,1;77,3;39,4;225,2;8,60;1093,7;5,75;18,2;999,9;OFF;77,15;
2026-07-25 08:47:41;03:14:16;83,7;79,5;77,1;77,3;39,4;225,2;8,60;1093,7;5,75;18,2;999,9;OFF;77,15;
2026-07-25 08:47:50;03:14:25;83,7;79,5;77,1;77,3;39,5;225,2;8,60;1093,7;5,75;18,2;999,9;OFF;77,15;
2026-07-25 08:47:59;03:14:34;83,7;79,5;77,1;77,3;39,6;225,2;8,60;1093,7;5,76;18,2;999,9;OFF;77,15;
2026-07-25 08:48:08;03:14:43;83,7;79,6;77,1;77,3;39,6;225,2;8,60;1093,7;5,76;18,2;999,9;OFF;77,15;
2026-07-25 08:48:17;03:14:52;83,7;79,5;77,1;77,3;39,7;225,2;8,60;1093,7;5,76;18,2;999,9;OFF;77,15;
2026-07-25 08:48:26;03:15:01;83,7;79,6;77,1;77,3;39,8;225,2;8,60;1093,7;5,76;18,2;999,9;OFF;77,15;
2026-07-25 08:48:35;03:15:10;83,7;79,6;77,1;77,3;39,8;225,2;8,60;1093,7;5,77;18,6;1000,0;OFF;77,15;
2026-07-25 08:48:45;03:15:20;83,7;79,6;77,1;77,3;39,9;225,2;8,60;1093,7;5,77;18,6;1000,0;OFF;77,15;
2026-07-25 08:48:54;03:15:29;83,7;79,6;77,0;77,3;39,9;225,2;8,60;1093,7;5,77;18,6;1000,0;OFF;77,15;
2026-07-25 08:49:03;03:15:38;83,7;79,6;77,1;77,3;40,0;225,2;8,60;1093,7;5,78;18,6;1000,0;OFF;77,15;
2026-07-25 08:49:12;03:15:47;83,7;79,6;77,1;77,3;40,1;225,2;8,60;1093,7;5,78;18,6;1000,0;OFF;77,15;
2026-07-25 08:49:21;03:15:56;83,7;79,6;77,0;77,3;40,1;225,2;8,60;1093,7;5,78;18,6;1000,0;OFF;77,15;
2026-07-25 08:49:30;03:16:05;83,7;79,6;77,0;77,3;40,2;225,2;8,60;1093,7;5,78;18,6;1000,0;OFF;77,15;
2026-07-25 08:49:39;03:16:14;83,7;79,6;77,1;77,3;40,2;225,2;8,60;1093,7;5,79;18,6;1000,0;OFF;77,15;
2026-07-25 08:49:48;03:16:23;83,7;79,6;77,1;77,3;40,3;225,2;8,60;1093,7;5,79;18,6;1000,0;OFF;77,15;
2026-07-25 08:49:57;03:16:32;83,7;79,6;77,0;77,3;40,4;225,2;8,60;1093,7;5,79;18,6;1000,0;OFF;77,15;
2026-07-25 08:50:07;03:16:42;83,7;79,6;77,1;77,3;40,4;225,2;8,60;1093,7;5,79;18,6;1000,0;OFF;77,15;
2026-07-25 08:50:16;03:16:51;83,7;79,6;77,1;77,3;40,5;225,2;8,60;1093,7;5,80;18,6;1000,0;OFF;77,15;
2026-07-25 08:50:25;03:17:00;83,7;79,6;77,1;77,3;40,6;225,2;8,60;1093,7;5,80;18,6;1000,0;OFF;77,15;
2026-07-25 08:50:34;03:17:09;83,7;79,6;77,1;77,3;40,5;225,2;8,60;1093,7;5,80;18,6;1000,0;OFF;77,15;
2026-07-25 08:50:43;03:17:18;83,7;79,6;77,1;77,3;40,4;225,2;8,60;1093,7;5,81;18,6;1000,0;OFF;77,15;
2026-07-25 08:50:52;03:17:27;83,7;79,6;77,1;77,3;40,2;225,2;8,60;1093,7;5,81;18,6;1000,0;OFF;77,15;
2026-07-25 08:51:01;03:17:36;83,7;79,6;77,0;77,3;39,9;225,2;8,60;1093,7;5,81;18,6;1000,0;OFF;77,15;
2026-07-25 08:51:10;03:17:45;83,7;79,6;77,1;77,3;39,7;225,2;8,60;1093,7;5,81;18,6;1000,0;OFF;77,15;
2026-07-25 08:51:19;03:17:54;83,7;79,6;77,1;77,3;39,5;225,2;8,60;1093,7;5,82;18,6;1000,0;OFF;77,15;
2026-07-25 08:51:28;03:18:03;83,7;79,6;77,1;77,3;39,4;225,2;8,60;1093,7;5,82;18,6;1000,0;OFF;77,15;
2026-07-25 08:51:37;03:18:12;83,7;79,6;77,1;77,3;39,2;225,2;8,60;1093,7;5,82;18,6;1000,0;OFF;77,15;
2026-07-25 08:51:46;03:18:21;83,7;79,6;77,1;77,3;38,9;225,2;8,60;1093,7;5,83;18,6;1000,0;OFF;77,15;
2026-07-25 08:51:55;03:18:30;83,7;79,6;77,0;77,3;38,8;225,2;8,60;1093,7;5,83;18,6;1000,0;OFF;77,15;
2026-07-25 08:52:04;03:18:39;83,7;79,6;77,1;77,3;38,6;225,2;8,60;1093,7;5,83;18,6;1000,0;OFF;77,15;
2026-07-25 08:52:14;03:18:49;83,7;79,6;77,1;77,3;38,4;225,2;8,60;1093,7;5,83;18,6;1000,0;OFF;77,15;
2026-07-25 08:52:23;03:18:58;83,7;79,6;77,1;77,3;38,2;225,2;8,60;1093,7;5,84;18,6;1000,0;OFF;77,15;
2026-07-25 08:52:32;03:19:07;83,7;79,6;77,1;77,3;38,1;225,2;8,60;1093,7;5,84;18,6;1000,0;OFF;77,15;
2026-07-25 08:52:41;03:19:16;83,7;79,6;77,1;77,3;38,0;225,2;8,60;1093,7;5,84;18,6;1000,0;OFF;77,15;
2026-07-25 08:52:50;03:19:25;83,7;79,6;77,1;77,3;37,9;225,2;8,60;1093,7;5,84;18,6;1000,0;OFF;77,15;
2026-07-25 08:52:59;03:19:34;83,7;79,6;77,1;77,3;37,8;225,2;8,60;1093,7;5,85;18,6;1000,0;OFF;77,15;
2026-07-25 08:53:08;03:19:43;83,7;79,6;77,1;77,3;37,7;225,2;8,60;1093,7;5,85;18,6;1000,0;OFF;77,15;
2026-07-25 08:53:17;03:19:52;83,7;79,6;77,1;77,3;37,6;225,2;8,60;1093,7;5,85;18,6;1000,0;OFF;77,15;
2026-07-25 08:53:26;03:20:01;83,7;79,6;77,1;77,3;37,5;225,2;8,60;1093,7;5,86;18,6;1000,0;OFF;77,15;
2026-07-25 08:53:35;03:20:10;83,7;79,6;77,1;77,3;37,4;225,2;8,60;1093,7;5,86;18,6;1000,0;OFF;77,15;
2026-07-25 08:53:45;03:20:20;83,7;79,6;77,1;77,3;37,4;225,2;8,60;1093,7;5,86;18,6;1000,0;OFF;77,15;
2026-07-25 08:53:54;03:20:29;83,7;79,6;77,1;77,3;37,4;225,2;8,60;1093,7;5,86;18,6;1000,0;OFF;77,15;
2026-07-25 08:54:03;03:20:38;83,8;79,6;77,1;77,3;37,4;225,2;8,60;1093,7;5,87;18,6;1000,0;OFF;77,15;
2026-07-25 08:54:12;03:20:47;83,7;79,6;77,1;77,3;37,3;225,2;8,60;1093,7;5,87;18,6;1000,0;OFF;77,15;
2026-07-25 08:54:21;03:20:56;83,7;79,6;77,1;77,3;37,3;225,2;8,60;1093,7;5,87;18,6;1000,0;OFF;77,15;
2026-07-25 08:54:30;03:21:05;83,7;79,6;77,1;77,3;37,3;225,2;8,60;1093,7;5,87;18,6;1000,0;OFF;77,15;
2026-07-25 08:54:39;03:21:14;83,7;79,6;77,1;77,3;37,2;225,2;8,60;1093,7;5,88;18,6;1000,0;OFF;77,15;
2026-07-25 08:54:48;03:21:23;83,7;79,6;77,1;77,3;37,2;225,2;8,60;1093,7;5,88;18,6;1000,0;OFF;77,15;
2026-07-25 08:54:57;03:21:32;83,7;79,6;77,1;77,3;37,2;225,2;8,60;1093,7;5,88;18,6;1000,0;OFF;77,15;
2026-07-25 08:55:06;03:21:41;83,7;79,6;77,1;77,3;37,2;225,2;8,60;1093,7;5,89;18,6;1000,0;OFF;77,15;
2026-07-25 08:55:15;03:21:50;83,7;79,6;77,1;77,3;37,1;225,2;8,60;1093,7;5,89;18,6;1000,0;OFF;77,15;
2026-07-25 08:55:24;03:21:59;83,7;79,6;77,1;77,3;37,1;225,2;8,60;1093,7;5,89;18,6;1000,0;OFF;77,15;
2026-07-25 08:55:33;03:22:08;83,7;79,6;77,1;77,3;37,1;225,2;8,60;1093,7;5,89;18,6;1000,0;OFF;77,15;
2026-07-25 08:55:42;03:22:17;83,7;79,6;77,1;77,3;37,1;225,2;8,60;1093,7;5,90;18,6;1000,0;OFF;77,15;
2026-07-25 08:55:51;03:22:26;83,7;79,6;77,1;77,3;37,1;225,2;8,60;1093,7;5,90;18,6;1000,0;OFF;77,15;
2026-07-25 08:56:00;03:22:35;83,7;79,6;77,1;77,3;37,1;225,2;8,60;1093,7;5,90;18,6;1000,0;OFF;77,15;
2026-07-25 08:56:09;03:22:44;83,7;79,6;77,1;77,3;37,1;225,2;8,60;1093,7;5,90;18,6;1000,0;OFF;77,15;
2026-07-25 08:56:18;03:22:53;83,7;79,6;77,1;77,3;37,1;225,2;8,60;1093,7;5,91;18,6;1000,0;OFF;77,15;
2026-07-25 08:56:28;03:23:03;83,7;79,6;77,1;77,3;37,1;225,9;8,65;1106,2;5,91;18,6;1000,0;OFF;77,15;
2026-07-25 08:56:37;03:23:12;83,7;79,6;77,1;77,3;37,1;225,9;8,65;1106,2;5,91;18,6;1000,0;OFF;77,15;
2026-07-25 08:56:46;03:23:21;83,7;79,6;77,1;77,3;37,2;225,9;8,65;1106,2;5,92;18,6;1000,0;OFF;77,15;
2026-07-25 08:56:55;03:23:30;83,7;79,6;77,1;77,3;37,2;225,9;8,65;1106,2;5,92;18,6;1000,0;OFF;77,15;
2026-07-25 08:57:04;03:23:39;83,7;79,6;77,1;77,3;37,2;225,9;8,65;1106,2;5,92;18,6;1000,0;OFF;77,15;
2026-07-25 08:57:13;03:23:48;83,7;79,6;77,1;77,3;37,2;225,9;8,65;1106,2;5,92;18,6;1000,0;OFF;77,15;
2026-07-25 08:57:22;03:23:57;83,7;79,6;77,1;77,3;37,2;225,9;8,65;1106,2;5,93;18,6;1000,0;OFF;77,15;
2026-07-25 08:57:31;03:24:06;83,7;79,6;77,1;77,3;37,3;225,9;8,65;1106,2;5,93;18,6;1000,0;OFF;77,15;
2026-07-25 08:57:40;03:24:15;83,7;79,6;77,1;77,3;37,3;225,9;8,65;1106,2;5,93;18,6;1000,0;OFF;77,15;
2026-07-25 08:57:49;03:24:24;83,8;79,6;77,1;77,3;37,4;225,9;8,65;1106,2;5,94;18,6;1000,0;OFF;77,15;
2026-07-25 08:57:58;03:24:33;83,7;79,6;77,1;77,3;37,4;225,9;8,65;1106,2;5,94;18,6;1000,0;OFF;77,15;
2026-07-25 08:58:07;03:24:42;83,7;79,6;77,1;77,3;37,4;225,9;8,65;1106,2;5,94;18,6;1000,0;OFF;77,15;
2026-07-25 08:58:16;03:24:51;83,7;79,6;77,1;77,3;37,4;225,9;8,65;1106,2;5,94;18,6;1000,0;OFF;77,15;
2026-07-25 08:58:25;03:25:00;83,7;79,6;77,1;77,3;37,4;225,9;8,65;1106,2;5,95;18,6;1000,0;OFF;77,15;
2026-07-25 08:58:34;03:25:09;83,7;79,6;77,1;77,3;37,4;225,9;8,65;1106,2;5,95;18,6;1000,0;OFF;77,15;
2026-07-25 08:58:43;03:25:18;83,7;79,6;77,1;77,3;37,5;225,9;8,65;1106,2;5,95;18,6;1000,0;OFF;77,15;
2026-07-25 08:58:52;03:25:27;83,7;79,6;77,1;77,3;37,5;225,9;8,65;1106,2;5,96;18,6;1000,0;OFF;77,15;
2026-07-25 08:59:01;03:25:36;83,8;79,6;77,1;77,3;37,6;225,9;8,65;1106,2;5,96;18,6;1000,0;OFF;77,15;
2026-07-25 08:59:10;03:25:45;83,7;79,6;77,1;77,3;37,6;225,9;8,65;1106,2;5,96;18,6;1000,0;OFF;77,15;
2026-07-25 08:59:19;03:25:54;83,7;79,6;77,1;77,3;37,6;225,9;8,65;1106,2;5,96;18,6;1000,0;OFF;77,15;
2026-07-25 08:59:29;03:26:04;83,8;79,6;77,1;77,3;37,6;225,9;8,65;1106,2;5,97;18,6;1000,0;OFF;77,15;
2026-07-25 08:59:38;03:26:13;83,7;79,6;77,1;77,3;37,7;225,9;8,65;1106,2;5,97;18,6;1000,0;OFF;77,15;
2026-07-25 08:59:47;03:26:22;83,8;79,6;77,1;77,3;37,7;225,9;8,65;1106,2;5,97;18,6;1000,0;OFF;77,15;
2026-07-25 08:59:56;03:26:31;83,8;79,6;77,1;77,3;37,8;225,9;8,65;1106,2;5,97;18,6;1000,0;OFF;77,15;
2026-07-25 09:00:05;03:26:40;83,7;79,6;77,1;77,3;37,8;225,9;8,65;1106,2;5,98;18,6;1000,0;OFF;77,15;
2026-07-25 09:00:14;03:26:49;83,7;79,6;77,1;77,3;37,8;225,9;8,65;1106,2;5,98;18,6;1000,0;OFF;77,15;
2026-07-25 09:00:23;03:26:58;83,7;79,6;77,1;77,3;37,8;225,9;8,65;1106,2;5,98;18,6;1000,0;OFF;77,15;
2026-07-25 09:00:32;03:27:07;83,8;79,6;77,1;77,3;37,8;225,9;8,65;1106,2;5,99;18,6;1000,0;OFF;77,15;
2026-07-25 09:00:41;03:27:16;83,8;79,6;77,1;77,3;37,8;225,9;8,65;1106,2;5,99;18,6;1000,0;OFF;77,15;
2026-07-25 09:00:50;03:27:25;83,8;79,6;77,1;77,3;37,9;225,9;8,65;1106,2;5,99;18,6;1000,0;OFF;77,15;
2026-07-25 09:00:59;03:27:34;83,7;79,6;77,1;77,3;37,8;225,9;8,65;1106,2;5,99;18,6;1000,0;OFF;77,15;
2026-07-25 09:01:08;03:27:43;83,8;79,6;77,1;77,3;37,9;225,9;8,65;1106,2;6,00;18,6;1000,0;OFF;77,15;
2026-07-25 09:01:17;03:27:52;83,8;79,6;77,1;77,3;37,9;225,9;8,65;1106,2;6,00;18,6;1000,0;OFF;77,15;
2026-07-25 09:01:26;03:28:01;83,8;79,6;77,1;77,3;37,9;225,9;8,65;1106,2;6,00;18,6;1000,0;OFF;77,15;
2026-07-25 09:01:35;03:28:10;83,7;79,6;77,1;77,3;37,9;225,9;8,65;1106,2;6,01;18,6;1000,0;OFF;77,15;
2026-07-25 09:01:44;03:28:19;83,8;79,6;77,0;77,3;37,9;225,9;8,65;1106,2;6,01;18,6;1000,0;OFF;77,15;
2026-07-25 09:01:53;03:28:28;83,8;79,6;77,1;77,3;37,9;225,9;8,65;1106,2;6,01;18,6;1000,0;OFF;77,15;
2026-07-25 09:02:02;03:28:37;83,8;79,6;77,1;77,3;37,9;225,9;8,65;1106,2;6,01;18,6;1000,0;OFF;77,15;
2026-07-25 09:02:11;03:28:46;83,7;79,6;77,1;77,3;37,9;225,9;8,65;1106,2;6,02;18,6;1000,0;OFF;77,15;
2026-07-25 09:02:20;03:28:55;83,7;79,6;77,1;77,3;37,9;225,9;8,65;1106,2;6,02;18,6;1000,0;OFF;77,15;
2026-07-25 09:02:29;03:29:04;83,8;79,6;77,1;77,3;37,9;225,9;8,65;1106,2;6,02;18,6;1000,0;OFF;77,15;
2026-07-25 09:02:38;03:29:13;83,7;79,6;77,1;77,3;37,9;225,9;8,65;1106,2;6,02;18,6;1000,0;OFF;77,15;
2026-07-25 09:02:48;03:29:23;83,8;79,6;77,1;77,3;37,9;225,9;8,65;1106,2;6,03;18,6;1000,0;OFF;77,15;
2026-07-25 09:02:57;03:29:32;83,7;79,6;77,1;77,3;38,0;225,9;8,65;1106,2;6,03;18,6;1000,0;OFF;77,15;
2026-07-25 09:03:06;03:29:41;83,8;79,6;77,1;77,3;38,0;225,9;8,65;1106,2;6,03;18,6;1000,0;OFF;77,15;
2026-07-25 09:03:15;03:29:50;83,7;79,6;77,1;77,3;38,0;225,9;8,65;1106,2;6,04;18,6;1000,0;OFF;77,15;
2026-07-25 09:03:24;03:29:59;83,8;79,6;77,1;77,3;37,9;225,9;8,65;1106,2;6,04;18,6;1000,0;OFF;77,15;
2026-07-25 09:03:33;03:30:08;83,8;79,6;77,0;77,3;37,9;225,9;8,65;1106,2;6,04;18,6;1000,0;OFF;77,15;
2026-07-25 09:03:42;03:30:17;83,8;79,6;77,1;77,3;37,9;225,9;8,65;1106,2;6,04;18,6;1000,0;OFF;77,15;
2026-07-25 09:03:51;03:30:26;83,8;79,6;77,1;77,3;37,9;225,9;8,65;1106,2;6,05;18,6;1000,0;OFF;77,15;
2026-07-25 09:04:00;03:30:35;83,8;79,6;77,1;77,3;37,9;225,9;8,65;1106,2;6,05;18,9;1000,1;OFF;77,15;
2026-07-25 09:04:09;03:30:44;83,7;79,5;77,1;77,3;37,9;225,9;8,65;1106,2;6,05;18,9;1000,1;OFF;77,15;
2026-07-25 09:04:18;03:30:53;83,8;79,5;77,0;77,3;37,9;225,9;8,65;1106,2;6,06;18,9;1000,1;OFF;77,15;
2026-07-25 09:04:27;03:31:02;83,8;79,6;77,1;77,3;37,8;225,9;8,65;1106,2;6,06;18,9;1000,1;OFF;77,15;
2026-07-25 09:04:36;03:31:11;83,8;79,6;77,1;77,3;37,8;225,9;8,65;1106,2;6,06;18,9;1000,1;OFF;77,15;
2026-07-25 09:04:45;03:31:20;83,8;79,6;77,1;77,3;37,8;225,9;8,65;1106,2;6,06;18,9;1000,1;OFF;77,15;
2026-07-25 09:04:55;03:31:30;83,8;79,6;77,0;77,3;37,8;225,9;8,65;1106,2;6,07;18,9;1000,1;OFF;77,15;
2026-07-25 09:05:04;03:31:39;83,8;79,6;77,1;77,3;37,7;225,9;8,65;1106,2;6,07;18,9;1000,1;OFF;77,15;
2026-07-25 09:05:13;03:31:48;83,8;79,6;77,1;77,3;37,7;225,9;8,65;1106,2;6,07;18,9;1000,1;OFF;77,15;
2026-07-25 09:05:22;03:31:57;83,8;79,6;77,0;77,3;37,7;225,9;8,65;1106,2;6,07;18,9;1000,1;OFF;77,15;
2026-07-25 09:05:31;03:32:06;83,8;79,6;77,1;77,3;37,6;225,9;8,65;1106,2;6,08;18,9;1000,1;OFF;77,15;
2026-07-25 09:05:40;03:32:15;83,8;79,5;77,1;77,3;37,6;225,9;8,65;1106,2;6,08;18,9;1000,1;OFF;77,15;
2026-07-25 09:05:49;03:32:24;83,8;79,5;77,1;77,3;37,6;225,9;8,65;1106,2;6,08;18,9;1000,1;OFF;77,15;
2026-07-25 09:05:58;03:32:33;83,8;79,5;77,1;77,3;37,6;225,9;8,65;1106,2;6,09;18,9;1000,1;OFF;77,15;
2026-07-25 09:06:07;03:32:42;83,8;79,5;77,1;77,3;37,6;225,9;8,65;1106,2;6,09;18,9;1000,1;OFF;77,15;
2026-07-25 09:06:16;03:32:51;83,8;79,5;77,1;77,3;37,6;225,9;8,65;1106,2;6,09;18,9;1000,1;OFF;77,15;
2026-07-25 09:06:25;03:33:00;83,8;79,6;77,1;77,3;37,6;225,9;8,65;1106,2;6,09;18,9;1000,1;OFF;77,15;
2026-07-25 09:06:34;03:33:09;83,8;79,5;77,1;77,3;37,6;225,9;8,65;1106,2;6,10;18,9;1000,1;OFF;77,15;
2026-07-25 09:06:43;03:33:18;83,8;79,6;77,1;77,3;37,6;225,9;8,65;1106,2;6,10;18,9;1000,1;OFF;77,15;
2026-07-25 09:06:52;03:33:27;83,8;79,6;77,1;77,3;37,6;225,9;8,65;1106,2;6,10;18,9;1000,1;OFF;77,15;
2026-07-25 09:07:02;03:33:37;83,8;79,6;77,1;77,3;37,6;225,9;8,65;1106,2;6,11;18,9;1000,1;OFF;77,15;
2026-07-25 09:07:11;03:33:46;83,8;79,6;77,1;77,3;37,6;225,9;8,65;1106,2;6,11;18,9;1000,1;OFF;77,15;
2026-07-25 09:07:20;03:33:55;83,8;79,6;77,1;77,3;37,6;225,9;8,65;1106,2;6,11;18,9;1000,1;OFF;77,15;
2026-07-25 09:07:29;03:34:04;83,8;79,6;77,1;77,3;37,6;225,9;8,65;1106,2;6,11;18,9;1000,1;OFF;77,15;
2026-07-25 09:07:38;03:34:13;83,8;79,6;77,1;77,3;37,5;225,9;8,65;1106,2;6,12;18,9;1000,1;OFF;77,15;
2026-07-25 09:07:47;03:34:22;83,8;79,6;77,0;77,3;37,5;225,9;8,65;1106,2;6,12;18,9;1000,1;OFF;77,15;
2026-07-25 09:07:56;03:34:31;83,8;79,6;77,1;77,3;37,5;225,9;8,65;1106,2;6,12;18,9;1000,1;OFF;77,15;
2026-07-25 09:08:05;03:34:40;83,8;79,6;77,1;77,3;37,5;225,9;8,65;1106,2;6,12;18,9;1000,1;OFF;77,15;
2026-07-25 09:08:14;03:34:49;83,8;79,6;77,1;77,3;37,6;225,9;8,65;1106,2;6,13;18,9;1000,1;OFF;77,15;
2026-07-25 09:08:23;03:34:58;83,8;79,6;77,1;77,3;37,6;225,9;8,65;1106,2;6,13;18,9;1000,1;OFF;77,15;
2026-07-25 09:08:32;03:35:07;83,8;79,6;77,1;77,3;37,6;225,9;8,65;1106,2;6,13;18,9;1000,1;OFF;77,15;
2026-07-25 09:08:41;03:35:16;83,8;79,6;77,1;77,3;37,6;225,9;8,65;1106,2;6,14;18,9;1000,1;OFF;77,15;
2026-07-25 09:08:50;03:35:25;83,8;79,6;77,1;77,3;37,6;225,9;8,65;1106,2;6,14;18,9;1000,1;OFF;77,15;
2026-07-25 09:08:59;03:35:34;83,8;79,6;77,1;77,3;37,7;225,9;8,65;1106,2;6,14;18,9;1000,1;OFF;77,15;
2026-07-25 09:09:09;03:35:44;83,8;79,6;77,1;77,3;37,7;225,9;8,65;1106,2;6,14;18,9;1000,1;OFF;77,15;
2026-07-25 09:09:18;03:35:53;83,8;79,6;77,1;77,3;37,8;225,9;8,65;1106,2;6,15;18,9;1000,1;OFF;77,15;
2026-07-25 09:09:27;03:36:02;83,8;79,6;77,1;77,3;37,8;225,9;8,65;1106,2;6,15;18,9;1000,1;OFF;77,15;
2026-07-25 09:09:36;03:36:11;83,8;79,6;77,1;77,3;37,8;225,9;8,65;1106,2;6,15;18,9;1000,1;OFF;77,15;
2026-07-25 09:09:45;03:36:20;83,8;79,6;77,1;77,3;37,8;225,9;8,65;1106,2;6,16;18,9;1000,1;OFF;77,15;
2026-07-25 09:09:54;03:36:29;83,8;79,6;77,1;77,3;37,8;225,9;8,65;1106,2;6,16;18,9;1000,1;OFF;77,15;
2026-07-25 09:10:03;03:36:38;83,8;79,6;77,1;77,3;37,8;225,9;8,65;1106,2;6,16;18,9;1000,1;OFF;77,15;
2026-07-25 09:10:12;03:36:47;83,8;79,6;77,1;77,3;37,9;225,9;8,65;1106,2;6,16;18,9;1000,1;OFF;77,15;
2026-07-25 09:10:21;03:36:56;83,8;79,6;77,1;77,3;37,9;225,9;8,65;1106,2;6,17;18,9;1000,1;OFF;77,15;
2026-07-25 09:10:30;03:37:05;83,8;79,6;77,1;77,3;37,9;225,9;8,65;1106,2;6,17;18,9;1000,1;OFF;77,15;
2026-07-25 09:10:39;03:37:14;83,8;79,6;77,1;77,3;37,9;225,9;8,65;1106,2;6,17;18,9;1000,1;OFF;77,15;
2026-07-25 09:10:48;03:37:23;83,8;79,6;77,1;77,3;37,9;225,9;8,65;1106,2;6,18;18,9;1000,1;OFF;77,15;
2026-07-25 09:10:57;03:37:32;83,8;79,6;77,1;77,3;37,9;225,9;8,65;1106,2;6,18;18,9;1000,1;OFF;77,15;
2026-07-25 09:11:06;03:37:41;83,8;79,6;77,1;77,3;37,9;225,9;8,65;1106,2;6,18;18,9;1000,1;OFF;77,15;
2026-07-25 09:11:15;03:37:50;83,8;79,6;77,1;77,3;37,9;225,9;8,65;1106,2;6,18;18,9;1000,1;OFF;77,15;
2026-07-25 09:11:24;03:37:59;83,8;79,6;77,0;77,3;37,9;225,9;8,65;1106,2;6,19;18,9;1000,1;OFF;77,15;
2026-07-25 09:11:34;03:38:09;83,8;79,6;77,1;77,3;37,9;225,9;8,65;1106,2;6,19;18,9;1000,1;OFF;77,15;
2026-07-25 09:11:43;03:38:18;83,8;79,6;77,1;77,3;37,9;225,9;8,65;1106,2;6,19;18,9;1000,1;OFF;77,15;
2026-07-25 09:11:52;03:38:27;83,8;79,6;77,1;77,3;37,9;225,9;8,65;1106,2;6,19;18,9;1000,1;OFF;77,15;
2026-07-25 09:12:01;03:38:36;83,8;79,6;77,0;77,3;37,9;225,9;8,65;1106,2;6,20;18,9;1000,1;OFF;77,15;
2026-07-25 09:12:10;03:38:45;83,8;79,6;77,1;77,3;37,9;225,9;8,65;1106,2;6,20;18,9;1000,1;OFF;77,15;
2026-07-25 09:12:19;03:38:54;83,8;79,6;77,1;77,3;37,9;225,9;8,65;1106,2;6,20;18,9;1000,1;OFF;77,15;
2026-07-25 09:12:28;03:39:03;83,8;79,6;77,1;77,3;37,9;225,9;8,65;1106,2;6,21;18,9;1000,1;OFF;77,15;
2026-07-25 09:12:37;03:39:12;83,8;79,6;77,1;77,3;38,0;225,9;8,65;1106,2;6,21;18,9;1000,1;OFF;77,15;
2026-07-25 09:12:46;03:39:21;83,8;79,6;77,1;77,3;38,1;225,9;8,65;1106,2;6,21;18,9;1000,1;OFF;77,15;
2026-07-25 09:12:55;03:39:30;83,8;79,6;77,1;77,3;38,1;225,9;8,65;1106,2;6,21;18,9;1000,1;OFF;77,15;
2026-07-25 09:13:04;03:39:39;83,8;79,6;77,1;77,3;38,1;225,9;8,65;1106,2;6,22;18,9;1000,1;OFF;77,15;
2026-07-25 09:13:13;03:39:48;83,8;79,6;77,1;77,3;38,1;225,9;8,65;1106,2;6,22;18,9;1000,1;OFF;77,15;
2026-07-25 09:13:22;03:39:57;83,8;79,6;77,1;77,3;38,1;225,9;8,65;1106,2;6,22;18,9;1000,1;OFF;77,15;
2026-07-25 09:13:32;03:40:07;83,8;79,6;77,1;77,3;38,1;225,9;8,65;1106,2;6,23;18,9;1000,1;OFF;77,15;
2026-07-25 09:13:41;03:40:16;83,8;79,6;77,1;77,3;38,1;225,9;8,65;1106,2;6,23;18,9;1000,1;OFF;77,15;
2026-07-25 09:13:50;03:40:25;83,8;79,6;77,1;77,3;38,2;225,9;8,65;1106,2;6,23;18,9;1000,1;OFF;77,15;
2026-07-25 09:13:59;03:40:34;83,8;79,6;77,1;77,3;38,2;225,9;8,65;1106,2;6,23;18,9;1000,1;OFF;77,15;
2026-07-25 09:14:08;03:40:43;83,8;79,6;77,1;77,3;38,2;225,9;8,65;1106,2;6,24;18,9;1000,1;OFF;77,15;
2026-07-25 09:14:17;03:40:52;83,8;79,6;77,1;77,3;38,2;225,9;8,65;1106,2;6,24;18,9;1000,1;OFF;77,15;
2026-07-25 09:14:26;03:41:01;83,8;79,6;77,1;77,3;38,3;225,9;8,65;1106,2;6,24;18,9;1000,1;OFF;77,15;
2026-07-25 09:14:35;03:41:10;83,8;79,6;77,1;77,3;38,4;225,9;8,65;1106,2;6,24;18,9;1000,1;OFF;77,15;
2026-07-25 09:14:44;03:41:19;83,8;79,6;77,1;77,3;38,4;225,9;8,65;1106,2;6,25;18,9;1000,1;OFF;77,15;
2026-07-25 09:14:53;03:41:28;83,8;79,6;77,1;77,3;38,4;225,9;8,65;1106,2;6,25;18,9;1000,1;OFF;77,15;
2026-07-25 09:15:02;03:41:37;83,8;79,6;77,1;77,3;38,5;225,9;8,65;1106,2;6,25;18,9;1000,1;OFF;77,15;
2026-07-25 09:15:11;03:41:46;83,8;79,6;77,1;77,3;38,6;225,9;8,65;1106,2;6,26;18,9;1000,1;OFF;77,15;
2026-07-25 09:15:20;03:41:55;83,8;79,6;77,1;77,3;38,6;225,9;8,65;1106,2;6,26;18,9;1000,1;OFF;77,15;
2026-07-25 09:15:30;03:42:05;83,8;79,6;77,1;77,3;38,6;225,9;8,65;1106,2;6,26;18,9;1000,1;OFF;77,15;
2026-07-25 09:15:39;03:42:14;83,8;79,6;77,1;77,3;38,7;225,9;8,65;1106,2;6,26;18,9;1000,1;OFF;77,15;
2026-07-25 09:15:48;03:42:23;83,8;79,6;77,1;77,3;38,8;225,9;8,65;1106,2;6,27;18,9;1000,1;OFF;77,15;
2026-07-25 09:15:57;03:42:32;83,8;79,6;77,1;77,3;38,8;225,9;8,65;1106,2;6,27;18,9;1000,1;OFF;77,15;
2026-07-25 09:16:06;03:42:41;83,8;79,6;77,1;77,3;38,9;225,9;8,65;1106,2;6,27;18,9;1000,1;OFF;77,15;
2026-07-25 09:16:15;03:42:50;83,8;79,6;77,1;77,3;38,9;225,9;8,65;1106,2;6,28;18,9;1000,1;OFF;77,15;
2026-07-25 09:16:24;03:42:59;83,8;79,6;77,1;77,3;39,0;225,9;8,65;1106,2;6,28;18,9;1000,1;OFF;77,15;
2026-07-25 09:16:33;03:43:08;83,8;79,6;77,1;77,3;39,0;225,9;8,65;1106,2;6,28;18,9;1000,1;OFF;77,15;
2026-07-25 09:16:42;03:43:17;83,8;79,6;77,1;77,3;39,1;225,9;8,65;1106,2;6,28;18,9;1000,1;OFF;77,15;
2026-07-25 09:16:51;03:43:26;83,8;79,6;77,1;77,3;39,1;225,9;8,65;1106,2;6,29;18,9;1000,1;OFF;77,15;
2026-07-25 09:17:00;03:43:35;83,8;79,6;77,1;77,3;39,1;225,9;8,65;1106,2;6,29;18,9;1000,1;OFF;77,15;
2026-07-25 09:17:09;03:43:44;83,8;79,6;77,1;77,3;39,2;225,9;8,65;1106,2;6,29;18,9;1000,1;OFF;77,15;
2026-07-25 09:17:18;03:43:53;83,8;79,6;77,2;77,3;39,2;225,9;8,65;1106,2;6,29;18,9;1000,1;OFF;77,15;
2026-07-25 09:17:27;03:44:02;83,8;79,6;77,1;77,3;39,3;225,9;8,65;1106,2;6,30;18,9;1000,1;OFF;77,15;
2026-07-25 09:17:36;03:44:11;83,8;79,5;77,1;77,3;39,4;225,9;8,65;1106,2;6,30;18,9;1000,1;OFF;77,15;koniec odbioru  przedgonow 550ml,  zakrecony bufot
2026-07-25 09:17:45;03:44:20;83,8;79,5;77,1;77,3;39,4;225,9;8,65;1106,2;6,30;18,9;1000,1;OFF;77,15;
2026-07-25 09:17:54;03:44:29;83,8;79,5;77,1;77,3;39,4;225,9;8,65;1106,2;6,31;18,9;1000,1;OFF;77,15;
2026-07-25 09:18:03;03:44:38;83,8;79,4;77,1;77,3;39,4;225,9;8,65;1106,2;6,31;18,9;1000,1;OFF;77,15;
2026-07-25 09:18:12;03:44:47;83,8;79,4;77,1;77,3;39,4;225,9;8,65;1106,2;6,31;18,9;1000,1;OFF;77,15;
2026-07-25 09:18:21;03:44:56;83,8;79,4;77,1;77,3;39,4;225,9;8,65;1106,2;6,31;18,9;1000,1;OFF;77,15;
2026-07-25 09:18:30;03:45:05;83,8;79,4;77,1;77,3;39,5;225,9;8,65;1106,2;6,32;18,9;1000,1;OFF;77,15;
2026-07-25 09:18:39;03:45:14;83,8;79,4;77,1;77,3;39,5;225,9;8,65;1106,2;6,32;18,9;1000,1;OFF;77,15;
2026-07-25 09:18:48;03:45:23;83,8;79,3;77,1;77,3;39,6;225,9;8,65;1106,2;6,32;18,9;1000,1;OFF;77,15;
2026-07-25 09:18:57;03:45:32;83,8;79,4;77,1;77,3;39,6;225,9;8,65;1106,2;6,33;18,9;1000,1;OFF;77,15;moc na 74%
2026-07-25 09:19:06;03:45:41;83,8;79,4;77,1;77,3;39,8;225,9;8,65;1106,2;6,33;18,9;1000,1;OFF;77,15;
2026-07-25 09:19:15;03:45:50;83,8;79,4;77,2;77,3;40,9;225,9;8,65;1106,2;6,33;18,9;1000,1;OFF;77,15;
2026-07-25 09:19:25;03:46:00;83,8;79,5;77,2;77,3;42,8;225,9;8,65;1106,2;6,33;19,2;1000,1;OFF;77,15;
2026-07-25 09:19:34;03:46:09;83,8;79,6;77,2;77,3;43,7;225,9;8,65;1106,2;6,34;19,2;1000,1;OFF;77,15;
2026-07-25 09:19:43;03:46:18;83,8;79,8;77,2;77,3;44,1;220,5;12,90;2394,2;6,34;19,2;1000,1;OFF;77,15;
2026-07-25 09:19:52;03:46:27;83,8;79,9;77,2;77,3;44,4;220,5;12,90;2394,2;6,35;19,2;1000,1;OFF;77,15;
2026-07-25 09:20:01;03:46:36;83,8;80,0;77,2;77,4;44,8;220,5;12,90;2394,2;6,35;19,2;1000,1;OFF;77,15;
2026-07-25 09:20:10;03:46:45;83,8;80,1;77,2;77,3;45,2;220,5;12,90;2394,2;6,36;19,2;1000,1;OFF;77,15;
2026-07-25 09:20:19;03:46:54;83,8;80,3;77,2;77,3;45,6;220,5;12,90;2394,2;6,37;19,2;1000,1;OFF;77,15;
2026-07-25 09:20:28;03:47:03;83,8;80,4;77,3;77,3;46,1;220,5;12,90;2394,2;6,37;19,2;1000,1;OFF;77,15;
2026-07-25 09:20:37;03:47:12;83,8;80,4;77,3;77,4;46,6;220,5;12,90;2394,2;6,38;19,2;1000,1;OFF;77,15;
2026-07-25 09:20:46;03:47:21;83,9;80,4;77,2;77,3;47,1;220,5;12,90;2394,2;6,38;19,2;1000,1;OFF;77,15;
2026-07-25 09:20:55;03:47:30;83,9;80,4;77,3;77,4;47,6;220,5;12,90;2394,2;6,39;19,2;1000,1;OFF;77,15;
2026-07-25 09:21:04;03:47:39;83,9;80,4;77,3;77,3;48,1;220,5;12,90;2394,2;6,40;19,2;1000,1;OFF;77,15;
2026-07-25 09:21:13;03:47:48;83,9;80,4;77,3;77,4;48,6;220,5;12,90;2394,2;6,40;19,2;1000,1;OFF;77,15;
2026-07-25 09:21:22;03:47:57;83,9;80,4;77,3;77,4;49,1;220,5;12,90;2394,2;6,41;19,2;1000,1;OFF;77,15;
2026-07-25 09:21:31;03:48:06;83,9;80,3;77,3;77,3;49,5;220,5;12,90;2394,2;6,41;19,2;1000,1;OFF;77,15;
2026-07-25 09:21:40;03:48:15;83,9;80,3;77,3;77,3;50,0;220,5;12,90;2394,2;6,42;19,2;1000,1;OFF;77,15;
2026-07-25 09:21:50;03:48:25;83,9;80,3;77,3;77,3;50,5;220,5;12,90;2394,2;6,43;19,2;1000,1;OFF;77,15;
2026-07-25 09:21:59;03:48:34;83,9;80,2;77,3;77,3;50,9;220,5;12,90;2394,2;6,43;19,2;1000,1;OFF;77,15;
2026-07-25 09:22:08;03:48:43;83,9;80,2;77,2;77,4;50,8;220,5;12,90;2394,2;6,44;19,2;1000,1;OFF;77,15;
2026-07-25 09:22:17;03:48:52;83,9;80,1;77,2;77,3;50,4;220,5;12,90;2394,2;6,44;19,2;1000,1;OFF;77,15;
2026-07-25 09:22:26;03:49:01;83,9;80,1;77,3;77,3;49,9;220,5;12,90;2394,2;6,45;19,2;1000,1;OFF;77,15;
2026-07-25 09:22:35;03:49:10;83,9;80,1;77,3;77,3;49,4;220,5;12,90;2394,2;6,46;19,2;1000,1;OFF;77,15;
2026-07-25 09:22:44;03:49:19;83,9;80,1;77,3;77,3;49,1;220,5;12,90;2394,2;6,46;19,2;1000,1;OFF;77,15;
2026-07-25 09:22:53;03:49:28;83,9;80,1;77,2;77,3;48,9;220,5;12,90;2394,2;6,47;19,2;1000,1;OFF;77,15;
2026-07-25 09:23:02;03:49:37;83,9;80,1;77,3;77,3;49,6;220,5;12,90;2394,2;6,47;19,2;1000,1;OFF;77,15;
2026-07-25 09:23:11;03:49:46;83,9;80,0;77,3;77,3;49,8;220,5;12,90;2394,2;6,48;19,2;1000,1;OFF;77,15;
2026-07-25 09:23:20;03:49:55;83,9;80,0;77,2;77,3;49,8;220,5;12,90;2394,2;6,49;19,2;1000,1;OFF;77,15;
2026-07-25 09:23:29;03:50:04;83,9;79,9;77,3;77,3;49,6;220,5;12,90;2394,2;6,49;19,2;1000,1;OFF;77,15;
2026-07-25 09:23:38;03:50:13;83,9;79,9;77,2;77,3;49,6;220,5;12,90;2394,2;6,50;19,2;1000,1;OFF;77,15;
2026-07-25 09:23:47;03:50:22;84,0;79,9;77,2;77,3;49,4;220,5;12,90;2394,2;6,50;19,2;1000,1;OFF;77,15;
2026-07-25 09:23:58;03:50:33;84,0;79,9;77,3;77,3;49,2;220,5;12,90;2394,2;6,51;19,2;1000,1;OFF;77,15;
2026-07-25 09:24:07;03:50:42;84,0;79,9;77,2;77,3;50,0;220,5;12,90;2394,2;6,52;19,2;1000,1;OFF;77,15;
2026-07-25 09:24:16;03:50:51;84,0;79,9;77,2;77,3;49,9;220,5;12,90;2394,2;6,52;19,2;1000,1;OFF;77,15;
2026-07-25 09:24:26;03:51:01;84,0;79,9;77,2;77,3;49,5;220,5;12,90;2394,2;6,53;19,2;1000,1;OFF;77,15;
2026-07-25 09:24:35;03:51:10;84,0;80,0;77,2;77,3;49,3;220,5;12,90;2394,2;6,54;19,2;1000,1;OFF;77,15;
2026-07-25 09:24:44;03:51:19;84,0;79,9;77,2;77,3;49,2;220,5;12,90;2394,2;6,54;19,2;1000,1;OFF;77,15;
2026-07-25 09:24:53;03:51:28;84,0;79,9;77,2;77,3;49,1;220,5;12,90;2394,2;6,55;19,2;1000,1;OFF;77,15;
2026-07-25 09:25:02;03:51:37;84,0;79,9;77,2;77,3;48,9;220,5;12,90;2394,2;6,55;19,2;1000,1;OFF;77,15;
2026-07-25 09:25:11;03:51:46;84,0;79,9;77,2;77,3;48,8;220,5;12,90;2394,2;6,56;19,2;1000,1;OFF;77,15;
2026-07-25 09:25:20;03:51:55;84,0;79,8;77,2;77,3;48,8;220,5;12,90;2394,2;6,57;19,2;1000,1;OFF;77,15;
2026-07-25 09:25:29;03:52:04;84,0;79,8;77,2;77,3;48,7;220,5;12,90;2394,2;6,57;19,2;1000,1;OFF;77,15;
2026-07-25 09:25:38;03:52:13;84,0;79,8;77,2;77,3;48,6;220,5;12,90;2394,2;6,58;19,2;1000,1;OFF;77,15;
2026-07-25 09:25:47;03:52:22;84,0;79,8;77,2;77,3;48,6;220,5;12,90;2394,2;6,58;19,2;1000,1;OFF;77,15;
2026-07-25 09:25:56;03:52:31;84,0;79,8;77,2;77,3;48,6;220,5;12,90;2394,2;6,59;19,2;1000,1;OFF;77,15;
2026-07-25 09:26:06;03:52:41;84,1;79,9;77,2;77,3;48,6;220,5;12,90;2394,2;6,60;19,2;1000,1;OFF;77,15;
2026-07-25 09:26:15;03:52:50;84,1;79,9;77,2;77,3;48,7;220,5;12,90;2394,2;6,60;19,2;1000,1;OFF;77,15;
2026-07-25 09:26:24;03:52:59;84,1;79,9;77,2;77,3;48,6;220,5;12,90;2394,2;6,61;19,2;1000,1;OFF;77,15;
2026-07-25 09:26:33;03:53:08;84,1;79,9;77,2;77,3;48,4;220,5;12,90;2394,2;6,61;19,2;1000,1;OFF;77,15;
2026-07-25 09:26:42;03:53:17;84,1;79,8;77,2;77,3;48,3;220,5;12,90;2394,2;6,62;19,2;1000,1;OFF;77,15;
2026-07-25 09:26:51;03:53:26;84,1;79,8;77,2;77,3;48,2;220,5;12,90;2394,2;6,63;19,2;1000,1;OFF;77,15;
2026-07-25 09:27:00;03:53:35;84,1;79,9;77,2;77,3;48,2;220,5;12,90;2394,2;6,63;19,2;1000,1;OFF;77,15;
2026-07-25 09:27:09;03:53:44;84,1;79,8;77,2;77,3;48,2;220,5;12,90;2394,2;6,64;19,2;1000,1;OFF;77,15;
2026-07-25 09:27:18;03:53:53;84,1;79,8;77,2;77,3;48,2;220,5;12,90;2394,2;6,64;19,2;1000,1;OFF;77,15;
2026-07-25 09:27:27;03:54:02;84,1;79,8;77,2;77,3;48,2;220,5;12,90;2394,2;6,65;19,2;1000,1;OFF;77,15;
2026-07-25 09:27:36;03:54:11;84,1;79,8;77,2;77,3;48,2;220,5;12,90;2394,2;6,66;19,2;1000,1;OFF;77,15;
2026-07-25 09:27:45;03:54:20;84,1;79,6;77,2;77,3;48,2;220,5;12,90;2394,2;6,66;19,2;1000,1;OFF;77,15;
2026-07-25 09:27:54;03:54:29;84,1;79,6;77,2;77,3;48,1;220,5;12,90;2394,2;6,67;19,2;1000,1;OFF;77,15;
2026-07-25 09:28:03;03:54:38;84,1;79,6;77,2;77,3;48,1;220,5;12,90;2394,2;6,67;19,2;1000,1;OFF;77,15;
2026-07-25 09:28:12;03:54:47;84,1;79,6;77,2;77,3;48,2;220,5;12,90;2394,2;6,68;19,2;1000,1;OFF;77,15;
2026-07-25 09:28:21;03:54:56;84,1;79,6;77,2;77,3;48,2;220,5;12,90;2394,2;6,69;19,2;1000,1;OFF;77,15;
2026-07-25 09:28:30;03:55:05;84,1;79,6;77,2;77,3;48,2;220,5;12,90;2394,2;6,69;19,2;1000,1;OFF;77,15;
2026-07-25 09:28:39;03:55:14;84,1;79,6;77,2;77,3;48,2;220,5;12,90;2394,2;6,70;19,2;1000,1;OFF;77,15;
2026-07-25 09:28:48;03:55:23;84,1;79,6;77,2;77,3;48,1;220,5;12,90;2394,2;6,70;19,2;1000,1;OFF;77,15;
2026-07-25 09:28:57;03:55:32;84,1;79,6;77,2;77,3;48,1;220,5;12,90;2394,2;6,71;19,2;1000,1;OFF;77,15;
2026-07-25 09:29:06;03:55:41;84,1;79,5;77,2;77,3;48,1;220,5;12,90;2394,2;6,72;19,2;1000,1;OFF;77,15;
2026-07-25 09:29:15;03:55:50;84,1;79,4;77,2;77,3;48,2;220,5;12,90;2394,2;6,72;19,2;1000,1;OFF;77,15;
2026-07-25 09:29:24;03:55:59;84,1;79,4;77,2;77,3;48,2;220,5;12,90;2394,2;6,73;19,2;1000,1;OFF;77,15;
2026-07-25 09:29:34;03:56:09;84,1;79,4;77,2;77,3;48,1;220,5;12,90;2394,2;6,73;19,2;1000,1;OFF;77,15;
2026-07-25 09:29:43;03:56:18;84,1;79,4;77,2;77,3;48,1;220,5;12,90;2394,2;6,74;19,2;1000,1;OFF;77,15;
2026-07-25 09:29:52;03:56:27;84,1;79,4;77,2;77,3;48,1;220,5;12,90;2394,2;6,75;19,2;1000,1;OFF;77,15;
2026-07-25 09:30:01;03:56:36;84,1;79,4;77,2;77,3;48,2;220,5;12,90;2394,2;6,75;19,2;1000,1;OFF;77,15;
2026-07-25 09:30:10;03:56:45;84,1;79,3;77,2;77,3;48,3;220,5;12,90;2394,2;6,76;19,2;1000,1;OFF;77,15;
2026-07-25 09:30:19;03:56:54;84,1;79,3;77,2;77,3;48,3;220,5;12,90;2394,2;6,76;19,2;1000,1;OFF;77,15;
2026-07-25 09:30:28;03:57:03;84,1;79,3;77,2;77,3;48,2;220,5;12,90;2394,2;6,77;19,2;1000,1;OFF;77,15;
2026-07-25 09:30:37;03:57:12;84,2;79,4;77,2;77,3;48,2;220,5;12,90;2394,2;6,78;19,2;1000,1;OFF;77,15;
2026-07-25 09:30:46;03:57:21;84,2;79,4;77,2;77,3;48,2;220,5;12,90;2394,2;6,78;19,2;1000,1;OFF;77,15;
2026-07-25 09:30:55;03:57:30;84,2;79,4;77,2;77,3;48,2;220,5;12,90;2394,2;6,79;19,2;1000,1;OFF;77,15;
2026-07-25 09:31:04;03:57:39;84,2;79,4;77,2;77,3;48,2;220,5;12,90;2394,2;6,79;19,2;1000,1;OFF;77,15;
2026-07-25 09:31:13;03:57:48;84,2;79,4;77,2;77,3;48,3;220,5;12,90;2394,2;6,80;19,2;1000,1;OFF;77,15;
2026-07-25 09:31:22;03:57:57;84,2;79,4;77,2;77,3;48,3;220,5;12,90;2394,2;6,81;19,2;1000,1;OFF;77,15;
2026-07-25 09:31:31;03:58:06;84,2;79,4;77,2;77,3;48,3;220,5;12,90;2394,2;6,81;19,2;1000,1;OFF;77,15;
2026-07-25 09:31:40;03:58:15;84,2;79,4;77,2;77,3;48,2;220,5;12,90;2394,2;6,82;19,2;1000,1;OFF;77,15;
2026-07-25 09:31:49;03:58:24;84,2;79,4;77,2;77,3;48,2;220,5;12,90;2394,2;6,82;19,2;1000,1;OFF;77,15;
2026-07-25 09:31:58;03:58:33;84,2;79,4;77,2;77,3;48,2;220,5;12,90;2394,2;6,83;19,2;1000,1;OFF;77,15;
2026-07-25 09:32:07;03:58:42;84,2;79,4;77,2;77,3;48,3;220,5;12,90;2394,2;6,84;19,2;1000,1;OFF;77,15;
2026-07-25 09:32:16;03:58:51;84,2;79,4;77,2;77,3;48,3;220,5;12,90;2394,2;6,84;19,2;1000,1;OFF;77,15;
2026-07-25 09:32:26;03:59:01;84,2;79,4;77,2;77,3;48,3;220,5;12,90;2394,2;6,85;19,2;1000,1;OFF;77,15;
2026-07-25 09:32:35;03:59:10;84,2;79,4;77,2;77,3;48,3;220,5;12,90;2394,2;6,85;19,2;1000,1;OFF;77,15;
2026-07-25 09:32:44;03:59:19;84,2;79,4;77,2;77,3;48,4;220,5;12,90;2394,2;6,86;19,2;1000,1;OFF;77,15;
2026-07-25 09:32:53;03:59:28;84,2;79,4;77,2;77,3;48,4;220,5;12,90;2394,2;6,87;19,2;1000,1;OFF;77,15;
2026-07-25 09:33:02;03:59:37;84,2;79,4;77,2;77,3;48,4;220,5;12,90;2394,2;6,87;19,2;1000,1;OFF;77,15;
2026-07-25 09:33:11;03:59:46;84,2;79,4;77,2;77,3;48,4;220,5;12,90;2394,2;6,88;19,2;1000,1;OFF;77,15;
2026-07-25 09:33:20;03:59:55;84,2;79,4;77,2;77,3;48,4;220,5;12,90;2394,2;6,88;19,2;1000,1;OFF;77,15;
2026-07-25 09:33:29;04:00:04;84,2;79,4;77,2;77,3;48,4;220,5;12,90;2394,2;6,89;19,2;1000,1;OFF;77,15;
2026-07-25 09:33:38;04:00:13;84,2;79,4;77,2;77,3;48,4;220,5;12,90;2394,2;6,90;19,2;1000,1;OFF;77,15;
2026-07-25 09:33:47;04:00:22;84,2;79,4;77,2;77,3;48,5;220,5;12,90;2394,2;6,90;19,2;1000,1;OFF;77,15;
2026-07-25 09:33:56;04:00:31;84,2;79,4;77,2;77,3;48,6;220,5;12,90;2394,2;6,91;19,2;1000,1;OFF;77,15;
2026-07-25 09:34:05;04:00:40;84,2;79,4;77,2;77,3;48,6;220,5;12,90;2394,2;6,91;19,2;1000,1;OFF;77,15;
2026-07-25 09:34:14;04:00:49;84,2;79,4;77,2;77,3;48,8;220,5;12,90;2394,2;6,92;19,2;1000,1;OFF;77,15;
2026-07-25 09:34:23;04:00:58;84,2;79,4;77,2;77,3;48,8;220,5;12,90;2394,2;6,93;19,2;1000,1;OFF;77,15;
2026-07-25 09:34:32;04:01:07;84,2;79,4;77,2;77,3;48,8;220,5;12,90;2394,2;6,93;19,2;1000,1;OFF;77,15;
2026-07-25 09:34:41;04:01:16;84,2;79,4;77,2;77,3;48,9;220,5;12,90;2394,2;6,94;19,4;1000,1;OFF;77,15;
2026-07-25 09:34:51;04:01:26;84,2;79,4;77,2;77,3;48,8;220,5;12,90;2394,2;6,94;19,4;1000,1;OFF;77,15;
2026-07-25 09:35:00;04:01:35;84,2;79,4;77,2;77,3;48,8;220,5;12,90;2394,2;6,95;19,4;1000,1;OFF;77,15;
2026-07-25 09:35:09;04:01:44;84,2;79,4;77,2;77,3;48,9;220,5;12,90;2394,2;6,96;19,4;1000,1;OFF;77,15;
2026-07-25 09:35:18;04:01:53;84,2;79,4;77,2;77,3;49,0;220,5;12,90;2394,2;6,96;19,4;1000,1;OFF;77,15;
2026-07-25 09:35:27;04:02:02;84,2;79,4;77,2;77,3;49,1;220,5;12,90;2394,2;6,97;19,4;1000,1;OFF;77,15;
2026-07-25 09:35:36;04:02:11;84,3;79,4;77,2;77,3;49,1;220,5;12,90;2394,2;6,97;19,4;1000,1;OFF;77,15;
2026-07-25 09:35:45;04:02:20;84,3;79,4;77,2;77,3;49,1;220,5;12,90;2394,2;6,98;19,4;1000,1;OFF;77,15;
2026-07-25 09:35:54;04:02:29;84,3;79,4;77,2;77,3;49,1;220,5;12,90;2394,2;6,99;19,4;1000,1;OFF;77,15;
2026-07-25 09:36:03;04:02:38;84,3;79,4;77,2;77,3;49,2;220,5;12,90;2394,2;6,99;19,4;1000,1;OFF;77,15;
2026-07-25 09:36:12;04:02:47;84,3;79,4;77,2;77,3;49,2;220,5;12,90;2394,2;7,00;19,4;1000,1;OFF;77,15;
2026-07-25 09:36:21;04:02:56;84,3;79,4;77,2;77,3;49,3;220,5;12,90;2394,2;7,00;19,4;1000,1;OFF;77,15;
2026-07-25 09:36:30;04:03:05;84,3;79,4;77,2;77,3;49,3;220,5;12,90;2394,2;7,01;19,4;1000,1;OFF;77,15;
2026-07-25 09:36:39;04:03:14;84,3;79,4;77,2;77,3;49,3;220,5;12,90;2394,2;7,02;19,4;1000,1;OFF;77,15;
2026-07-25 09:36:48;04:03:23;84,3;79,4;77,2;77,3;49,3;220,5;12,90;2394,2;7,02;19,4;1000,1;OFF;77,15;
2026-07-25 09:36:57;04:03:32;84,3;79,4;77,2;77,3;49,3;220,5;12,90;2394,2;7,03;19,4;1000,1;OFF;77,15;
2026-07-25 09:37:06;04:03:41;84,3;79,4;77,2;77,3;49,4;220,5;12,90;2394,2;7,03;19,4;1000,1;OFF;77,15;
2026-07-25 09:37:15;04:03:50;84,3;79,4;77,2;77,3;49,3;220,5;12,90;2394,2;7,04;19,4;1000,1;OFF;77,15;
2026-07-25 09:37:24;04:03:59;84,3;79,4;77,2;77,3;49,2;220,5;12,90;2394,2;7,05;19,4;1000,1;OFF;77,15;
2026-07-25 09:37:33;04:04:08;84,3;79,4;77,2;77,3;49,3;220,5;12,90;2394,2;7,05;19,4;1000,1;OFF;77,15;od  konca przedgonow kropelkowy odbior spod glowicy 1 kropla na 3 sek
2026-07-25 09:37:42;04:04:17;84,3;79,4;77,2;77,3;49,4;220,5;12,90;2394,2;7,06;19,4;1000,1;OFF;77,15;
2026-07-25 09:37:51;04:04:26;84,4;79,4;77,2;77,3;49,5;220,5;12,90;2394,2;7,06;19,4;1000,1;OFF;77,15;
2026-07-25 09:38:00;04:04:35;84,3;79,4;77,2;77,3;49,6;220,5;12,90;2394,2;7,07;19,4;1000,1;OFF;77,15;
2026-07-25 09:38:09;04:04:44;84,4;79,4;77,2;77,3;49,7;220,5;12,90;2394,2;7,08;19,4;1000,1;OFF;77,15;
2026-07-25 09:38:18;04:04:53;84,4;79,4;77,2;77,3;49,8;220,5;12,90;2394,2;7,08;19,4;1000,1;OFF;77,15;
2026-07-25 09:38:27;04:05:02;84,4;79,3;77,2;77,3;50,0;220,5;12,90;2394,2;7,09;19,4;1000,1;OFF;77,15;
2026-07-25 09:38:36;04:05:11;84,4;79,3;77,2;77,3;50,2;220,5;12,90;2394,2;7,09;19,4;1000,1;OFF;77,15;
2026-07-25 09:38:46;04:05:21;84,4;79,3;77,2;77,3;50,2;220,5;12,90;2394,2;7,10;19,4;1000,1;OFF;77,15;
2026-07-25 09:38:55;04:05:30;84,4;79,3;77,2;77,3;50,3;220,5;12,90;2394,2;7,11;19,4;1000,1;OFF;77,15;
2026-07-25 09:39:04;04:05:39;84,4;79,3;77,2;77,3;50,4;220,5;12,90;2394,2;7,11;19,4;1000,1;OFF;77,15;
2026-07-25 09:39:13;04:05:48;84,4;79,3;77,2;77,3;50,5;220,5;12,90;2394,2;7,12;19,4;1000,1;OFF;77,15;
2026-07-25 09:39:22;04:05:57;84,4;79,3;77,2;77,3;50,7;220,5;12,90;2394,2;7,12;19,4;1000,1;OFF;77,15;
2026-07-25 09:39:31;04:06:06;84,4;79,3;77,2;77,3;50,8;220,5;12,90;2394,2;7,13;19,4;1000,1;OFF;77,15;
2026-07-25 09:39:40;04:06:15;84,4;79,3;77,2;77,3;50,9;220,5;12,90;2394,2;7,14;19,4;1000,1;OFF;77,15;
2026-07-25 09:39:49;04:06:24;84,4;79,3;77,2;77,3;51,1;220,5;12,90;2394,2;7,14;19,4;1000,1;OFF;77,15;
2026-07-25 09:39:58;04:06:33;84,4;79,2;77,2;77,3;51,2;220,5;12,90;2394,2;7,15;19,4;1000,1;OFF;77,15;
2026-07-25 09:40:07;04:06:42;84,4;79,2;77,2;77,3;51,3;220,5;12,90;2394,2;7,16;19,4;1000,1;OFF;77,15;
2026-07-25 09:40:16;04:06:51;84,4;79,2;77,2;77,3;51,4;220,5;12,90;2394,2;7,16;19,4;1000,1;OFF;77,15;
2026-07-25 09:40:25;04:07:00;84,4;79,2;77,2;77,3;51,6;220,5;12,90;2394,2;7,17;19,4;1000,1;OFF;77,15;
2026-07-25 09:40:34;04:07:09;84,4;79,2;77,2;77,3;51,8;220,5;12,90;2394,2;7,17;19,4;1000,1;OFF;77,15;
2026-07-25 09:40:43;04:07:18;84,4;79,2;77,2;77,3;52,0;220,5;12,90;2394,2;7,18;19,4;1000,1;OFF;77,15;
2026-07-25 09:40:53;04:07:28;84,4;79,2;77,2;77,3;51,9;220,5;12,90;2394,2;7,19;19,4;1000,1;OFF;77,15;
2026-07-25 09:41:02;04:07:37;84,4;79,2;77,2;77,3;51,4;220,5;12,90;2394,2;7,19;19,4;1000,1;OFF;77,15;
2026-07-25 09:41:11;04:07:46;84,4;79,2;77,2;77,3;50,8;220,5;12,90;2394,2;7,20;19,4;1000,1;OFF;77,15;
2026-07-25 09:41:20;04:07:55;84,4;79,2;77,2;77,3;50,1;220,5;12,90;2394,2;7,20;19,4;1000,1;OFF;77,15;
2026-07-25 09:41:29;04:08:04;84,4;79,2;77,2;77,3;49,7;220,5;12,90;2394,2;7,21;19,4;1000,1;OFF;77,15;
2026-07-25 09:41:38;04:08:13;84,4;79,2;77,2;77,3;49,3;220,5;12,90;2394,2;7,22;19,4;1000,1;OFF;77,15;
2026-07-25 09:41:47;04:08:22;84,4;79,2;77,2;77,3;49,1;220,5;12,90;2394,2;7,22;19,4;1000,1;OFF;77,15;
2026-07-25 09:41:56;04:08:31;84,5;79,2;77,2;77,3;48,9;220,5;12,90;2394,2;7,23;19,4;1000,1;OFF;77,15;
2026-07-25 09:42:05;04:08:40;84,5;79,2;77,2;77,3;48,8;220,5;12,90;2394,2;7,23;19,4;1000,1;OFF;77,15;
2026-07-25 09:42:14;04:08:49;84,5;79,2;77,2;77,3;48,9;220,5;12,90;2394,2;7,24;19,4;1000,1;OFF;77,15;
2026-07-25 09:42:23;04:08:58;84,5;79,2;77,2;77,3;48,8;220,5;12,90;2394,2;7,25;19,4;1000,1;OFF;77,15;
2026-07-25 09:42:32;04:09:07;84,5;79,1;77,2;77,3;48,8;220,5;12,90;2394,2;7,25;19,4;1000,1;OFF;77,15;
2026-07-25 09:42:41;04:09:16;84,5;79,1;77,2;77,3;48,7;220,5;12,90;2394,2;7,26;19,4;1000,1;OFF;77,15;
2026-07-25 09:42:50;04:09:25;84,5;79,1;77,2;77,3;48,6;220,5;12,90;2394,2;7,26;19,4;1000,1;OFF;77,15;
2026-07-25 09:42:59;04:09:34;84,5;79,1;77,2;77,3;48,5;220,5;12,90;2394,2;7,27;19,4;1000,1;OFF;77,15;
2026-07-25 09:43:08;04:09:43;84,5;79,1;77,2;77,3;48,4;220,5;12,90;2394,2;7,28;19,4;1000,1;OFF;77,15;
2026-07-25 09:43:17;04:09:52;84,5;79,0;77,2;77,3;48,4;220,5;12,90;2394,2;7,28;19,4;1000,1;OFF;77,15;
2026-07-25 09:43:26;04:10:01;84,5;79,0;77,2;77,3;48,4;220,5;12,90;2394,2;7,29;19,4;1000,1;OFF;77,15;
2026-07-25 09:43:36;04:10:11;84,5;79,0;77,2;77,3;48,4;220,5;12,90;2394,2;7,29;19,4;1000,1;OFF;77,15;
2026-07-25 09:43:45;04:10:20;84,5;78,9;77,2;77,3;48,3;220,5;12,90;2394,2;7,30;19,4;1000,1;OFF;77,15;
2026-07-25 09:43:54;04:10:29;84,6;78,9;77,2;77,3;48,2;220,5;12,90;2394,2;7,31;19,4;1000,1;OFF;77,15;
2026-07-25 09:44:03;04:10:38;84,6;78,9;77,2;77,3;48,2;220,5;12,90;2394,2;7,31;19,4;1000,1;OFF;77,15;
2026-07-25 09:44:12;04:10:47;84,6;78,9;77,2;77,3;48,2;220,5;12,90;2394,2;7,32;19,4;1000,1;OFF;77,15;
2026-07-25 09:44:21;04:10:56;84,5;78,9;77,2;77,3;48,2;220,5;12,90;2394,2;7,32;19,4;1000,1;OFF;77,15;
2026-07-25 09:44:30;04:11:05;84,6;78,8;77,2;77,3;48,3;220,5;12,90;2394,2;7,33;19,4;1000,1;OFF;77,15;
2026-07-25 09:44:39;04:11:14;84,6;78,8;77,2;77,3;48,2;220,5;12,90;2394,2;7,34;19,4;1000,1;OFF;77,15;
2026-07-25 09:44:48;04:11:23;84,6;78,8;77,2;77,3;48,2;220,5;12,90;2394,2;7,34;19,4;1000,1;OFF;77,15;
2026-07-25 09:44:57;04:11:32;84,6;78,8;77,2;77,3;48,1;220,5;12,90;2394,2;7,35;19,4;1000,1;OFF;77,15;
2026-07-25 09:45:06;04:11:41;84,6;78,8;77,2;77,3;48,1;220,5;12,90;2394,2;7,35;19,4;1000,1;OFF;77,15;
2026-07-25 09:45:15;04:11:50;84,6;78,7;77,2;77,3;48,1;220,5;12,90;2394,2;7,36;19,4;1000,1;OFF;77,15;
2026-07-25 09:45:24;04:11:59;84,6;78,7;77,2;77,3;48,1;220,5;12,90;2394,2;7,37;19,4;1000,1;OFF;77,15;
2026-07-25 09:45:33;04:12:08;84,6;78,6;77,2;77,3;48,1;220,5;12,90;2394,2;7,37;19,4;1000,1;OFF;77,15;
2026-07-25 09:45:42;04:12:17;84,6;78,6;77,2;77,3;48,2;220,5;12,90;2394,2;7,38;19,4;1000,1;OFF;77,15;
2026-07-25 09:45:51;04:12:26;84,6;78,6;77,2;77,3;48,2;220,5;12,90;2394,2;7,38;19,4;1000,1;OFF;77,15;
2026-07-25 09:46:00;04:12:35;84,6;78,6;77,2;77,3;48,6;220,5;12,90;2394,2;7,39;19,4;1000,1;OFF;77,15;
2026-07-25 09:46:09;04:12:44;84,6;78,6;77,2;77,3;48,8;220,5;12,90;2394,2;7,40;19,4;1000,1;OFF;77,15;
2026-07-25 09:46:18;04:12:53;84,6;78,5;77,2;77,3;48,6;220,5;12,90;2394,2;7,40;19,4;1000,1;OFF;77,15;
2026-07-25 09:46:27;04:13:02;84,6;78,5;77,2;77,3;48,3;220,5;12,90;2394,2;7,41;19,4;1000,1;OFF;77,15;
2026-07-25 09:46:36;04:13:11;84,6;78,4;77,2;77,3;48,1;220,5;12,90;2394,2;7,41;19,4;1000,1;OFF;77,15;
2026-07-25 09:46:45;04:13:20;84,6;78,4;77,2;77,3;48,0;220,5;12,90;2394,2;7,42;19,4;1000,1;OFF;77,15;
2026-07-25 09:46:54;04:13:29;84,6;78,4;77,2;77,3;47,9;220,5;12,90;2394,2;7,43;19,4;1000,1;OFF;77,15;
2026-07-25 09:47:03;04:13:38;84,6;78,4;77,2;77,3;47,8;220,5;12,90;2394,2;7,43;19,4;1000,1;OFF;77,15;
2026-07-25 09:47:13;04:13:48;84,6;78,4;77,2;77,3;47,8;220,5;12,90;2394,2;7,44;19,4;1000,1;OFF;77,15;
2026-07-25 09:47:22;04:13:57;84,6;78,4;77,2;77,3;47,8;220,5;12,90;2394,2;7,44;19,4;1000,1;OFF;77,15;
2026-07-25 09:47:31;04:14:06;84,6;78,3;77,2;77,3;47,7;220,5;12,90;2394,2;7,45;19,4;1000,1;OFF;77,15;
2026-07-25 09:47:40;04:14:15;84,6;78,3;77,2;77,3;47,7;220,5;12,90;2394,2;7,46;19,4;1000,1;OFF;77,15;
2026-07-25 09:47:49;04:14:24;84,6;78,3;77,2;77,3;47,6;220,5;12,90;2394,2;7,46;19,4;1000,1;OFF;77,15;
2026-07-25 09:47:58;04:14:33;84,6;78,2;77,2;77,3;47,6;220,5;12,90;2394,2;7,47;19,4;1000,1;OFF;77,15;
2026-07-25 09:48:07;04:14:42;84,6;78,2;77,2;77,3;47,7;220,5;12,90;2394,2;7,47;19,4;1000,1;OFF;77,15;
2026-07-25 09:48:16;04:14:51;84,6;78,2;77,2;77,3;47,7;220,5;12,90;2394,2;7,48;19,4;1000,1;OFF;77,15;
2026-07-25 09:48:25;04:15:00;84,6;78,2;77,2;77,3;47,7;220,5;12,90;2394,2;7,49;19,4;1000,1;OFF;77,15;
2026-07-25 09:48:34;04:15:09;84,6;78,2;77,2;77,3;47,8;220,5;12,90;2394,2;7,49;19,4;1000,1;OFF;77,15;
2026-07-25 09:48:43;04:15:18;84,6;78,2;77,2;77,3;47,7;220,5;12,90;2394,2;7,50;19,4;1000,1;OFF;77,15;
2026-07-25 09:48:52;04:15:27;84,6;78,2;77,2;77,3;47,7;220,5;12,90;2394,2;7,50;19,4;1000,1;OFF;77,15;
2026-07-25 09:49:01;04:15:36;84,6;78,2;77,2;77,3;47,8;220,5;12,90;2394,2;7,51;19,4;1000,1;OFF;77,15;
2026-07-25 09:49:10;04:15:45;84,6;78,2;77,2;77,3;47,8;220,5;12,90;2394,2;7,52;19,4;1000,1;OFF;77,15;
2026-07-25 09:49:20;04:15:55;84,6;78,2;77,2;77,3;47,8;220,5;12,90;2394,2;7,52;19,4;1000,1;OFF;77,15;
2026-07-25 09:49:29;04:16:04;84,6;78,2;77,2;77,3;47,8;220,5;12,90;2394,2;7,53;19,4;1000,1;OFF;77,15;
2026-07-25 09:49:38;04:16:13;84,6;78,2;77,2;77,3;47,8;220,5;12,90;2394,2;7,53;19,4;1000,1;OFF;77,15;
2026-07-25 09:49:47;04:16:22;84,6;78,2;77,2;77,3;47,9;220,5;12,90;2394,2;7,54;19,4;1000,1;OFF;77,15;
2026-07-25 09:49:56;04:16:31;84,6;78,2;77,2;77,3;47,9;220,5;12,90;2394,2;7,55;19,4;1000,1;OFF;77,15;
2026-07-25 09:50:05;04:16:40;84,6;78,2;77,2;77,3;48,0;220,5;12,90;2394,2;7,55;19,7;1000,0;OFF;77,15;
2026-07-25 09:50:14;04:16:49;84,6;78,2;77,2;77,3;48,1;220,5;12,90;2394,2;7,56;19,7;1000,0;OFF;77,15;
2026-07-25 09:50:23;04:16:58;84,6;78,2;77,2;77,3;48,1;220,5;12,90;2394,2;7,56;19,7;1000,0;OFF;77,15;
2026-07-25 09:50:32;04:17:07;84,6;78,2;77,2;77,3;48,2;220,5;12,90;2394,2;7,57;19,7;1000,0;OFF;77,15;
2026-07-25 09:50:41;04:17:16;84,6;78,2;77,2;77,3;48,2;220,5;12,90;2394,2;7,58;19,7;1000,0;OFF;77,15;
2026-07-25 09:50:50;04:17:25;84,6;78,2;77,2;77,3;48,4;220,5;12,90;2394,2;7,58;19,7;1000,0;OFF;77,15;
2026-07-25 09:50:59;04:17:34;84,6;78,2;77,2;77,3;48,4;220,5;12,90;2394,2;7,59;19,7;1000,0;OFF;77,15;
2026-07-25 09:51:08;04:17:43;84,6;78,2;77,2;77,3;48,4;220,5;12,90;2394,2;7,59;19,7;1000,0;OFF;77,15;
2026-07-25 09:51:17;04:17:52;84,6;78,2;77,2;77,3;48,5;220,5;12,90;2394,2;7,60;19,7;1000,0;OFF;77,15;
2026-07-25 09:51:27;04:18:02;84,6;78,1;77,2;77,3;48,5;220,5;12,90;2394,2;7,61;19,7;1000,0;OFF;77,15;
2026-07-25 09:51:36;04:18:11;84,6;78,1;77,2;77,3;48,5;220,5;12,90;2394,2;7,61;19,7;1000,0;OFF;77,15;
2026-07-25 09:51:45;04:18:20;84,6;78,1;77,2;77,3;48,6;220,5;12,90;2394,2;7,62;19,7;1000,0;OFF;77,15;
2026-07-25 09:51:54;04:18:29;84,6;78,1;77,2;77,3;48,7;220,5;12,90;2394,2;7,63;19,7;1000,0;OFF;77,15;
2026-07-25 09:52:03;04:18:38;84,6;78,1;77,2;77,3;48,8;220,5;12,90;2394,2;7,63;19,7;1000,0;OFF;77,15;
2026-07-25 09:52:12;04:18:47;84,6;78,1;77,2;77,3;48,9;220,5;12,90;2394,2;7,64;19,7;1000,0;OFF;77,15;
2026-07-25 09:52:21;04:18:56;84,6;78,1;77,2;77,3;49,0;220,5;12,90;2394,2;7,64;19,7;1000,0;OFF;77,15;
2026-07-25 09:52:30;04:19:05;84,6;78,1;77,2;77,3;49,1;220,5;12,90;2394,2;7,65;19,7;1000,0;OFF;77,15;
2026-07-25 09:52:39;04:19:14;84,6;78,1;77,2;77,3;49,2;220,5;12,90;2394,2;7,66;19,7;1000,0;OFF;77,15;
2026-07-25 09:52:48;04:19:23;84,6;78,1;77,2;77,3;49,2;220,5;12,90;2394,2;7,66;19,7;1000,0;OFF;77,15;
2026-07-25 09:52:57;04:19:32;84,6;78,1;77,2;77,3;49,3;220,5;12,90;2394,2;7,67;19,7;1000,0;OFF;77,15;
2026-07-25 09:53:06;04:19:41;84,6;78,0;77,2;77,3;49,4;220,5;12,90;2394,2;7,67;19,7;1000,0;OFF;77,15;
2026-07-25 09:53:15;04:19:50;84,6;78,0;77,2;77,3;49,4;220,5;12,90;2394,2;7,68;19,7;1000,0;OFF;77,15;
2026-07-25 09:53:24;04:19:59;84,6;78,0;77,2;77,3;49,5;220,5;12,90;2394,2;7,69;19,7;1000,0;OFF;77,15;
2026-07-25 09:53:33;04:20:08;84,6;78,0;77,2;77,3;49,4;218,3;12,75;2331,3;7,69;19,7;1000,0;OFF;77,15;
2026-07-25 09:53:42;04:20:17;84,6;78,0;77,2;77,3;49,6;218,3;12,75;2331,3;7,70;19,7;1000,0;OFF;77,15;
2026-07-25 09:53:51;04:20:26;84,6;78,0;77,2;77,3;49,7;218,3;12,75;2331,3;7,70;19,7;1000,0;OFF;77,15;
2026-07-25 09:54:00;04:20:35;84,6;78,0;77,2;77,3;49,8;218,3;12,75;2331,3;7,71;19,7;1000,0;OFF;77,15;
2026-07-25 09:54:09;04:20:44;84,6;78,0;77,2;77,3;49,9;218,3;12,75;2331,3;7,71;19,7;1000,0;OFF;77,15;
2026-07-25 09:54:18;04:20:53;84,6;77,9;77,2;77,3;49,9;218,3;12,75;2331,3;7,72;19,7;1000,0;OFF;77,15;
2026-07-25 09:54:27;04:21:02;84,6;77,9;77,2;77,3;50,0;218,3;12,75;2331,3;7,73;19,7;1000,0;OFF;77,15;
2026-07-25 09:54:36;04:21:11;84,6;77,9;77,2;77,3;50,1;218,3;12,75;2331,3;7,73;19,7;1000,0;OFF;77,15;
2026-07-25 09:54:45;04:21:20;84,6;77,9;77,2;77,3;50,1;218,3;12,75;2331,3;7,74;19,7;1000,0;OFF;77,15;
2026-07-25 09:54:54;04:21:29;84,6;77,9;77,2;77,3;50,1;218,3;12,75;2331,3;7,74;19,7;1000,0;OFF;77,15;
2026-07-25 09:55:03;04:21:38;84,6;77,9;77,2;77,3;50,1;218,3;12,75;2331,3;7,75;19,7;1000,0;OFF;77,15;
2026-07-25 09:55:13;04:21:48;84,6;77,9;77,2;77,3;50,2;218,3;12,75;2331,3;7,76;19,7;1000,0;OFF;77,15;
2026-07-25 09:55:22;04:21:57;84,6;77,9;77,2;77,3;50,4;218,3;12,75;2331,3;7,76;19,7;1000,0;OFF;77,15;
2026-07-25 09:55:31;04:22:06;84,6;77,9;77,2;77,3;50,5;218,3;12,75;2331,3;7,77;19,7;1000,0;OFF;77,15;
2026-07-25 09:55:40;04:22:15;84,6;77,9;77,2;77,3;50,6;218,3;12,75;2331,3;7,77;19,7;1000,0;OFF;77,15;
2026-07-25 09:55:49;04:22:24;84,6;77,9;77,2;77,3;50,6;218,3;12,75;2331,3;7,78;19,7;1000,0;OFF;77,15;
2026-07-25 09:55:58;04:22:33;84,6;77,9;77,2;77,3;50,7;218,3;12,75;2331,3;7,79;19,7;1000,0;OFF;77,15;
2026-07-25 09:56:07;04:22:42;84,6;77,9;77,2;77,3;50,9;218,3;12,75;2331,3;7,79;19,7;1000,0;OFF;77,15;
2026-07-25 09:56:17;04:22:52;84,6;77,9;77,2;77,3;51,1;218,3;12,75;2331,3;7,80;19,7;1000,0;OFF;77,15;
2026-07-25 09:56:26;04:23:01;84,6;77,9;77,2;77,3;51,4;218,3;12,75;2331,3;7,80;19,7;1000,0;OFF;77,15;
2026-07-25 09:56:35;04:23:10;84,6;77,9;77,2;77,3;51,6;218,3;12,75;2331,3;7,81;19,7;1000,0;OFF;77,15;
2026-07-25 09:56:44;04:23:19;84,6;77,9;77,2;77,3;51,7;218,3;12,75;2331,3;7,81;19,7;1000,0;OFF;77,15;
2026-07-25 09:56:53;04:23:28;84,6;77,9;77,2;77,3;51,8;218,3;12,75;2331,3;7,82;19,7;1000,0;OFF;77,15;
2026-07-25 09:57:01;04:23:36;84,6;77,9;77,2;77,3;51,9;218,3;12,75;2331,3;7,83;19,7;1000,0;OFF;77,15;
2026-07-25 09:57:11;04:23:46;84,6;77,9;77,2;77,3;52,1;218,3;12,75;2331,3;7,83;19,7;1000,0;OFF;77,15;
2026-07-25 09:57:20;04:23:55;84,6;77,9;77,2;77,3;52,3;218,3;12,75;2331,3;7,84;19,7;1000,0;OFF;77,15;
2026-07-25 09:57:29;04:24:04;84,6;77,8;77,2;77,3;52,5;218,3;12,75;2331,3;7,84;19,7;1000,0;OFF;77,15;
2026-07-25 09:57:38;04:24:13;84,6;77,8;77,2;77,3;52,7;218,3;12,75;2331,3;7,85;19,7;1000,0;OFF;77,15;
2026-07-25 09:57:47;04:24:22;84,6;77,8;77,2;77,3;52,8;218,3;12,75;2331,3;7,86;19,7;1000,0;OFF;77,15;
2026-07-25 09:57:56;04:24:31;84,6;77,8;77,2;77,3;52,9;218,3;12,75;2331,3;7,86;19,7;1000,0;OFF;77,15;
2026-07-25 09:58:05;04:24:40;84,6;77,8;77,2;77,3;53,2;218,3;12,75;2331,3;7,87;19,7;1000,0;OFF;77,15;
2026-07-25 09:58:14;04:24:49;84,6;77,8;77,2;77,3;52,9;218,3;12,75;2331,3;7,87;19,7;1000,0;OFF;77,15;
2026-07-25 09:58:23;04:24:58;84,6;77,8;77,2;77,3;52,2;218,3;12,75;2331,3;7,88;19,7;1000,0;OFF;77,15;
2026-07-25 09:58:32;04:25:07;84,6;77,8;77,2;77,3;51,6;218,3;12,75;2331,3;7,88;19,7;1000,0;OFF;77,15;
2026-07-25 09:58:41;04:25:16;84,6;77,8;77,2;77,3;51,0;218,3;12,75;2331,3;7,89;19,7;1000,0;OFF;77,15;
2026-07-25 09:58:50;04:25:25;84,6;77,8;77,2;77,3;50,4;218,3;12,75;2331,3;7,90;19,7;1000,0;OFF;77,15;
2026-07-25 09:58:59;04:25:34;84,6;77,8;77,2;77,3;50,1;218,3;12,75;2331,3;7,90;19,7;1000,0;OFF;77,15;
2026-07-25 09:59:09;04:25:44;84,6;77,8;77,2;77,3;49,9;218,3;12,75;2331,3;7,91;19,7;1000,0;OFF;77,15;
2026-07-25 09:59:18;04:25:53;84,6;77,8;77,2;77,3;49,7;218,3;12,75;2331,3;7,91;19,7;1000,0;OFF;77,15;
2026-07-25 09:59:27;04:26:02;84,6;77,8;77,2;77,3;49,6;218,3;12,75;2331,3;7,92;19,7;1000,0;OFF;77,15;
2026-07-25 09:59:36;04:26:11;84,6;77,7;77,2;77,3;49,5;218,3;12,75;2331,3;7,93;19,7;1000,0;OFF;77,15;
2026-07-25 09:59:45;04:26:20;84,6;77,7;77,2;77,3;49,3;218,3;12,75;2331,3;7,93;19,7;1000,0;OFF;77,15;
2026-07-25 09:59:54;04:26:29;84,6;77,7;77,2;77,3;49,2;218,3;12,75;2331,3;7,94;19,7;1000,0;OFF;77,15;
2026-07-25 10:00:03;04:26:38;84,6;77,7;77,2;77,3;48,9;218,3;12,75;2331,3;7,94;19,7;1000,0;OFF;77,15;
2026-07-25 10:00:12;04:26:47;84,6;77,7;77,2;77,3;48,8;218,3;12,75;2331,3;7,95;19,7;1000,0;OFF;77,15;
2026-07-25 10:00:21;04:26:56;84,6;77,7;77,2;77,3;48,7;218,3;12,75;2331,3;7,96;20,0;1000,1;OFF;77,15;
2026-07-25 10:00:30;04:27:05;84,6;77,7;77,2;77,3;48,6;218,3;12,75;2331,3;7,96;20,0;1000,1;OFF;77,15;
2026-07-25 10:00:39;04:27:14;84,6;77,6;77,2;77,3;48,6;218,3;12,75;2331,3;7,97;20,0;1000,1;OFF;77,15;
2026-07-25 10:00:48;04:27:23;84,6;77,6;77,2;77,3;48,6;218,3;12,75;2331,3;7,97;20,0;1000,1;OFF;77,15;
2026-07-25 10:00:57;04:27:32;84,6;77,6;77,2;77,3;48,6;218,3;12,75;2331,3;7,98;20,0;1000,1;OFF;77,15;
2026-07-25 10:01:06;04:27:41;84,6;77,6;77,2;77,3;48,5;218,3;12,75;2331,3;7,98;20,0;1000,1;OFF;77,15;
2026-07-25 10:01:16;04:27:51;84,6;77,6;77,1;77,3;48,5;218,3;12,75;2331,3;7,99;20,0;1000,1;OFF;77,15;
2026-07-25 10:01:25;04:28:00;84,6;77,6;77,2;77,3;48,4;218,3;12,75;2331,3;8,00;20,0;1000,1;OFF;77,15;
2026-07-25 10:01:33;04:28:08;84,6;77,6;77,2;77,3;48,4;218,3;12,75;2331,3;8,00;20,0;1000,1;OFF;77,15;
2026-07-25 10:01:42;04:28:17;84,6;77,6;77,2;77,3;48,3;218,3;12,75;2331,3;8,01;20,0;1000,1;OFF;77,15;
2026-07-25 10:01:51;04:28:26;84,6;77,6;77,2;77,3;48,3;218,3;12,75;2331,3;8,01;20,0;1000,1;OFF;77,15;
2026-07-25 10:02:01;04:28:36;84,6;77,6;77,2;77,3;48,2;218,3;12,75;2331,3;8,02;20,0;1000,1;OFF;77,15;
2026-07-25 10:02:10;04:28:45;84,6;77,6;77,2;77,3;48,2;218,3;12,75;2331,3;8,03;20,0;1000,1;OFF;77,15;
2026-07-25 10:02:19;04:28:54;84,6;77,6;77,2;77,3;48,2;218,3;12,75;2331,3;8,03;20,0;1000,1;OFF;77,15;
2026-07-25 10:02:28;04:29:03;84,6;77,5;77,2;77,3;48,2;218,3;12,75;2331,3;8,04;20,0;1000,1;OFF;77,15;
2026-07-25 10:02:37;04:29:12;84,6;77,5;77,2;77,3;48,2;218,3;12,75;2331,3;8,04;20,0;1000,1;OFF;77,15;
2026-07-25 10:02:46;04:29:21;84,6;77,5;77,2;77,3;48,2;218,3;12,75;2331,3;8,05;20,0;1000,1;OFF;77,15;
2026-07-25 10:02:55;04:29:30;84,6;77,5;77,2;77,3;48,3;218,3;12,75;2331,3;8,06;20,0;1000,1;OFF;77,15;
2026-07-25 10:03:04;04:29:39;84,6;77,5;77,2;77,3;48,3;218,3;12,75;2331,3;8,06;20,0;1000,1;OFF;77,15;
2026-07-25 10:03:13;04:29:48;84,6;77,5;77,2;77,3;48,2;218,3;12,75;2331,3;8,07;20,0;1000,1;OFF;77,15;
2026-07-25 10:03:22;04:29:57;84,6;77,5;77,2;77,3;48,2;218,3;12,75;2331,3;8,07;20,0;1000,1;OFF;77,15;
2026-07-25 10:03:31;04:30:06;84,6;77,5;77,2;77,3;48,3;218,3;12,75;2331,3;8,08;20,0;1000,1;OFF;77,15;
2026-07-25 10:03:40;04:30:15;84,6;77,4;77,2;77,3;48,4;218,3;12,75;2331,3;8,08;20,0;1000,1;OFF;77,15;
2026-07-25 10:03:49;04:30:24;84,6;77,4;77,2;77,3;48,5;218,3;12,75;2331,3;8,09;20,0;1000,1;OFF;77,15;
2026-07-25 10:03:58;04:30:33;84,6;77,4;77,2;77,3;48,5;218,3;12,75;2331,3;8,10;20,0;1000,1;OFF;77,15;
2026-07-25 10:04:08;04:30:43;84,6;77,4;77,2;77,3;48,5;218,3;12,75;2331,3;8,10;20,0;1000,1;OFF;77,15;
2026-07-25 10:04:17;04:30:52;84,6;77,4;77,2;77,3;48,5;218,3;12,75;2331,3;8,11;20,0;1000,1;OFF;77,15;
2026-07-25 10:04:26;04:31:01;84,6;77,4;77,2;77,3;48,6;218,3;12,75;2331,3;8,11;20,0;1000,1;OFF;77,15;
2026-07-25 10:04:35;04:31:10;84,6;77,4;77,2;77,3;48,6;218,3;12,75;2331,3;8,12;20,0;1000,1;OFF;77,15;
2026-07-25 10:04:44;04:31:19;84,6;77,4;77,2;77,3;48,6;218,3;12,75;2331,3;8,13;20,0;1000,1;OFF;77,15;
2026-07-25 10:04:53;04:31:28;84,6;77,4;77,2;77,3;48,7;218,3;12,75;2331,3;8,13;20,0;1000,1;OFF;77,15;
2026-07-25 10:05:02;04:31:37;84,6;77,4;77,2;77,3;48,7;218,3;12,75;2331,3;8,14;20,0;1000,1;OFF;77,15;
2026-07-25 10:05:11;04:31:46;84,6;77,4;77,2;77,3;48,7;218,3;12,75;2331,3;8,14;20,0;1000,1;OFF;77,15;
2026-07-25 10:05:20;04:31:55;84,6;77,4;77,2;77,3;48,6;218,3;12,75;2331,3;8,15;20,0;1000,1;OFF;77,15;
2026-07-25 10:05:29;04:32:04;84,6;77,4;77,2;77,3;48,7;218,3;12,75;2331,3;8,15;20,0;1000,1;OFF;77,15;
2026-07-25 10:05:38;04:32:13;84,6;77,3;77,2;77,3;48,8;218,3;12,75;2331,3;8,16;20,0;1000,1;OFF;77,15;
2026-07-25 10:05:47;04:32:22;84,6;77,3;77,2;77,3;48,9;218,3;12,75;2331,3;8,17;20,0;1000,1;OFF;77,15;
2026-07-25 10:05:56;04:32:31;84,6;77,3;77,2;77,3;49,0;218,3;12,75;2331,3;8,17;20,0;1000,1;OFF;77,15;
2026-07-25 10:06:05;04:32:40;84,6;77,3;77,2;77,3;49,0;218,3;12,75;2331,3;8,18;20,0;1000,1;OFF;77,15;
2026-07-25 10:06:15;04:32:50;84,6;77,3;77,1;77,3;49,1;218,3;12,75;2331,3;8,18;20,0;1000,1;OFF;77,15;
2026-07-25 10:06:24;04:32:59;84,6;77,3;77,2;77,3;49,0;218,3;12,75;2331,3;8,19;20,0;1000,1;OFF;77,15;
2026-07-25 10:06:33;04:33:08;84,6;77,3;77,2;77,3;49,0;218,3;12,75;2331,3;8,20;20,0;1000,1;OFF;77,15;
2026-07-25 10:06:42;04:33:17;84,6;77,2;77,2;77,3;49,0;218,3;12,75;2331,3;8,20;20,0;1000,1;OFF;77,15;
2026-07-25 10:06:51;04:33:26;84,6;77,2;77,2;77,3;49,1;218,3;12,75;2331,3;8,21;20,0;1000,1;OFF;77,15;
2026-07-25 10:07:00;04:33:35;84,6;77,2;77,2;77,3;49,1;218,3;12,75;2331,3;8,21;20,0;1000,1;OFF;77,15;
2026-07-25 10:07:09;04:33:44;84,6;77,2;77,2;77,3;49,1;218,3;12,75;2331,3;8,22;20,0;1000,1;OFF;77,15;
2026-07-25 10:07:18;04:33:53;84,6;77,2;77,2;77,3;49,2;218,3;12,75;2331,3;8,23;20,0;1000,1;OFF;77,15;
2026-07-25 10:07:27;04:34:02;84,6;77,2;77,1;77,3;49,2;218,3;12,75;2331,3;8,23;20,0;1000,1;OFF;77,15;
2026-07-25 10:07:36;04:34:11;84,6;77,2;77,2;77,3;49,3;218,3;12,75;2331,3;8,24;20,0;1000,1;OFF;77,15;
2026-07-25 10:07:46;04:34:21;84,6;77,2;77,1;77,3;49,4;218,3;12,75;2331,3;8,24;20,0;1000,1;OFF;77,15;
2026-07-25 10:07:55;04:34:30;84,6;77,2;77,2;77,3;49,4;218,3;12,75;2331,3;8,25;20,0;1000,1;ON;77,15;
2026-07-25 10:08:04;04:34:39;84,6;77,2;77,1;77,3;49,4;218,3;12,75;2331,3;8,25;20,0;1000,1;ON;77,15;Start  serca
2026-07-25 10:08:13;04:34:48;84,6;77,2;77,2;77,3;49,4;218,3;12,75;2331,3;8,26;20,0;1000,1;ON;77,15;
2026-07-25 10:08:22;04:34:57;84,6;77,2;77,2;77,3;49,5;218,3;12,75;2331,3;8,27;20,0;1000,1;ON;77,15;
2026-07-25 10:08:31;04:35:06;84,6;77,2;77,2;77,3;49,0;218,3;12,75;2331,3;8,27;20,0;1000,1;ON;77,15;
2026-07-25 10:08:40;04:35:15;84,6;77,2;77,2;77,3;48,3;218,3;12,75;2331,3;8,28;20,0;1000,1;ON;77,15;
2026-07-25 10:08:49;04:35:24;84,6;77,2;77,2;77,3;47,8;218,3;12,75;2331,3;8,28;20,0;1000,1;ON;77,15;
2026-07-25 10:08:58;04:35:33;84,6;77,2;77,2;77,3;47,4;218,3;12,75;2331,3;8,29;20,0;1000,1;ON;77,15;
2026-07-25 10:09:07;04:35:42;84,6;77,2;77,2;77,3;47,2;218,3;12,75;2331,3;8,30;20,0;1000,1;ON;77,15;
2026-07-25 10:09:17;04:35:52;84,6;77,2;77,1;77,3;47,3;218,3;12,75;2331,3;8,30;20,0;1000,1;ON;77,15;
2026-07-25 10:09:26;04:36:01;84,6;77,2;77,2;77,3;47,5;218,3;12,75;2331,3;8,31;20,0;1000,1;ON;77,15;
2026-07-25 10:09:35;04:36:10;84,6;77,2;77,1;77,3;47,9;218,3;12,75;2331,3;8,31;20,0;1000,1;ON;77,15;
2026-07-25 10:09:44;04:36:19;84,6;77,2;77,1;77,3;48,2;218,3;12,75;2331,3;8,32;20,0;1000,1;ON;77,15;
2026-07-25 10:09:53;04:36:28;84,6;77,2;77,2;77,3;48,4;218,3;12,75;2331,3;8,33;20,0;1000,1;ON;77,15;
2026-07-25 10:10:02;04:36:37;84,6;77,2;77,1;77,3;48,4;218,3;12,75;2331,3;8,33;20,0;1000,1;ON;77,15;
2026-07-25 10:10:11;04:36:46;84,6;77,2;77,1;77,3;48,6;218,3;12,75;2331,3;8,34;20,0;1000,1;ON;77,15;
2026-07-25 10:10:20;04:36:55;84,6;77,1;77,1;77,3;48,8;218,3;12,75;2331,3;8,34;20,0;1000,1;ON;77,15;
2026-07-25 10:10:29;04:37:04;84,6;77,2;77,1;77,3;48,9;218,3;12,75;2331,3;8,35;20,0;1000,1;ON;77,15;
2026-07-25 10:10:38;04:37:13;84,6;77,1;77,1;77,3;49,1;218,3;12,75;2331,3;8,35;20,0;1000,1;ON;77,15;
2026-07-25 10:10:47;04:37:22;84,6;77,1;77,1;77,3;49,2;218,3;12,75;2331,3;8,36;20,0;1000,1;ON;77,15;
2026-07-25 10:10:56;04:37:31;84,6;77,1;77,1;77,3;49,3;218,3;12,75;2331,3;8,37;20,0;1000,1;ON;77,15;
2026-07-25 10:11:05;04:37:40;84,6;77,2;77,1;77,3;49,5;218,3;12,75;2331,3;8,37;20,0;1000,1;ON;77,15;
2026-07-25 10:11:14;04:37:49;84,6;77,2;77,1;77,3;49,6;218,3;12,75;2331,3;8,38;20,0;1000,1;ON;77,15;
2026-07-25 10:11:23;04:37:58;84,6;77,2;77,2;77,3;49,9;218,3;12,75;2331,3;8,38;20,0;1000,1;ON;77,15;
2026-07-25 10:11:32;04:38:07;84,6;77,2;77,2;77,3;50,1;218,3;12,75;2331,3;8,39;20,0;1000,1;ON;77,15;
2026-07-25 10:11:41;04:38:16;84,6;77,2;77,2;77,3;50,4;218,3;12,75;2331,3;8,40;20,0;1000,1;ON;77,15;
2026-07-25 10:11:50;04:38:25;84,6;77,2;77,1;77,3;50,6;218,3;12,75;2331,3;8,40;20,0;1000,1;ON;77,15;
2026-07-25 10:11:59;04:38:34;84,6;77,2;77,1;77,3;50,8;218,3;12,75;2331,3;8,41;20,0;1000,1;ON;77,15;
2026-07-25 10:12:09;04:38:44;84,6;77,2;77,2;77,3;50,9;218,3;12,75;2331,3;8,41;20,0;1000,1;ON;77,15;
2026-07-25 10:12:18;04:38:53;84,6;77,1;77,2;77,3;51,0;218,3;12,75;2331,3;8,42;20,0;1000,1;ON;77,15;
2026-07-25 10:12:27;04:39:02;84,6;77,2;77,2;77,3;51,1;218,3;12,75;2331,3;8,43;20,0;1000,1;ON;77,15;
2026-07-25 10:12:41;04:39:16;84,7;77,2;77,2;77,3;51,2;218,3;12,75;2331,3;8,43;20,0;1000,1;ON;77,15;
2026-07-25 10:12:50;04:39:25;84,6;77,2;77,2;77,3;51,4;218,3;12,75;2331,3;8,44;20,0;1000,1;ON;77,15;
2026-07-25 10:12:59;04:39:34;84,6;77,2;77,2;77,3;51,5;218,3;12,75;2331,3;8,45;20,0;1000,1;ON;77,15;
2026-07-25 10:13:08;04:39:43;84,6;77,2;77,2;77,3;51,6;218,3;12,75;2331,3;8,45;20,0;1000,1;ON;77,15;
2026-07-25 10:13:17;04:39:52;84,6;77,2;77,2;77,3;51,8;218,3;12,75;2331,3;8,46;20,0;1000,1;ON;77,15;
2026-07-25 10:13:26;04:40:01;84,7;77,2;77,2;77,3;51,9;218,3;12,75;2331,3;8,46;20,0;1000,1;ON;77,15;
2026-07-25 10:13:35;04:40:10;84,6;77,3;77,2;77,3;52,1;218,3;12,75;2331,3;8,47;20,0;1000,1;ON;77,15;
2026-07-25 10:13:44;04:40:19;84,6;77,3;77,2;77,3;52,1;218,3;12,75;2331,3;8,48;20,0;1000,1;ON;77,15;
2026-07-25 10:13:53;04:40:28;84,7;77,3;77,2;77,3;52,2;218,3;12,75;2331,3;8,48;20,0;1000,1;ON;77,15;
2026-07-25 10:14:02;04:40:37;84,7;77,4;77,2;77,3;52,2;218,3;12,75;2331,3;8,49;20,0;1000,1;ON;77,15;
2026-07-25 10:14:11;04:40:46;84,7;77,4;77,2;77,3;52,4;218,3;12,75;2331,3;8,49;20,0;1000,1;ON;77,15;
2026-07-25 10:14:20;04:40:55;84,6;77,4;77,2;77,3;52,4;218,3;12,75;2331,3;8,50;20,0;1000,1;ON;77,15;
2026-07-25 10:14:29;04:41:04;84,7;77,4;77,2;77,3;52,6;218,3;12,75;2331,3;8,50;20,0;1000,1;ON;77,15;
2026-07-25 10:14:38;04:41:13;84,7;77,4;77,2;77,3;52,8;218,3;12,75;2331,3;8,51;20,0;1000,1;ON;77,15;
2026-07-25 10:14:48;04:41:23;84,7;77,4;77,2;77,3;52,9;218,3;12,75;2331,3;8,52;20,0;1000,1;ON;77,15;
2026-07-25 10:14:57;04:41:32;84,6;77,4;77,2;77,3;53,0;218,3;12,75;2331,3;8,52;20,0;1000,1;ON;77,15;
2026-07-25 10:15:06;04:41:41;84,7;77,4;77,2;77,3;53,1;218,3;12,75;2331,3;8,53;20,0;1000,1;ON;77,15;
2026-07-25 10:15:15;04:41:50;84,7;77,4;77,2;77,3;53,2;218,3;12,75;2331,3;8,53;20,0;1000,1;ON;77,15;
2026-07-25 10:15:24;04:41:59;84,7;77,4;77,2;77,3;53,4;218,3;12,75;2331,3;8,54;20,0;1000,1;ON;77,15;
2026-07-25 10:15:33;04:42:08;84,7;77,4;77,2;77,3;53,5;218,3;12,75;2331,3;8,55;20,0;1000,1;ON;77,15;
2026-07-25 10:15:42;04:42:17;84,7;77,4;77,2;77,3;53,6;218,3;12,75;2331,3;8,55;20,3;1000,0;ON;77,15;
2026-07-25 10:15:51;04:42:26;84,7;77,4;77,2;77,3;53,6;218,3;12,75;2331,3;8,56;20,3;1000,0;ON;77,15;
2026-07-25 10:16:00;04:42:35;84,7;77,4;77,2;77,3;53,7;218,3;12,75;2331,3;8,56;20,3;1000,0;ON;77,15;
2026-07-25 10:16:09;04:42:44;84,7;77,4;77,2;77,3;53,8;218,3;12,75;2331,3;8,57;20,3;1000,0;ON;77,15;
2026-07-25 10:16:18;04:42:53;84,7;77,4;77,2;77,3;53,8;218,3;12,75;2331,3;8,57;20,3;1000,0;ON;77,15;
2026-07-25 10:16:27;04:43:02;84,7;77,4;77,2;77,3;53,9;218,3;12,75;2331,3;8,58;20,3;1000,0;ON;77,15;
2026-07-25 10:16:36;04:43:11;84,7;77,4;77,2;77,3;54,1;218,3;12,75;2331,3;8,59;20,3;1000,0;ON;77,15;
2026-07-25 10:16:45;04:43:20;84,7;77,4;77,2;77,3;54,1;218,3;12,75;2331,3;8,59;20,3;1000,0;ON;77,15;
2026-07-25 10:16:55;04:43:30;84,7;77,4;77,2;77,3;54,2;218,3;12,75;2331,3;8,60;20,3;1000,0;ON;77,15;
2026-07-25 10:17:04;04:43:39;84,7;77,4;77,2;77,3;53,8;218,3;12,75;2331,3;8,60;20,3;1000,0;ON;77,15;
2026-07-25 10:17:13;04:43:48;84,7;77,4;77,2;77,3;53,2;218,3;12,75;2331,3;8,61;20,3;1000,0;ON;77,15;
2026-07-25 10:17:22;04:43:57;84,7;77,5;77,2;77,3;52,7;218,3;12,75;2331,3;8,62;20,3;1000,0;ON;77,15;
2026-07-25 10:17:31;04:44:06;84,7;77,5;77,2;77,3;52,2;218,3;12,75;2331,3;8,62;20,3;1000,0;ON;77,15;
2026-07-25 10:17:40;04:44:15;84,7;77,4;77,2;77,3;51,6;218,3;12,75;2331,3;8,63;20,3;1000,0;ON;77,15;
2026-07-25 10:17:49;04:44:24;84,7;77,5;77,2;77,3;51,2;218,3;12,75;2331,3;8,63;20,3;1000,0;ON;77,15;
2026-07-25 10:17:58;04:44:33;84,7;77,5;77,2;77,3;50,9;218,3;12,75;2331,3;8,64;20,3;1000,0;ON;77,15;
2026-07-25 10:18:07;04:44:42;84,7;77,5;77,2;77,3;50,7;218,3;12,75;2331,3;8,65;20,3;1000,0;ON;77,15;
2026-07-25 10:18:16;04:44:51;84,7;77,5;77,2;77,3;50,4;218,3;12,75;2331,3;8,65;20,3;1000,0;ON;77,15;
2026-07-25 10:18:25;04:45:00;84,7;77,5;77,2;77,3;50,1;218,3;12,75;2331,3;8,66;20,3;1000,0;ON;77,15;
2026-07-25 10:18:34;04:45:09;84,7;77,5;77,2;77,3;49,9;218,3;12,75;2331,3;8,66;20,3;1000,0;ON;77,15;
2026-07-25 10:18:43;04:45:18;84,7;77,6;77,2;77,3;49,8;218,3;12,75;2331,3;8,67;20,3;1000,0;ON;77,15;
2026-07-25 10:18:52;04:45:27;84,7;77,5;77,2;77,3;49,6;218,3;12,75;2331,3;8,67;20,3;1000,0;ON;77,15;
2026-07-25 10:19:02;04:45:37;84,7;77,6;77,2;77,3;49,4;218,3;12,75;2331,3;8,68;20,3;1000,0;ON;77,15;
2026-07-25 10:19:11;04:45:46;84,7;77,6;77,2;77,3;49,3;218,3;12,75;2331,3;8,69;20,3;1000,0;ON;77,15;
2026-07-25 10:19:20;04:45:55;84,8;77,6;77,2;77,3;49,2;218,3;12,75;2331,3;8,69;20,3;1000,0;ON;77,15;
2026-07-25 10:19:29;04:46:04;84,7;77,6;77,2;77,3;49,1;218,3;12,75;2331,3;8,70;20,3;1000,0;ON;77,15;
2026-07-25 10:19:38;04:46:13;84,8;77,6;77,2;77,3;48,9;218,3;12,75;2331,3;8,70;20,3;1000,0;ON;77,15;
2026-07-25 10:19:47;04:46:22;84,8;77,6;77,2;77,3;48,9;218,3;12,75;2331,3;8,71;20,3;1000,0;ON;77,15;
2026-07-25 10:19:56;04:46:31;84,8;77,6;77,2;77,3;48,8;218,3;12,75;2331,3;8,72;20,3;1000,0;ON;77,15;
2026-07-25 10:20:05;04:46:40;84,8;77,6;77,2;77,3;48,8;218,3;12,75;2331,3;8,72;20,3;1000,0;ON;77,15;
2026-07-25 10:20:14;04:46:49;84,8;77,6;77,2;77,3;48,7;218,3;12,75;2331,3;8,73;20,3;1000,0;ON;77,15;
2026-07-25 10:20:23;04:46:58;84,8;77,6;77,2;77,3;48,6;218,3;12,75;2331,3;8,73;20,3;1000,0;ON;77,15;
2026-07-25 10:20:32;04:47:07;84,8;77,6;77,2;77,3;48,5;218,3;12,75;2331,3;8,74;20,3;1000,0;ON;77,15;
2026-07-25 10:20:41;04:47:16;84,8;77,6;77,2;77,3;48,5;218,3;12,75;2331,3;8,75;20,3;1000,0;ON;77,15;
2026-07-25 10:20:50;04:47:25;84,8;77,6;77,2;77,3;48,5;218,3;12,75;2331,3;8,75;20,3;1000,0;ON;77,15;
2026-07-25 10:20:59;04:47:34;84,8;77,6;77,2;77,3;48,4;218,3;12,75;2331,3;8,76;20,3;1000,0;ON;77,15;
2026-07-25 10:21:09;04:47:44;84,8;77,6;77,2;77,3;48,4;218,3;12,75;2331,3;8,76;20,3;1000,0;ON;77,15;
2026-07-25 10:21:18;04:47:53;84,8;77,6;77,2;77,3;48,4;218,3;12,75;2331,3;8,77;20,3;1000,0;ON;77,15;
2026-07-25 10:21:27;04:48:02;84,8;77,6;77,2;77,3;48,4;218,3;12,75;2331,3;8,77;20,3;1000,0;ON;77,15;
2026-07-25 10:21:36;04:48:11;84,8;77,6;77,2;77,3;48,4;218,3;12,75;2331,3;8,78;20,3;1000,0;ON;77,15;
2026-07-25 10:21:45;04:48:20;84,8;77,6;77,2;77,3;48,4;218,3;12,75;2331,3;8,79;20,3;1000,0;ON;77,15;
2026-07-25 10:21:54;04:48:29;84,8;77,6;77,2;77,3;48,4;218,3;12,75;2331,3;8,79;20,3;1000,0;ON;77,15;
2026-07-25 10:22:03;04:48:38;84,8;77,7;77,2;77,3;48,4;218,3;12,75;2331,3;8,80;20,3;1000,0;ON;77,15;
2026-07-25 10:22:12;04:48:47;84,8;77,7;77,2;77,3;48,4;218,3;12,75;2331,3;8,80;20,3;1000,0;ON;77,15;
2026-07-25 10:22:21;04:48:56;84,8;77,6;77,2;77,3;48,5;218,3;12,75;2331,3;8,81;20,3;1000,0;ON;77,15;
2026-07-25 10:22:30;04:49:05;84,8;77,7;77,2;77,3;48,5;218,3;12,75;2331,3;8,82;20,3;1000,0;ON;77,15;
2026-07-25 10:22:39;04:49:14;84,8;77,7;77,2;77,3;48,4;218,3;12,75;2331,3;8,82;20,3;1000,0;ON;77,15;
2026-07-25 10:22:48;04:49:23;84,8;77,7;77,2;77,3;48,5;218,3;12,75;2331,3;8,83;20,3;1000,0;ON;77,15;
2026-07-25 10:22:57;04:49:32;84,8;77,7;77,2;77,3;48,6;218,3;12,75;2331,3;8,83;20,3;1000,0;ON;77,15;
2026-07-25 10:23:06;04:49:41;84,8;77,7;77,2;77,3;48,6;218,3;12,75;2331,3;8,84;20,3;1000,0;ON;77,15;
2026-07-25 10:23:15;04:49:50;84,8;77,7;77,2;77,3;48,6;218,3;12,75;2331,3;8,85;20,3;1000,0;ON;77,15;
2026-07-25 10:23:25;04:50:00;84,8;77,7;77,2;77,3;48,6;218,3;12,75;2331,3;8,85;20,3;1000,0;ON;77,15;
2026-07-25 10:23:34;04:50:09;84,8;77,7;77,2;77,3;48,6;218,3;12,75;2331,3;8,86;20,3;1000,0;ON;77,15;
2026-07-25 10:23:43;04:50:18;84,8;77,7;77,2;77,3;48,7;218,3;12,75;2331,3;8,86;20,3;1000,0;ON;77,15;
2026-07-25 10:23:52;04:50:27;84,8;77,7;77,2;77,3;48,7;218,3;12,75;2331,3;8,87;20,3;1000,0;ON;77,15;
2026-07-25 10:24:01;04:50:36;84,8;77,7;77,2;77,3;48,7;218,3;12,75;2331,3;8,87;20,3;1000,0;ON;77,15;
2026-07-25 10:24:10;04:50:45;84,8;77,7;77,2;77,3;48,7;218,3;12,75;2331,3;8,88;20,3;1000,0;ON;77,15;
2026-07-25 10:24:19;04:50:54;84,8;77,8;77,2;77,3;48,7;218,3;12,75;2331,3;8,89;20,3;1000,0;ON;77,15;
2026-07-25 10:24:28;04:51:03;84,8;77,8;77,2;77,3;48,7;218,3;12,75;2331,3;8,89;20,3;1000,0;ON;77,15;
2026-07-25 10:24:37;04:51:12;84,8;77,8;77,2;77,3;48,8;218,3;12,75;2331,3;8,90;20,3;1000,0;ON;77,15;
2026-07-25 10:24:46;04:51:21;84,8;77,8;77,2;77,3;48,8;218,3;12,75;2331,3;8,90;20,3;1000,0;ON;77,15;
2026-07-25 10:24:55;04:51:30;84,8;77,8;77,2;77,3;48,7;218,3;12,75;2331,3;8,91;20,3;1000,0;ON;77,15;
2026-07-25 10:25:04;04:51:39;84,8;77,8;77,2;77,3;48,7;218,3;12,75;2331,3;8,92;20,3;1000,0;ON;77,15;
2026-07-25 10:25:13;04:51:48;84,8;77,8;77,2;77,3;48,7;218,3;12,75;2331,3;8,92;20,3;1000,0;ON;77,15;
2026-07-25 10:25:22;04:51:57;84,8;77,8;77,2;77,3;48,7;218,3;12,75;2331,3;8,93;20,3;1000,0;ON;77,15;
2026-07-25 10:25:31;04:52:06;84,8;77,8;77,2;77,3;48,7;218,3;12,75;2331,3;8,93;20,3;1000,0;ON;77,15;
2026-07-25 10:25:40;04:52:15;84,8;77,8;77,2;77,3;48,8;218,3;12,75;2331,3;8,94;20,3;1000,0;ON;77,15;
2026-07-25 10:25:49;04:52:24;84,8;77,8;77,2;77,3;48,8;218,3;12,75;2331,3;8,94;20,3;1000,0;ON;77,15;
2026-07-25 10:25:59;04:52:34;84,8;77,8;77,2;77,3;48,8;218,3;12,75;2331,3;8,95;20,3;1000,0;ON;77,15;
2026-07-25 10:26:08;04:52:43;84,8;77,8;77,2;77,3;48,8;218,3;12,75;2331,3;8,96;20,3;1000,0;ON;77,15;
2026-07-25 10:26:17;04:52:52;84,8;77,8;77,2;77,3;48,8;218,3;12,75;2331,3;8,96;20,3;1000,0;ON;77,15;
2026-07-25 10:26:25;04:53:00;84,8;77,8;77,2;77,3;48,8;218,3;12,75;2331,3;8,97;20,3;1000,0;ON;77,15;
2026-07-25 10:26:35;04:53:10;84,8;77,8;77,2;77,3;48,8;218,3;12,75;2331,3;8,97;20,3;1000,0;ON;77,15;
2026-07-25 10:26:44;04:53:19;84,8;77,8;77,2;77,3;48,8;218,3;12,75;2331,3;8,98;20,3;1000,0;ON;77,15;
2026-07-25 10:26:53;04:53:28;84,8;77,8;77,2;77,3;48,9;218,3;12,75;2331,3;8,99;20,3;1000,0;ON;77,15;
2026-07-25 10:27:02;04:53:37;84,8;77,8;77,2;77,3;48,9;218,3;12,75;2331,3;8,99;20,3;1000,0;ON;77,15;
2026-07-25 10:27:11;04:53:46;84,8;77,8;77,2;77,3;48,9;218,3;12,75;2331,3;9,00;20,3;1000,0;ON;77,15;
2026-07-25 10:27:20;04:53:55;84,8;77,8;77,2;77,3;49,0;218,3;12,75;2331,3;9,00;20,3;1000,0;ON;77,15;
2026-07-25 10:27:29;04:54:04;84,8;77,8;77,2;77,3;49,0;218,3;12,75;2331,3;9,01;20,3;1000,0;ON;77,15;
2026-07-25 10:27:38;04:54:13;84,8;77,8;77,2;77,3;49,1;218,3;12,75;2331,3;9,02;20,3;1000,0;ON;77,15;
2026-07-25 10:27:47;04:54:22;84,8;77,8;77,2;77,3;49,1;218,3;12,75;2331,3;9,02;20,3;1000,0;ON;77,15;
2026-07-25 10:27:56;04:54:31;84,8;77,8;77,2;77,3;49,1;218,3;12,75;2331,3;9,03;20,3;1000,0;ON;77,15;
2026-07-25 10:28:05;04:54:40;84,8;77,8;77,2;77,3;49,1;218,3;12,75;2331,3;9,03;20,3;1000,0;ON;77,15;
2026-07-25 10:28:14;04:54:49;84,8;77,8;77,2;77,3;49,1;218,3;12,75;2331,3;9,04;20,3;1000,0;ON;77,15;
2026-07-25 10:28:23;04:54:58;84,8;77,8;77,2;77,3;49,1;218,3;12,75;2331,3;9,04;20,3;1000,0;ON;77,15;
2026-07-25 10:28:32;04:55:07;84,8;77,8;77,2;77,3;49,2;218,3;12,75;2331,3;9,05;20,3;1000,0;ON;77,15;
2026-07-25 10:28:41;04:55:16;84,8;77,8;77,2;77,3;49,2;218,3;12,75;2331,3;9,06;20,3;1000,0;ON;77,15;
2026-07-25 10:28:50;04:55:25;84,8;77,8;77,2;77,3;49,3;218,3;12,75;2331,3;9,06;20,3;1000,0;ON;77,15;
2026-07-25 10:28:59;04:55:34;84,8;77,8;77,2;77,3;49,4;218,3;12,75;2331,3;9,07;20,3;1000,0;ON;77,15;
2026-07-25 10:29:08;04:55:43;84,8;77,8;77,2;77,3;49,4;218,3;12,75;2331,3;9,07;20,3;1000,0;ON;77,15;
2026-07-25 10:29:17;04:55:52;84,8;77,8;77,2;77,3;49,4;218,3;12,75;2331,3;9,08;20,3;1000,0;ON;77,15;
2026-07-25 10:29:26;04:56:01;84,8;77,8;77,2;77,3;49,5;218,3;12,75;2331,3;9,09;20,3;1000,0;ON;77,15;
2026-07-25 10:29:36;04:56:11;84,8;77,8;77,3;77,3;49,6;218,3;12,75;2331,3;9,09;20,3;1000,0;ON;77,15;
2026-07-25 10:29:45;04:56:20;84,8;77,8;77,2;77,3;49,6;218,3;12,75;2331,3;9,10;20,3;1000,0;ON;77,15;
2026-07-25 10:29:54;04:56:29;84,8;77,8;77,2;77,3;49,7;218,3;12,75;2331,3;9,10;20,3;1000,0;ON;77,15;
2026-07-25 10:30:03;04:56:38;84,8;77,8;77,2;77,3;49,8;218,3;12,75;2331,3;9,11;20,3;1000,0;ON;77,15;
2026-07-25 10:30:12;04:56:47;84,8;77,8;77,2;77,3;49,9;218,3;12,75;2331,3;9,11;20,3;1000,0;ON;77,15;
2026-07-25 10:30:21;04:56:56;84,8;77,8;77,2;77,3;49,9;218,3;12,75;2331,3;9,12;20,3;1000,0;ON;77,15;
2026-07-25 10:30:30;04:57:05;84,8;77,8;77,2;77,3;49,9;218,3;12,75;2331,3;9,13;20,3;1000,0;ON;77,15;
2026-07-25 10:30:39;04:57:14;84,9;77,8;77,2;77,3;49,9;218,3;12,75;2331,3;9,13;20,3;1000,0;ON;77,15;
2026-07-25 10:30:48;04:57:23;84,9;77,8;77,2;77,3;50,0;218,3;12,75;2331,3;9,14;20,3;1000,0;ON;77,15;
2026-07-25 10:30:57;04:57:32;84,9;77,8;77,2;77,3;50,1;218,3;12,75;2331,3;9,14;20,3;1000,0;ON;77,15;
2026-07-25 10:31:06;04:57:41;84,9;77,8;77,2;77,3;50,1;218,3;12,75;2331,3;9,15;20,7;1000,0;ON;77,15;
2026-07-25 10:31:15;04:57:50;84,9;77,8;77,2;77,3;50,2;218,3;12,75;2331,3;9,16;20,7;1000,0;ON;77,15;
2026-07-25 10:31:24;04:57:59;84,9;77,8;77,2;77,3;50,3;218,3;12,75;2331,3;9,16;20,7;1000,0;ON;77,15;
2026-07-25 10:31:33;04:58:08;84,9;77,8;77,2;77,3;50,4;218,3;12,75;2331,3;9,17;20,7;1000,0;ON;77,15;
2026-07-25 10:31:43;04:58:18;84,9;77,8;77,2;77,3;50,6;218,3;12,75;2331,3;9,17;20,7;1000,0;ON;77,15;
2026-07-25 10:31:52;04:58:27;84,9;77,8;77,2;77,3;50,8;218,3;12,75;2331,3;9,18;20,7;1000,0;ON;77,15;
2026-07-25 10:32:01;04:58:36;84,9;77,8;77,2;77,3;50,9;218,3;12,75;2331,3;9,19;20,7;1000,0;ON;77,15;
2026-07-25 10:32:10;04:58:45;84,9;77,8;77,2;77,3;50,9;218,3;12,75;2331,3;9,19;20,7;1000,0;ON;77,15;
2026-07-25 10:32:19;04:58:54;84,9;77,8;77,2;77,3;51,1;218,3;12,75;2331,3;9,20;20,7;1000,0;ON;77,15;
2026-07-25 10:32:28;04:59:03;84,9;77,8;77,2;77,3;51,2;218,3;12,75;2331,3;9,20;20,7;1000,0;ON;77,15;
2026-07-25 10:32:37;04:59:12;84,9;77,8;77,2;77,3;51,2;218,3;12,75;2331,3;9,21;20,7;1000,0;ON;77,15;
2026-07-25 10:32:46;04:59:21;84,9;77,8;77,2;77,3;51,4;218,3;12,75;2331,3;9,21;20,7;1000,0;ON;77,15;
2026-07-25 10:32:55;04:59:30;84,9;77,8;77,2;77,3;51,5;218,3;12,75;2331,3;9,22;20,7;1000,0;ON;77,15;
2026-07-25 10:33:04;04:59:39;84,9;77,8;77,2;77,3;51,7;218,3;12,75;2331,3;9,23;20,7;1000,0;ON;77,15;
2026-07-25 10:33:13;04:59:48;84,9;77,8;77,2;77,3;51,8;218,3;12,75;2331,3;9,23;20,7;1000,0;ON;77,15;
2026-07-25 10:33:22;04:59:57;84,9;77,9;77,2;77,3;51,9;218,3;12,75;2331,3;9,24;20,7;1000,0;ON;77,15;
2026-07-25 10:33:32;05:00:07;84,9;77,9;77,2;77,3;52,1;218,3;12,75;2331,3;9,24;20,7;1000,0;ON;77,15;
2026-07-25 10:33:41;05:00:16;84,9;77,9;77,2;77,3;52,2;218,3;12,75;2331,3;9,25;20,7;1000,0;ON;77,15;
2026-07-25 10:33:50;05:00:25;84,9;77,9;77,2;77,3;52,3;218,3;12,75;2331,3;9,26;20,7;1000,0;ON;77,15;
2026-07-25 10:33:59;05:00:34;84,9;77,9;77,2;77,3;52,4;218,3;12,75;2331,3;9,26;20,7;1000,0;ON;77,15;
2026-07-25 10:34:08;05:00:43;84,9;77,9;77,2;77,3;52,5;218,3;12,75;2331,3;9,27;20,7;1000,0;ON;77,15;
2026-07-25 10:34:17;05:00:52;84,9;77,9;77,2;77,3;52,6;218,3;12,75;2331,3;9,27;20,7;1000,0;ON;77,15;
2026-07-25 10:34:26;05:01:01;84,9;77,9;77,2;77,3;52,8;218,3;12,75;2331,3;9,28;20,7;1000,0;ON;77,15;
2026-07-25 10:34:35;05:01:10;84,9;77,9;77,2;77,3;52,9;218,3;12,75;2331,3;9,29;20,7;1000,0;ON;77,15;
2026-07-25 10:34:44;05:01:19;84,9;77,9;77,2;77,3;53,0;218,3;12,75;2331,3;9,29;20,7;1000,0;ON;77,15;
2026-07-25 10:34:53;05:01:28;84,9;77,9;77,2;77,3;53,1;218,3;12,75;2331,3;9,30;20,7;1000,0;ON;77,15;
2026-07-25 10:35:02;05:01:37;84,9;77,9;77,2;77,3;53,1;218,3;12,75;2331,3;9,30;20,7;1000,0;ON;77,15;
2026-07-25 10:35:11;05:01:46;84,9;77,9;77,2;77,3;53,2;218,3;12,75;2331,3;9,31;20,7;1000,0;ON;77,15;
2026-07-25 10:35:20;05:01:55;84,9;77,9;77,2;77,3;53,3;218,3;12,75;2331,3;9,31;20,7;1000,0;ON;77,15;
2026-07-25 10:35:29;05:02:04;84,9;77,9;77,2;77,3;53,4;218,3;12,75;2331,3;9,32;20,7;1000,0;ON;77,15;
2026-07-25 10:35:38;05:02:13;84,9;77,9;77,2;77,3;53,4;218,3;12,75;2331,3;9,33;20,7;1000,0;ON;77,15;
2026-07-25 10:35:47;05:02:22;84,9;77,9;77,2;77,3;53,0;218,3;12,75;2331,3;9,33;20,7;1000,0;ON;77,15;
2026-07-25 10:35:57;05:02:32;84,9;77,9;77,2;77,3;52,4;218,3;12,75;2331,3;9,34;20,7;1000,0;ON;77,15;
2026-07-25 10:36:06;05:02:41;84,9;77,9;77,2;77,3;51,8;218,3;12,75;2331,3;9,34;20,7;1000,0;ON;77,15;
2026-07-25 10:36:15;05:02:50;84,9;77,9;77,2;77,3;51,2;218,3;12,75;2331,3;9,35;20,7;1000,0;ON;77,15;
2026-07-25 10:36:24;05:02:59;84,9;77,9;77,2;77,3;50,8;218,3;12,75;2331,3;9,36;20,7;1000,0;ON;77,15;
2026-07-25 10:36:33;05:03:08;84,9;77,9;77,2;77,3;50,3;218,3;12,75;2331,3;9,36;20,7;1000,0;ON;77,15;
2026-07-25 10:36:42;05:03:17;84,9;77,9;77,2;77,3;49,9;218,3;12,75;2331,3;9,37;20,7;1000,0;ON;77,15;
2026-07-25 10:36:51;05:03:26;84,9;77,9;77,2;77,3;49,6;218,3;12,75;2331,3;9,37;20,7;1000,0;ON;77,15;
2026-07-25 10:37:00;05:03:35;84,9;77,9;77,2;77,3;49,5;218,3;12,75;2331,3;9,38;20,7;1000,0;ON;77,15;
2026-07-25 10:37:09;05:03:44;84,9;77,9;77,2;77,3;49,4;218,3;12,75;2331,3;9,39;20,7;1000,0;ON;77,15;
2026-07-25 10:37:18;05:03:53;84,9;77,9;77,2;77,3;49,3;218,3;12,75;2331,3;9,39;20,7;1000,0;ON;77,15;
2026-07-25 10:37:27;05:04:02;84,9;77,9;77,2;77,3;49,2;218,3;12,75;2331,3;9,40;20,7;1000,0;ON;77,15;
2026-07-25 10:37:36;05:04:11;84,9;77,9;77,2;77,3;49,1;218,3;12,75;2331,3;9,40;20,7;1000,0;ON;77,15;
2026-07-25 10:37:45;05:04:20;84,9;77,9;77,2;77,3;48,9;218,3;12,75;2331,3;9,41;20,7;1000,0;ON;77,15;
2026-07-25 10:37:54;05:04:29;84,9;77,9;77,2;77,3;48,9;218,3;12,75;2331,3;9,41;20,7;1000,0;ON;77,15;
2026-07-25 10:38:04;05:04:39;84,9;77,9;77,2;77,3;48,8;218,3;12,75;2331,3;9,42;20,7;1000,0;ON;77,15;
2026-07-25 10:38:13;05:04:48;84,9;77,9;77,2;77,3;48,7;218,3;12,75;2331,3;9,43;20,7;1000,0;ON;77,15;
2026-07-25 10:38:22;05:04:57;84,9;77,9;77,2;77,3;48,6;218,3;12,75;2331,3;9,43;20,7;1000,0;ON;77,15;
2026-07-25 10:38:31;05:05:06;84,9;77,9;77,2;77,3;48,5;218,3;12,75;2331,3;9,44;20,7;1000,0;ON;77,15;
2026-07-25 10:38:40;05:05:15;84,9;77,9;77,2;77,3;48,4;218,3;12,75;2331,3;9,44;20,7;1000,0;ON;77,15;
2026-07-25 10:38:49;05:05:24;84,9;77,9;77,2;77,3;48,3;218,3;12,75;2331,3;9,45;20,7;1000,0;ON;77,15;
2026-07-25 10:38:58;05:05:33;84,9;77,9;77,2;77,3;48,3;218,3;12,75;2331,3;9,46;20,7;1000,0;ON;77,15;
2026-07-25 10:39:07;05:05:42;84,9;77,9;77,2;77,3;48,2;218,3;12,75;2331,3;9,46;20,7;1000,0;ON;77,15;
2026-07-25 10:39:16;05:05:51;84,9;77,9;77,2;77,3;48,1;218,3;12,75;2331,3;9,47;20,7;1000,0;ON;77,15;
2026-07-25 10:39:25;05:06:00;84,9;77,9;77,2;77,3;48,1;218,3;12,75;2331,3;9,47;20,7;1000,0;ON;77,15;
2026-07-25 10:39:34;05:06:09;84,9;77,9;77,2;77,3;48,1;218,3;12,75;2331,3;9,48;20,7;1000,0;ON;77,15;
2026-07-25 10:39:43;05:06:18;85,0;77,9;77,2;77,3;48,1;218,3;12,75;2331,3;9,49;20,7;1000,0;ON;77,15;
2026-07-25 10:39:52;05:06:27;85,0;77,9;77,2;77,3;48,0;218,3;12,75;2331,3;9,49;20,7;1000,0;ON;77,15;
2026-07-25 10:40:01;05:06:36;84,9;77,9;77,2;77,3;48,0;218,3;12,75;2331,3;9,50;20,7;1000,0;ON;77,15;
2026-07-25 10:40:11;05:06:46;85,0;77,9;77,2;77,3;47,9;218,3;12,75;2331,3;9,50;20,7;1000,0;ON;77,15;
2026-07-25 10:40:20;05:06:55;85,0;77,9;77,2;77,3;47,9;218,3;12,75;2331,3;9,51;20,7;1000,0;ON;77,15;
2026-07-25 10:40:29;05:07:04;85,0;77,9;77,2;77,3;47,9;218,3;12,75;2331,3;9,51;20,7;1000,0;ON;77,15;
2026-07-25 10:40:38;05:07:13;85,0;77,9;77,2;77,3;48,0;218,3;12,75;2331,3;9,52;20,7;1000,0;ON;77,15;
2026-07-25 10:40:47;05:07:22;85,0;77,9;77,2;77,3;48,0;218,3;12,75;2331,3;9,53;20,7;1000,0;ON;77,15;
2026-07-25 10:40:56;05:07:31;85,0;77,9;77,2;77,3;48,1;218,3;12,75;2331,3;9,53;20,7;1000,0;ON;77,15;
2026-07-25 10:41:05;05:07:40;85,0;77,9;77,2;77,3;48,0;218,3;12,75;2331,3;9,54;20,7;1000,0;ON;77,15;
2026-07-25 10:41:14;05:07:49;85,0;77,9;77,2;77,3;48,0;218,3;12,75;2331,3;9,54;20,7;1000,0;ON;77,15;
2026-07-25 10:41:23;05:07:58;85,0;77,9;77,2;77,3;48,0;218,3;12,75;2331,3;9,55;20,7;1000,0;ON;77,15;
2026-07-25 10:41:32;05:08:07;85,0;77,9;77,2;77,3;48,1;218,3;12,75;2331,3;9,56;20,7;1000,0;ON;77,15;
2026-07-25 10:41:41;05:08:16;85,0;77,9;77,2;77,3;48,1;218,3;12,75;2331,3;9,56;20,7;1000,0;ON;77,15;
2026-07-25 10:41:50;05:08:25;85,0;77,9;77,2;77,3;48,1;218,3;12,75;2331,3;9,57;20,7;1000,0;ON;77,15;
2026-07-25 10:41:59;05:08:34;85,0;77,9;77,2;77,3;48,1;218,3;12,75;2331,3;9,57;20,7;1000,0;ON;77,15;
2026-07-25 10:42:08;05:08:43;85,0;77,9;77,2;77,3;48,2;218,3;12,75;2331,3;9,58;20,7;1000,0;ON;77,15;
2026-07-25 10:42:18;05:08:53;85,0;77,9;77,2;77,3;48,2;218,3;12,75;2331,3;9,58;20,7;1000,0;ON;77,15;
2026-07-25 10:42:27;05:09:02;85,0;77,9;77,2;77,3;48,3;218,3;12,75;2331,3;9,59;20,7;1000,0;ON;77,15;
2026-07-25 10:42:36;05:09:11;85,0;77,9;77,2;77,3;48,4;218,3;12,75;2331,3;9,60;20,7;1000,0;ON;77,15;
2026-07-25 10:42:45;05:09:20;85,0;77,9;77,2;77,3;48,4;218,3;12,75;2331,3;9,60;20,7;1000,0;ON;77,15;
2026-07-25 10:42:54;05:09:29;85,0;77,9;77,2;77,3;48,4;218,3;12,75;2331,3;9,61;20,7;1000,0;ON;77,15;
2026-07-25 10:43:03;05:09:38;85,0;77,9;77,2;77,3;48,4;218,3;12,75;2331,3;9,61;20,7;1000,0;ON;77,15;
2026-07-25 10:43:12;05:09:47;85,0;77,9;77,2;77,3;48,4;218,3;12,75;2331,3;9,62;20,7;1000,0;ON;77,15;
2026-07-25 10:43:21;05:09:56;85,0;77,9;77,2;77,3;48,4;218,3;12,75;2331,3;9,63;20,7;1000,0;ON;77,15;
2026-07-25 10:43:30;05:10:05;85,0;77,9;77,2;77,3;48,4;218,3;12,75;2331,3;9,63;20,7;1000,0;ON;77,15;
2026-07-25 10:43:39;05:10:14;85,0;77,9;77,2;77,3;48,5;218,3;12,75;2331,3;9,64;20,7;1000,0;ON;77,15;
2026-07-25 10:43:48;05:10:23;85,1;77,9;77,2;77,3;48,4;218,3;12,75;2331,3;9,64;20,7;1000,0;ON;77,15;
2026-07-25 10:43:57;05:10:32;85,1;77,9;77,2;77,3;48,4;218,3;12,75;2331,3;9,65;20,7;1000,0;ON;77,15;
2026-07-25 10:44:06;05:10:41;85,1;77,9;77,2;77,3;48,4;218,3;12,75;2331,3;9,66;20,7;1000,0;ON;77,15;
2026-07-25 10:44:15;05:10:50;85,1;77,9;77,2;77,3;48,5;218,3;12,75;2331,3;9,66;20,7;1000,0;ON;77,15;
2026-07-25 10:44:25;05:11:00;85,1;77,9;77,2;77,3;48,5;218,3;12,75;2331,3;9,67;20,7;1000,0;ON;77,15;
2026-07-25 10:44:34;05:11:09;85,1;77,9;77,2;77,3;48,6;218,3;12,75;2331,3;9,67;20,7;1000,0;ON;77,15;
2026-07-25 10:44:43;05:11:18;85,1;77,9;77,2;77,3;48,6;218,3;12,75;2331,3;9,68;20,7;1000,0;ON;77,15;
2026-07-25 10:44:52;05:11:27;85,1;77,9;77,2;77,3;48,6;218,3;12,75;2331,3;9,68;20,7;1000,0;ON;77,15;
2026-07-25 10:45:01;05:11:36;85,1;77,9;77,2;77,3;48,6;218,3;12,75;2331,3;9,69;20,7;1000,0;ON;77,15;
2026-07-25 10:45:10;05:11:45;85,1;77,9;77,2;77,3;48,6;218,3;12,75;2331,3;9,70;20,7;1000,0;ON;77,15;
2026-07-25 10:45:19;05:11:54;85,1;77,9;77,2;77,3;48,7;218,3;12,75;2331,3;9,70;20,7;1000,0;ON;77,15;
2026-07-25 10:45:28;05:12:03;85,1;77,9;77,2;77,3;48,8;218,3;12,75;2331,3;9,71;20,7;1000,0;ON;77,15;
2026-07-25 10:45:37;05:12:12;85,1;77,9;77,2;77,3;48,8;218,3;12,75;2331,3;9,71;20,7;1000,0;ON;77,15;
2026-07-25 10:45:46;05:12:21;85,1;77,9;77,2;77,3;48,8;218,3;12,75;2331,3;9,72;20,7;1000,0;ON;77,15;
2026-07-25 10:45:55;05:12:30;85,1;77,9;77,2;77,3;48,8;218,3;12,75;2331,3;9,73;20,7;1000,0;ON;77,15;
2026-07-25 10:46:04;05:12:39;85,1;77,9;77,2;77,3;48,9;218,3;12,75;2331,3;9,73;20,7;1000,0;ON;77,15;
2026-07-25 10:46:13;05:12:48;85,1;77,9;77,2;77,3;48,9;218,3;12,75;2331,3;9,74;20,7;1000,0;ON;77,15;
2026-07-25 10:46:22;05:12:57;85,1;77,9;77,2;77,3;48,9;218,3;12,75;2331,3;9,74;20,7;1000,0;ON;77,15;
2026-07-25 10:46:31;05:13:06;85,1;77,9;77,2;77,3;48,9;218,3;12,75;2331,3;9,75;21,1;999,9;ON;77,15;
2026-07-25 10:46:40;05:13:15;85,1;77,9;77,2;77,3;48,9;218,3;12,75;2331,3;9,76;21,1;999,9;ON;77,15;
2026-07-25 10:46:49;05:13:24;85,1;77,9;77,2;77,3;48,9;218,3;12,75;2331,3;9,76;21,1;999,9;ON;77,15;
2026-07-25 10:46:58;05:13:33;85,1;77,9;77,2;77,3;48,9;218,3;12,75;2331,3;9,77;21,1;999,9;ON;77,15;
2026-07-25 10:47:07;05:13:42;85,1;77,9;77,2;77,3;48,9;218,3;12,75;2331,3;9,77;21,1;999,9;ON;77,15;
2026-07-25 10:47:17;05:13:52;85,1;77,9;77,2;77,3;48,9;218,3;12,75;2331,3;9,78;21,1;999,9;ON;77,15;
2026-07-25 10:47:25;05:14:00;85,1;77,9;77,2;77,3;49,0;218,3;12,75;2331,3;9,78;21,1;999,9;ON;77,15;
2026-07-25 10:47:34;05:14:09;85,1;77,9;77,2;77,3;49,1;218,3;12,75;2331,3;9,79;21,1;999,9;ON;77,15;
2026-07-25 10:47:43;05:14:18;85,1;78,0;77,2;77,3;49,1;218,3;12,75;2331,3;9,80;21,1;999,9;ON;77,15;
2026-07-25 10:47:52;05:14:27;85,1;77,9;77,2;77,3;49,2;218,3;12,75;2331,3;9,80;21,1;999,9;ON;77,15;
2026-07-25 10:48:01;05:14:36;85,1;77,9;77,2;77,3;49,2;218,3;12,75;2331,3;9,81;21,1;999,9;ON;77,15;
2026-07-25 10:48:11;05:14:46;85,1;77,9;77,2;77,3;49,2;218,3;12,75;2331,3;9,81;21,1;999,9;ON;77,15;
2026-07-25 10:48:20;05:14:55;85,1;78,0;77,2;77,3;49,2;218,3;12,75;2331,3;9,82;21,1;999,9;ON;77,15;
2026-07-25 10:48:29;05:15:04;85,1;77,9;77,2;77,3;49,2;218,3;12,75;2331,3;9,83;21,1;999,9;ON;77,15;
2026-07-25 10:48:38;05:15:13;85,1;78,0;77,2;77,3;49,3;218,3;12,75;2331,3;9,83;21,1;999,9;ON;77,15;
2026-07-25 10:48:47;05:15:22;85,1;78,0;77,2;77,3;49,3;218,3;12,75;2331,3;9,84;21,1;999,9;ON;77,15;
2026-07-25 10:48:56;05:15:31;85,1;78,0;77,2;77,3;49,3;218,3;12,75;2331,3;9,84;21,1;999,9;ON;77,15;
2026-07-25 10:49:05;05:15:40;85,1;78,0;77,2;77,3;49,3;218,3;12,75;2331,3;9,85;21,1;999,9;ON;77,15;
2026-07-25 10:49:14;05:15:49;85,1;77,9;77,2;77,3;49,4;218,3;12,75;2331,3;9,85;21,1;999,9;ON;77,15;
2026-07-25 10:49:23;05:15:58;85,1;78,0;77,2;77,3;49,4;218,3;12,75;2331,3;9,86;21,1;999,9;ON;77,15;
2026-07-25 10:49:32;05:16:07;85,1;77,9;77,2;77,3;49,5;218,3;12,75;2331,3;9,87;21,1;999,9;ON;77,15;
2026-07-25 10:49:41;05:16:16;85,1;77,9;77,2;77,3;49,6;218,3;12,75;2331,3;9,87;21,1;999,9;ON;77,15;
2026-07-25 10:49:50;05:16:25;85,1;77,9;77,2;77,3;49,6;218,3;12,75;2331,3;9,88;21,1;999,9;ON;77,15;
2026-07-25 10:49:59;05:16:34;85,1;77,9;77,2;77,3;49,8;218,3;12,75;2331,3;9,88;21,1;999,9;ON;77,15;
2026-07-25 10:50:08;05:16:43;85,1;77,9;77,2;77,3;49,8;218,3;12,75;2331,3;9,89;21,1;999,9;ON;77,15;
2026-07-25 10:50:17;05:16:52;85,1;77,9;77,2;77,3;49,9;218,3;12,75;2331,3;9,90;21,1;999,9;ON;77,15;
2026-07-25 10:50:26;05:17:01;85,1;77,9;77,2;77,3;49,9;218,3;12,75;2331,3;9,90;21,1;999,9;ON;77,15;
2026-07-25 10:50:35;05:17:10;85,1;77,9;77,2;77,3;50,1;218,3;12,75;2331,3;9,91;21,1;999,9;ON;77,15;
2026-07-25 10:50:45;05:17:20;85,1;78,0;77,2;77,3;50,2;218,3;12,75;2331,3;9,91;21,1;999,9;ON;77,15;
2026-07-25 10:50:54;05:17:29;85,1;77,9;77,2;77,3;50,3;218,3;12,75;2331,3;9,92;21,1;999,9;ON;77,15;
2026-07-25 10:51:03;05:17:38;85,1;78,0;77,2;77,3;50,4;218,3;12,75;2331,3;9,92;21,1;999,9;ON;77,15;
2026-07-25 10:51:12;05:17:47;85,1;77,9;77,2;77,3;50,5;218,3;12,75;2331,3;9,93;21,1;999,9;ON;77,15;
2026-07-25 10:51:21;05:17:56;85,1;77,9;77,2;77,3;50,6;218,3;12,75;2331,3;9,94;21,1;999,9;ON;77,15;
2026-07-25 10:51:30;05:18:05;85,1;77,9;77,2;77,3;50,8;218,3;12,75;2331,3;9,94;21,1;999,9;ON;77,15;
2026-07-25 10:51:39;05:18:14;85,1;77,9;77,2;77,3;50,9;218,3;12,75;2331,3;9,95;21,2;999,6;ON;77,15;
2026-07-25 10:51:48;05:18:23;85,1;78,0;77,2;77,3;51,1;218,3;12,75;2331,3;9,95;21,2;999,6;ON;77,15;
2026-07-25 10:51:57;05:18:32;85,1;78,0;77,2;77,3;51,2;218,3;12,75;2331,3;9,96;21,2;999,6;ON;77,15;
2026-07-25 10:52:06;05:18:41;85,1;78,0;77,2;77,3;51,4;218,3;12,75;2331,3;9,97;21,2;999,6;ON;77,15;
2026-07-25 10:52:15;05:18:50;85,2;78,0;77,3;77,3;51,6;218,3;12,75;2331,3;9,97;21,2;999,6;ON;77,15;
2026-07-25 10:52:24;05:18:59;85,1;78,0;77,2;77,3;51,8;218,3;12,75;2331,3;9,98;21,2;999,6;ON;77,15;
2026-07-25 10:52:33;05:19:08;85,1;78,0;77,2;77,3;51,9;218,3;12,75;2331,3;9,98;21,2;999,6;ON;77,15;
2026-07-25 10:52:42;05:19:17;85,1;78,0;77,2;77,3;52,1;218,3;12,75;2331,3;9,99;21,2;999,6;ON;77,15;
2026-07-25 10:52:52;05:19:27;85,1;78,0;77,2;77,3;52,3;222,5;13,04;2430,0;10,00;21,2;999,6;ON;77,15;
2026-07-25 10:53:01;05:19:36;85,1;78,0;77,2;77,3;52,4;222,5;13,04;2430,0;10,00;21,2;999,6;ON;77,15;
2026-07-25 10:53:10;05:19:45;85,2;78,0;77,2;77,3;52,6;222,5;13,04;2430,0;10,01;21,2;999,6;ON;77,15;
2026-07-25 10:53:19;05:19:54;85,2;78,0;77,2;77,3;52,8;222,5;13,04;2430,0;10,01;21,2;999,6;ON;77,15;
2026-07-25 10:53:28;05:20:03;85,2;78,0;77,2;77,3;52,9;222,5;13,04;2430,0;10,02;21,2;999,6;ON;77,15;
2026-07-25 10:53:37;05:20:12;85,2;78,0;77,2;77,3;53,2;222,5;13,04;2430,0;10,03;21,2;999,6;ON;77,15;
2026-07-25 10:53:46;05:20:21;85,2;78,0;77,2;77,3;53,4;222,5;13,04;2430,0;10,03;21,2;999,6;ON;77,15;
2026-07-25 10:53:55;05:20:30;85,2;78,0;77,2;77,3;53,6;222,5;13,04;2430,0;10,04;21,2;999,6;ON;77,15;
2026-07-25 10:54:04;05:20:39;85,2;78,0;77,2;77,3;53,8;222,5;13,04;2430,0;10,04;21,2;999,6;ON;77,15;
2026-07-25 10:54:13;05:20:48;85,2;78,0;77,2;77,3;53,9;222,5;13,04;2430,0;10,05;21,2;999,6;ON;77,15;
2026-07-25 10:54:22;05:20:57;85,2;78,0;77,2;77,3;54,1;222,5;13,04;2430,0;10,06;21,2;999,6;ON;77,15;
2026-07-25 10:54:31;05:21:06;85,2;78,0;77,2;77,3;54,1;222,5;13,04;2430,0;10,06;21,2;999,6;ON;77,15;
2026-07-25 10:54:40;05:21:15;85,2;78,0;77,2;77,3;53,7;222,5;13,04;2430,0;10,07;21,2;999,6;ON;77,15;
2026-07-25 10:54:49;05:21:24;85,2;78,0;77,3;77,3;53,2;222,5;13,04;2430,0;10,07;21,2;999,6;ON;77,15;
2026-07-25 10:55:04;05:21:39;85,2;78,0;77,2;77,3;52,8;222,5;13,04;2430,0;10,08;21,2;999,6;ON;77,15;
2026-07-25 10:55:13;05:21:48;85,2;78,0;77,2;77,3;52,0;222,5;13,04;2430,0;10,09;21,2;999,6;ON;77,15;
2026-07-25 10:55:22;05:21:57;85,2;78,0;77,2;77,3;51,6;222,5;13,04;2430,0;10,10;21,2;999,6;ON;77,15;
2026-07-25 10:55:31;05:22:06;85,2;78,0;77,2;77,3;51,2;222,5;13,04;2430,0;10,10;21,2;999,6;ON;77,15;
2026-07-25 10:55:40;05:22:15;85,2;78,0;77,2;77,3;51,1;222,5;13,04;2430,0;10,11;21,2;999,6;ON;77,15;
2026-07-25 10:55:49;05:22:24;85,2;78,0;77,2;77,3;50,9;222,5;13,04;2430,0;10,12;21,2;999,6;ON;77,15;
2026-07-25 10:55:58;05:22:33;85,2;78,0;77,2;77,3;50,6;222,5;13,04;2430,0;10,12;21,2;999,6;ON;77,15;
2026-07-25 10:56:07;05:22:42;85,2;78,0;77,2;77,3;50,4;222,5;13,04;2430,0;10,13;21,2;999,6;ON;77,15;
2026-07-25 10:56:16;05:22:51;85,2;78,0;77,2;77,3;50,2;222,5;13,04;2430,0;10,13;21,2;999,6;ON;77,15;
2026-07-25 10:56:25;05:23:00;85,2;78,0;77,2;77,3;50,1;222,5;13,04;2430,0;10,14;21,2;999,6;ON;77,15;
2026-07-25 10:56:34;05:23:09;85,2;78,0;77,2;77,3;49,9;222,5;13,04;2430,0;10,15;21,2;999,6;ON;77,15;
2026-07-25 10:56:43;05:23:18;85,2;78,0;77,2;77,3;49,9;222,5;13,04;2430,0;10,15;21,2;999,6;ON;77,15;
2026-07-25 10:56:52;05:23:27;85,2;78,0;77,2;77,3;49,8;222,5;13,04;2430,0;10,16;21,2;999,6;ON;77,15;
2026-07-25 10:57:01;05:23:36;85,2;78,0;77,2;77,3;49,6;222,5;13,04;2430,0;10,16;21,2;999,6;ON;77,15;
2026-07-25 10:57:11;05:23:46;85,2;78,0;77,2;77,3;49,6;222,5;13,04;2430,0;10,17;21,2;999,6;ON;77,15;
2026-07-25 10:57:20;05:23:55;85,2;78,0;77,2;77,3;49,4;222,5;13,04;2430,0;10,18;21,2;999,6;ON;77,15;
2026-07-25 10:57:29;05:24:04;85,2;78,0;77,2;77,3;49,4;222,5;13,04;2430,0;10,18;21,2;999,6;ON;77,15;
2026-07-25 10:57:38;05:24:13;85,2;78,0;77,2;77,3;49,4;222,5;13,04;2430,0;10,19;21,2;999,6;ON;77,15;
2026-07-25 10:57:47;05:24:22;85,2;78,0;77,2;77,3;49,3;222,5;13,04;2430,0;10,19;21,2;999,6;ON;77,15;
2026-07-25 10:57:56;05:24:31;85,2;78,0;77,2;77,3;49,2;222,5;13,04;2430,0;10,20;21,2;999,6;ON;77,15;
2026-07-25 10:58:05;05:24:40;85,2;78,0;77,2;77,3;49,2;222,5;13,04;2430,0;10,21;21,2;999,6;ON;77,15;
2026-07-25 10:58:14;05:24:49;85,2;78,0;77,2;77,3;49,2;222,5;13,04;2430,0;10,21;21,2;999,6;ON;77,15;
2026-07-25 10:58:23;05:24:58;85,2;78,0;77,2;77,3;49,1;222,5;13,04;2430,0;10,22;21,2;999,6;ON;77,15;
2026-07-25 10:58:32;05:25:07;85,2;78,0;77,2;77,3;49,1;222,5;13,04;2430,0;10,23;21,2;999,6;ON;77,15;
2026-07-25 10:58:41;05:25:16;85,2;78,0;77,2;77,3;49,1;222,5;13,04;2430,0;10,23;21,2;999,6;ON;77,15;
2026-07-25 10:58:50;05:25:25;85,2;78,0;77,2;77,3;49,1;222,5;13,04;2430,0;10,24;21,2;999,6;ON;77,15;
2026-07-25 10:58:59;05:25:34;85,2;78,0;77,2;77,3;49,1;222,5;13,04;2430,0;10,24;21,2;999,6;ON;77,15;
2026-07-25 10:59:08;05:25:43;85,2;78,0;77,2;77,3;49,2;222,5;13,04;2430,0;10,25;21,2;999,6;ON;77,15;
2026-07-25 10:59:18;05:25:53;85,2;78,0;77,2;77,3;49,1;222,5;13,04;2430,0;10,26;21,2;999,6;ON;77,15;
2026-07-25 10:59:27;05:26:02;85,2;78,0;77,2;77,3;49,2;222,5;13,04;2430,0;10,26;21,2;999,6;ON;77,15;
2026-07-25 10:59:36;05:26:11;85,2;78,0;77,2;77,3;49,2;222,5;13,04;2430,0;10,27;21,2;999,6;ON;77,15;
2026-07-25 10:59:45;05:26:20;85,2;78,0;77,2;77,3;49,2;222,5;13,04;2430,0;10,27;21,2;999,6;ON;77,15;
2026-07-25 10:59:54;05:26:29;85,2;78,0;77,2;77,3;49,2;222,5;13,04;2430,0;10,28;21,2;999,6;ON;77,15;
2026-07-25 11:00:03;05:26:38;85,2;78,0;77,2;77,3;49,2;222,5;13,04;2430,0;10,29;21,2;999,6;ON;77,15;
2026-07-25 11:00:12;05:26:47;85,2;78,0;77,2;77,3;49,2;222,5;13,04;2430,0;10,29;21,2;999,6;ON;77,15;
2026-07-25 11:00:21;05:26:56;85,2;78,0;77,2;77,3;49,2;222,5;13,04;2430,0;10,30;21,2;999,6;ON;77,15;
2026-07-25 11:00:30;05:27:05;85,2;78,0;77,2;77,3;49,2;222,5;13,04;2430,0;10,30;21,2;999,6;ON;77,15;
2026-07-25 11:00:39;05:27:14;85,3;78,0;77,2;77,3;49,2;222,5;13,04;2430,0;10,31;21,2;999,6;ON;77,15;
2026-07-25 11:00:48;05:27:23;85,2;78,0;77,2;77,3;49,2;222,5;13,04;2430,0;10,32;21,2;999,6;ON;77,15;
2026-07-25 11:00:57;05:27:32;85,3;78,0;77,2;77,3;49,2;222,5;13,04;2430,0;10,32;21,2;999,6;ON;77,15;
2026-07-25 11:01:06;05:27:41;85,3;78,0;77,2;77,3;49,2;222,5;13,04;2430,0;10,33;21,2;999,6;ON;77,15;
2026-07-25 11:01:15;05:27:50;85,3;78,0;77,2;77,3;49,2;222,5;13,04;2430,0;10,34;21,2;999,6;ON;77,15;
2026-07-25 11:01:24;05:27:59;85,3;78,0;77,2;77,3;49,2;222,5;13,04;2430,0;10,34;21,2;999,6;ON;77,15;
2026-07-25 11:01:33;05:28:08;85,3;78,0;77,2;77,3;49,3;222,5;13,04;2430,0;10,35;21,2;999,6;ON;77,15;
2026-07-25 11:01:42;05:28:17;85,3;78,0;77,2;77,3;49,4;222,5;13,04;2430,0;10,35;21,2;999,6;ON;77,15;
2026-07-25 11:01:54;05:28:29;85,3;78,0;77,2;77,3;49,4;222,5;13,04;2430,0;10,36;21,6;999,5;ON;77,15;
2026-07-25 11:02:03;05:28:38;85,3;78,0;77,2;77,3;49,5;222,5;13,04;2430,0;10,37;21,6;999,5;ON;77,15;
2026-07-25 11:02:12;05:28:47;85,3;78,0;77,2;77,3;49,5;222,5;13,04;2430,0;10,37;21,6;999,5;ON;77,15;
2026-07-25 11:02:21;05:28:56;85,3;78,0;77,3;77,3;49,6;222,5;13,04;2430,0;10,38;21,6;999,5;ON;77,15;
2026-07-25 11:02:30;05:29:05;85,3;78,0;77,2;77,3;49,6;222,5;13,04;2430,0;10,39;21,6;999,5;ON;77,15;
2026-07-25 11:02:39;05:29:14;85,3;78,0;77,2;77,3;49,6;222,5;13,04;2430,0;10,39;21,6;999,5;ON;77,15;
2026-07-25 11:02:48;05:29:23;85,3;78,0;77,2;77,3;49,6;222,5;13,04;2430,0;10,40;21,6;999,5;ON;77,15;
2026-07-25 11:02:57;05:29:32;85,3;78,0;77,2;77,3;49,6;222,5;13,04;2430,0;10,40;21,6;999,5;ON;77,15;
2026-07-25 11:03:06;05:29:41;85,3;78,0;77,2;77,3;49,7;222,5;13,04;2430,0;10,41;21,6;999,5;ON;77,15;
2026-07-25 11:03:15;05:29:50;85,3;78,0;77,2;77,3;49,7;222,5;13,04;2430,0;10,42;21,6;999,5;ON;77,15;
2026-07-25 11:03:24;05:29:59;85,3;78,0;77,2;77,3;49,7;222,5;13,04;2430,0;10,42;21,6;999,5;ON;77,15;
2026-07-25 11:03:34;05:30:09;85,3;78,0;77,2;77,3;49,9;222,5;13,04;2430,0;10,43;21,6;999,5;ON;77,15;
2026-07-25 11:03:43;05:30:18;85,3;78,0;77,2;77,3;49,9;222,5;13,04;2430,0;10,44;21,6;999,5;ON;77,15;
2026-07-25 11:03:52;05:30:27;85,3;78,0;77,2;77,3;49,9;222,5;13,04;2430,0;10,44;21,6;999,5;ON;77,15;
2026-07-25 11:04:01;05:30:36;85,3;78,0;77,2;77,3;49,9;222,5;13,04;2430,0;10,45;21,6;999,5;ON;77,15;
2026-07-25 11:04:10;05:30:45;85,3;78,0;77,2;77,3;50,0;222,5;13,04;2430,0;10,45;21,6;999,5;ON;77,15;
2026-07-25 11:04:19;05:30:54;85,3;78,0;77,2;77,3;50,1;222,5;13,04;2430,0;10,46;21,6;999,5;ON;77,15;
2026-07-25 11:04:28;05:31:03;85,3;78,0;77,2;77,3;50,1;222,5;13,04;2430,0;10,47;21,6;999,5;ON;77,15;
2026-07-25 11:04:37;05:31:12;85,3;78,0;77,2;77,3;50,1;222,5;13,04;2430,0;10,47;21,6;999,5;ON;77,15;
2026-07-25 11:04:46;05:31:21;85,3;78,0;77,2;77,3;50,1;222,5;13,04;2430,0;10,48;21,6;999,5;ON;77,15;
2026-07-25 11:04:55;05:31:30;85,4;78,0;77,2;77,3;50,2;222,5;13,04;2430,0;10,48;21,6;999,5;ON;77,15;
2026-07-25 11:05:04;05:31:39;85,3;78,0;77,2;77,3;50,2;222,5;13,04;2430,0;10,49;21,6;999,5;ON;77,15;
2026-07-25 11:05:13;05:31:48;85,3;78,0;77,2;77,3;50,2;222,5;13,04;2430,0;10,50;21,6;999,5;ON;77,15;
2026-07-25 11:05:22;05:31:57;85,3;78,0;77,2;77,3;50,3;222,5;13,04;2430,0;10,50;21,6;999,5;ON;77,15;
2026-07-25 11:05:31;05:32:06;85,3;78,0;77,2;77,3;50,3;222,5;13,04;2430,0;10,51;21,6;999,5;ON;77,15;
2026-07-25 11:05:41;05:32:16;85,4;78,0;77,2;77,3;50,4;222,5;13,04;2430,0;10,51;21,6;999,5;ON;77,15;
2026-07-25 11:05:50;05:32:25;85,4;78,0;77,2;77,3;50,4;222,5;13,04;2430,0;10,52;21,6;999,5;ON;77,15;
2026-07-25 11:05:59;05:32:34;85,4;78,0;77,2;77,3;50,4;222,5;13,04;2430,0;10,53;21,6;999,5;ON;77,15;
2026-07-25 11:06:08;05:32:43;85,3;78,0;77,2;77,3;50,4;222,5;13,04;2430,0;10,53;21,6;999,5;ON;77,15;
2026-07-25 11:06:17;05:32:52;85,3;78,0;77,2;77,3;50,4;222,5;13,04;2430,0;10,54;21,6;999,5;ON;77,15;
2026-07-25 11:06:26;05:33:01;85,4;78,0;77,2;77,3;50,5;222,5;13,04;2430,0;10,55;21,6;999,5;ON;77,15;
2026-07-25 11:06:35;05:33:10;85,4;78,0;77,2;77,3;50,5;222,5;13,04;2430,0;10,55;21,6;999,5;ON;77,15;
2026-07-25 11:06:44;05:33:19;85,4;78,0;77,2;77,3;50,6;222,5;13,04;2430,0;10,56;21,6;999,5;ON;77,15;
2026-07-25 11:06:53;05:33:28;85,4;78,0;77,2;77,3;50,6;222,5;13,04;2430,0;10,56;21,6;999,5;ON;77,15;
2026-07-25 11:07:02;05:33:37;85,4;78,0;77,2;77,3;50,6;222,5;13,04;2430,0;10,57;21,6;999,5;ON;77,15;
2026-07-25 11:07:11;05:33:46;85,4;78,1;77,2;77,3;50,7;222,5;13,04;2430,0;10,58;21,6;999,5;ON;77,15;
2026-07-25 11:07:20;05:33:55;85,4;78,0;77,2;77,3;50,8;222,5;13,04;2430,0;10,58;21,6;999,5;ON;77,15;
2026-07-25 11:07:29;05:34:04;85,4;78,0;77,2;77,3;50,8;222,5;13,04;2430,0;10,59;21,6;999,5;ON;77,15;
2026-07-25 11:07:38;05:34:13;85,4;78,0;77,2;77,3;50,8;222,5;13,04;2430,0;10,59;21,6;999,5;ON;77,15;
2026-07-25 11:07:47;05:34:22;85,4;78,0;77,2;77,3;50,9;222,5;13,04;2430,0;10,60;21,6;999,5;ON;77,15;
2026-07-25 11:07:56;05:34:31;85,4;78,0;77,2;77,3;51,0;222,5;13,04;2430,0;10,61;21,6;999,5;ON;77,15;
2026-07-25 11:08:05;05:34:40;85,4;78,0;77,2;77,3;51,1;222,5;13,04;2430,0;10,61;21,6;999,5;ON;77,15;
2026-07-25 11:08:14;05:34:49;85,4;78,0;77,2;77,3;51,1;222,5;13,04;2430,0;10,62;21,6;999,5;ON;77,15;
2026-07-25 11:08:24;05:34:59;85,4;78,1;77,2;77,3;51,2;222,5;13,04;2430,0;10,62;21,6;999,5;ON;77,15;
2026-07-25 11:08:33;05:35:08;85,4;78,0;77,2;77,3;51,3;222,5;13,04;2430,0;10,63;21,6;999,5;ON;77,15;
2026-07-25 11:08:42;05:35:17;85,4;78,0;77,2;77,3;51,4;222,5;13,04;2430,0;10,64;21,6;999,5;ON;77,15;
2026-07-25 11:08:51;05:35:26;85,4;78,0;77,2;77,3;51,4;222,5;13,04;2430,0;10,64;21,6;999,5;ON;77,15;
2026-07-25 11:09:00;05:35:35;85,4;78,1;77,2;77,3;51,5;222,5;13,04;2430,0;10,65;21,6;999,5;ON;77,15;
2026-07-25 11:09:09;05:35:44;85,4;78,0;77,2;77,3;51,5;222,5;13,04;2430,0;10,66;21,6;999,5;ON;77,15;
2026-07-25 11:09:18;05:35:53;85,4;78,1;77,2;77,3;51,6;222,5;13,04;2430,0;10,66;21,6;999,5;ON;77,15;
2026-07-25 11:09:27;05:36:02;85,4;78,1;77,2;77,3;51,7;222,5;13,04;2430,0;10,67;21,6;999,5;ON;77,15;
2026-07-25 11:09:36;05:36:11;85,4;78,1;77,2;77,3;51,8;222,5;13,04;2430,0;10,67;21,6;999,5;ON;77,15;
2026-07-25 11:09:45;05:36:20;85,4;78,1;77,2;77,3;51,9;222,5;13,04;2430,0;10,68;21,6;999,5;ON;77,15;
2026-07-25 11:09:54;05:36:29;85,4;78,1;77,2;77,3;51,9;222,5;13,04;2430,0;10,69;21,6;999,5;ON;77,15;
2026-07-25 11:10:03;05:36:38;85,4;78,1;77,2;77,3;52,1;222,5;13,04;2430,0;10,69;21,6;999,5;ON;77,15;
2026-07-25 11:10:12;05:36:47;85,4;78,0;77,2;77,3;52,1;222,5;13,04;2430,0;10,70;21,6;999,5;ON;77,15;
2026-07-25 11:10:21;05:36:56;85,4;78,1;77,2;77,3;52,2;222,5;13,04;2430,0;10,70;21,6;999,5;ON;77,15;
2026-07-25 11:10:30;05:37:05;85,4;78,1;77,2;77,3;52,2;222,5;13,04;2430,0;10,71;21,6;999,5;ON;77,15;
2026-07-25 11:10:39;05:37:14;85,4;78,1;77,2;77,3;52,3;222,5;13,04;2430,0;10,72;21,6;999,5;ON;77,15;
2026-07-25 11:10:48;05:37:23;85,4;78,0;77,2;77,3;52,3;222,5;13,04;2430,0;10,72;21,6;999,5;ON;77,15;
2026-07-25 11:10:57;05:37:32;85,4;78,0;77,2;77,3;52,4;222,5;13,04;2430,0;10,73;21,6;999,5;ON;77,15;
2026-07-25 11:11:06;05:37:41;85,4;78,0;77,2;77,3;52,4;222,5;13,04;2430,0;10,73;21,6;999,5;ON;77,15;
2026-07-25 11:11:15;05:37:50;85,4;78,0;77,2;77,3;52,4;222,5;13,04;2430,0;10,74;21,6;999,5;ON;77,15;
2026-07-25 11:11:24;05:37:59;85,4;78,0;77,2;77,3;52,6;222,5;13,04;2430,0;10,75;21,6;999,5;ON;77,15;
2026-07-25 11:11:33;05:38:08;85,4;78,0;77,2;77,3;52,6;222,5;13,04;2430,0;10,75;21,6;999,5;ON;77,15;
2026-07-25 11:11:42;05:38:17;85,4;78,0;77,2;77,3;52,7;222,5;13,04;2430,0;10,76;21,6;999,5;ON;77,15;
2026-07-25 11:11:51;05:38:26;85,4;78,0;77,2;77,3;52,8;222,5;13,04;2430,0;10,76;21,6;999,5;ON;77,15;
2026-07-25 11:12:01;05:38:36;85,4;78,0;77,2;77,3;52,9;222,5;13,04;2430,0;10,77;21,6;999,5;ON;77,15;
2026-07-25 11:12:10;05:38:45;85,4;78,1;77,2;77,3;53,1;222,5;13,04;2430,0;10,78;21,6;999,5;ON;77,15;
2026-07-25 11:12:19;05:38:54;85,4;78,1;77,2;77,3;53,2;222,5;13,04;2430,0;10,78;21,6;999,5;ON;77,15;
2026-07-25 11:12:28;05:39:03;85,4;78,0;77,2;77,3;53,3;222,5;13,04;2430,0;10,79;21,6;999,5;ON;77,15;
2026-07-25 11:12:37;05:39:12;85,4;78,1;77,2;77,3;53,4;222,5;13,04;2430,0;10,80;21,6;999,5;ON;77,15;
2026-07-25 11:12:46;05:39:21;85,4;78,0;77,2;77,3;53,6;222,5;13,04;2430,0;10,80;21,6;999,5;ON;77,15;
2026-07-25 11:12:55;05:39:30;85,4;78,0;77,2;77,3;53,7;222,5;13,04;2430,0;10,81;21,6;999,5;ON;77,15;
2026-07-25 11:13:04;05:39:39;85,4;78,0;77,2;77,3;53,9;222,5;13,04;2430,0;10,81;21,6;999,5;ON;77,15;
2026-07-25 11:13:13;05:39:48;85,4;78,0;77,2;77,3;53,8;222,5;13,04;2430,0;10,82;21,6;999,5;ON;77,15;
2026-07-25 11:13:22;05:39:57;85,5;78,0;77,2;77,3;53,4;222,5;13,04;2430,0;10,83;21,6;999,5;ON;77,15;
2026-07-25 11:13:31;05:40:06;85,4;78,0;77,2;77,3;52,9;222,5;13,04;2430,0;10,83;21,6;999,5;ON;77,15;
2026-07-25 11:13:40;05:40:15;85,5;78,0;77,2;77,3;52,3;222,5;13,04;2430,0;10,84;21,6;999,5;ON;77,15;
2026-07-25 11:13:49;05:40:24;85,4;78,0;77,2;77,3;51,8;222,5;13,04;2430,0;10,84;21,6;999,5;ON;77,15;
2026-07-25 11:13:58;05:40:33;85,5;78,0;77,2;77,3;51,3;222,5;13,04;2430,0;10,85;21,6;999,5;ON;77,15;
2026-07-25 11:14:08;05:40:43;85,5;78,1;77,2;77,3;50,9;222,5;13,04;2430,0;10,86;21,6;999,5;ON;77,15;
2026-07-25 11:14:17;05:40:52;85,5;78,1;77,2;77,3;50,6;222,5;13,04;2430,0;10,86;21,6;999,5;ON;77,15;
2026-07-25 11:14:26;05:41:01;85,5;78,1;77,2;77,3;50,4;222,5;13,04;2430,0;10,87;21,6;999,5;ON;77,15;
2026-07-25 11:14:35;05:41:10;85,5;78,1;77,2;77,3;50,2;222,5;13,04;2430,0;10,88;21,6;999,5;ON;77,15;
2026-07-25 11:14:44;05:41:19;85,5;78,1;77,2;77,3;50,0;222,5;13,04;2430,0;10,88;21,6;999,5;ON;77,15;
2026-07-25 11:14:53;05:41:28;85,5;78,1;77,2;77,3;49,8;222,5;13,04;2430,0;10,89;21,6;999,5;ON;77,15;
2026-07-25 11:15:02;05:41:37;85,5;78,1;77,2;77,3;49,6;222,5;13,04;2430,0;10,89;21,6;999,5;ON;77,15;
2026-07-25 11:15:11;05:41:46;85,5;78,1;77,2;77,3;49,4;222,5;13,04;2430,0;10,90;21,6;999,5;ON;77,15;
2026-07-25 11:15:20;05:41:55;85,5;78,1;77,2;77,3;49,3;222,5;13,04;2430,0;10,91;21,6;999,5;ON;77,15;
2026-07-25 11:15:29;05:42:04;85,5;78,1;77,2;77,3;49,2;222,5;13,04;2430,0;10,91;21,6;999,5;ON;77,15;
2026-07-25 11:15:38;05:42:13;85,5;78,1;77,2;77,3;49,1;222,5;13,04;2430,0;10,92;21,6;999,5;ON;77,15;
2026-07-25 11:15:47;05:42:22;85,5;78,1;77,2;77,3;49,1;222,5;13,04;2430,0;10,92;21,6;999,5;ON;77,15;
2026-07-25 11:15:56;05:42:31;85,5;78,1;77,2;77,3;48,9;222,5;13,04;2430,0;10,93;21,6;999,5;ON;77,15;
2026-07-25 11:16:05;05:42:40;85,5;78,1;77,2;77,3;48,9;222,5;13,04;2430,0;10,94;21,6;999,5;ON;77,15;
2026-07-25 11:16:14;05:42:49;85,5;78,1;77,2;77,3;48,8;222,5;13,04;2430,0;10,94;21,6;999,5;ON;77,15;
2026-07-25 11:16:23;05:42:58;85,5;78,1;77,2;77,3;48,8;222,5;13,04;2430,0;10,95;21,6;999,5;ON;77,15;
2026-07-25 11:16:32;05:43:07;85,6;78,1;77,2;77,3;48,8;222,5;13,04;2430,0;10,95;21,6;999,5;ON;77,15;
2026-07-25 11:16:41;05:43:16;85,5;78,1;77,2;77,3;48,8;222,5;13,04;2430,0;10,96;21,6;999,5;ON;77,15;
2026-07-25 11:16:50;05:43:25;85,5;78,1;77,2;77,3;48,8;222,5;13,04;2430,0;10,97;21,6;999,5;ON;77,15;
2026-07-25 11:16:59;05:43:34;85,5;78,1;77,2;77,3;48,8;222,5;13,04;2430,0;10,97;21,6;999,5;ON;77,15;
2026-07-25 11:17:08;05:43:43;85,5;78,1;77,2;77,3;48,8;222,5;13,04;2430,0;10,98;21,6;999,5;ON;77,15;
2026-07-25 11:17:18;05:43:53;85,5;78,1;77,2;77,3;48,7;222,5;13,04;2430,0;10,99;22,0;999,5;ON;77,15;
2026-07-25 11:17:27;05:44:02;85,5;78,1;77,2;77,3;48,7;222,5;13,04;2430,0;10,99;22,0;999,5;ON;77,15;
2026-07-25 11:17:36;05:44:11;85,6;78,1;77,2;77,3;48,6;222,5;13,04;2430,0;11,00;22,0;999,5;ON;77,15;
2026-07-25 11:17:45;05:44:20;85,6;78,1;77,2;77,3;48,6;222,5;13,04;2430,0;11,00;22,0;999,5;ON;77,15;
2026-07-25 11:17:54;05:44:29;85,6;78,1;77,2;77,3;48,6;222,5;13,04;2430,0;11,01;22,0;999,5;ON;77,15;
2026-07-25 11:18:03;05:44:38;85,5;78,1;77,2;77,3;48,6;222,5;13,04;2430,0;11,02;22,0;999,5;ON;77,15;
2026-07-25 11:18:12;05:44:47;85,6;78,1;77,2;77,3;48,6;222,5;13,04;2430,0;11,02;22,0;999,5;ON;77,15;
2026-07-25 11:18:21;05:44:56;85,6;78,1;77,2;77,3;48,6;222,5;13,04;2430,0;11,03;22,0;999,5;ON;77,15;
2026-07-25 11:18:30;05:45:05;85,6;78,1;77,2;77,3;48,6;222,5;13,04;2430,0;11,03;22,0;999,5;ON;77,15;
2026-07-25 11:18:39;05:45:14;85,6;78,1;77,2;77,3;48,6;222,5;13,04;2430,0;11,04;22,0;999,5;ON;77,15;
2026-07-25 11:18:48;05:45:23;85,6;78,1;77,2;77,3;48,6;222,5;13,04;2430,0;11,05;22,0;999,5;ON;77,15;
2026-07-25 11:18:57;05:45:32;85,6;78,1;77,2;77,3;48,6;222,5;13,04;2430,0;11,05;22,0;999,5;ON;77,15;
2026-07-25 11:19:06;05:45:41;85,6;78,1;77,2;77,3;48,6;222,5;13,04;2430,0;11,06;22,0;999,5;ON;77,15;
2026-07-25 11:19:15;05:45:50;85,6;78,1;77,2;77,3;48,6;222,5;13,04;2430,0;11,06;22,0;999,5;ON;77,15;
2026-07-25 11:19:24;05:45:59;85,6;78,1;77,2;77,3;48,6;222,5;13,04;2430,0;11,07;22,0;999,5;ON;77,15;
2026-07-25 11:19:33;05:46:08;85,6;78,1;77,2;77,3;48,7;222,5;13,04;2430,0;11,08;22,0;999,5;ON;77,15;
2026-07-25 11:19:42;05:46:17;85,6;78,1;77,2;77,3;48,7;222,5;13,04;2430,0;11,08;22,0;999,5;ON;77,15;
2026-07-25 11:19:51;05:46:26;85,6;78,1;77,2;77,3;48,8;222,5;13,04;2430,0;11,09;22,0;999,5;ON;77,15;
2026-07-25 11:20:00;05:46:35;85,6;78,1;77,2;77,3;48,8;222,5;13,04;2430,0;11,10;22,0;999,5;ON;77,15;
2026-07-25 11:20:10;05:46:45;85,6;78,1;77,2;77,3;48,8;222,5;13,04;2430,0;11,10;22,0;999,5;ON;77,15;
2026-07-25 11:20:19;05:46:54;85,6;78,1;77,2;77,3;48,8;222,5;13,04;2430,0;11,11;22,0;999,5;ON;77,15;
2026-07-25 11:20:28;05:47:03;85,6;78,1;77,2;77,3;48,8;222,5;13,04;2430,0;11,11;22,0;999,5;ON;77,15;
2026-07-25 11:20:37;05:47:12;85,6;78,1;77,2;77,3;48,8;222,5;13,04;2430,0;11,12;22,0;999,5;ON;77,15;
2026-07-25 11:20:46;05:47:21;85,6;78,1;77,2;77,3;48,8;222,5;13,04;2430,0;11,13;22,0;999,5;ON;77,15;
2026-07-25 11:20:55;05:47:30;85,6;78,1;77,2;77,3;48,9;222,5;13,04;2430,0;11,13;22,0;999,5;ON;77,15;
2026-07-25 11:21:04;05:47:39;85,6;78,1;77,2;77,3;48,9;222,5;13,04;2430,0;11,14;22,0;999,5;ON;77,15;
2026-07-25 11:21:13;05:47:48;85,6;78,1;77,2;77,3;48,9;222,5;13,04;2430,0;11,14;22,0;999,5;ON;77,15;
2026-07-25 11:21:22;05:47:57;85,6;78,1;77,2;77,3;48,9;222,5;13,04;2430,0;11,15;22,0;999,5;ON;77,15;
2026-07-25 11:21:31;05:48:06;85,6;78,1;77,2;77,3;48,9;222,5;13,04;2430,0;11,16;22,0;999,5;ON;77,15;
2026-07-25 11:21:40;05:48:15;85,6;78,1;77,2;77,3;48,9;222,5;13,04;2430,0;11,16;22,0;999,5;ON;77,15;
2026-07-25 11:21:49;05:48:24;85,6;78,1;77,2;77,3;49,1;222,5;13,04;2430,0;11,17;22,0;999,5;ON;77,15;
2026-07-25 11:21:58;05:48:33;85,6;78,1;77,3;77,3;49,1;222,5;13,04;2430,0;11,17;22,0;999,5;ON;77,15;
2026-07-25 11:22:07;05:48:42;85,6;78,1;77,2;77,3;49,2;222,5;13,04;2430,0;11,18;22,0;999,5;ON;77,15;
2026-07-25 11:22:16;05:48:51;85,6;78,1;77,2;77,3;49,2;222,5;13,04;2430,0;11,19;22,0;999,5;ON;77,15;
2026-07-25 11:22:25;05:49:00;85,6;78,1;77,2;77,3;49,2;222,5;13,04;2430,0;11,19;22,0;999,5;ON;77,15;
2026-07-25 11:22:35;05:49:10;85,6;78,1;77,2;77,3;49,3;222,5;13,04;2430,0;11,20;22,0;999,5;ON;77,15;
2026-07-25 11:22:44;05:49:19;85,6;78,1;77,2;77,3;49,4;222,5;13,04;2430,0;11,21;22,0;999,5;ON;77,15;
2026-07-25 11:22:53;05:49:28;85,6;78,1;77,2;77,3;49,4;222,5;13,04;2430,0;11,21;22,0;999,5;ON;77,15;
2026-07-25 11:23:02;05:49:37;85,6;78,1;77,2;77,3;49,5;222,5;13,04;2430,0;11,22;22,0;999,5;ON;77,15;
2026-07-25 11:23:11;05:49:46;85,6;78,1;77,2;77,3;49,5;222,5;13,04;2430,0;11,22;22,0;999,5;ON;77,15;
2026-07-25 11:23:20;05:49:55;85,6;78,1;77,2;77,3;49,6;222,5;13,04;2430,0;11,23;22,0;999,5;ON;77,15;
2026-07-25 11:23:29;05:50:04;85,6;78,1;77,2;77,3;49,6;222,5;13,04;2430,0;11,24;22,0;999,5;ON;77,15;
2026-07-25 11:23:38;05:50:13;85,6;78,1;77,2;77,3;49,7;222,5;13,04;2430,0;11,24;22,0;999,5;ON;77,15;
2026-07-25 11:23:47;05:50:22;85,6;78,1;77,2;77,3;49,8;222,5;13,04;2430,0;11,25;22,0;999,5;ON;77,15;
2026-07-25 11:23:56;05:50:31;85,6;78,1;77,2;77,3;49,8;222,5;13,04;2430,0;11,25;22,0;999,5;ON;77,15;
2026-07-25 11:24:05;05:50:40;85,7;78,1;77,2;77,3;49,9;222,5;13,04;2430,0;11,26;22,0;999,5;ON;77,15;
2026-07-25 11:24:14;05:50:49;85,6;78,1;77,2;77,3;49,9;222,5;13,04;2430,0;11,27;22,0;999,5;ON;77,15;
2026-07-25 11:24:23;05:50:58;85,6;78,1;77,2;77,3;50,1;222,5;13,04;2430,0;11,27;22,0;999,5;ON;77,15;
2026-07-25 11:24:32;05:51:07;85,6;78,1;77,2;77,3;50,1;222,5;13,04;2430,0;11,28;22,0;999,5;ON;77,15;
2026-07-25 11:24:41;05:51:16;85,7;78,1;77,2;77,3;50,1;222,5;13,04;2430,0;11,28;22,0;999,5;ON;77,15;
2026-07-25 11:24:50;05:51:25;85,7;78,1;77,2;77,3;50,1;222,5;13,04;2430,0;11,29;22,0;999,5;ON;77,15;
2026-07-25 11:25:00;05:51:35;85,7;78,1;77,2;77,3;50,2;222,5;13,04;2430,0;11,30;22,0;999,5;ON;77,15;
2026-07-25 11:25:09;05:51:44;85,7;78,1;77,2;77,3;50,2;222,5;13,04;2430,0;11,30;22,0;999,5;ON;77,15;
2026-07-25 11:25:18;05:51:53;85,7;78,1;77,2;77,3;50,2;222,5;13,04;2430,0;11,31;22,0;999,5;ON;77,15;
2026-07-25 11:25:27;05:52:02;85,7;78,1;77,2;77,3;50,2;222,5;13,04;2430,0;11,32;22,0;999,5;ON;77,15;
2026-07-25 11:25:36;05:52:11;85,7;78,1;77,2;77,3;50,3;222,5;13,04;2430,0;11,32;22,0;999,5;ON;77,15;
2026-07-25 11:25:45;05:52:20;85,7;78,1;77,2;77,3;50,4;222,5;13,04;2430,0;11,33;22,0;999,5;ON;77,15;
2026-07-25 11:25:54;05:52:29;85,7;78,1;77,2;77,3;50,4;222,5;13,04;2430,0;11,33;22,0;999,5;ON;77,15;
2026-07-25 11:26:03;05:52:38;85,7;78,1;77,2;77,3;50,6;222,5;13,04;2430,0;11,34;22,0;999,5;ON;77,15;
2026-07-25 11:26:12;05:52:47;85,7;78,1;77,2;77,3;50,6;222,5;13,04;2430,0;11,35;22,0;999,5;ON;77,15;
2026-07-25 11:26:21;05:52:56;85,7;78,1;77,2;77,3;50,7;222,5;13,04;2430,0;11,35;22,0;999,5;ON;77,15;
2026-07-25 11:26:30;05:53:05;85,7;78,1;77,2;77,3;50,8;222,5;13,04;2430,0;11,36;22,0;999,5;ON;77,15;
2026-07-25 11:26:39;05:53:14;85,7;78,1;77,2;77,3;50,8;222,5;13,04;2430,0;11,36;22,0;999,5;ON;77,15;
2026-07-25 11:26:51;05:53:26;85,7;78,1;77,3;77,3;50,8;222,5;13,04;2430,0;11,37;22,0;999,5;ON;77,15;
2026-07-25 11:27:00;05:53:35;85,7;78,1;77,2;77,3;50,8;222,5;13,04;2430,0;11,38;22,0;999,5;ON;77,15;
2026-07-25 11:27:09;05:53:44;85,7;78,1;77,2;77,3;50,8;222,5;13,04;2430,0;11,38;22,0;999,5;ON;77,15;
2026-07-25 11:27:18;05:53:53;85,7;78,1;77,2;77,3;50,8;222,5;13,04;2430,0;11,39;22,0;999,5;ON;77,15;
2026-07-25 11:27:27;05:54:02;85,7;78,1;77,2;77,3;50,8;222,5;13,04;2430,0;11,40;22,0;999,5;ON;77,15;
2026-07-25 11:27:36;05:54:11;85,7;78,1;77,2;77,3;50,8;222,5;13,04;2430,0;11,40;22,0;999,5;ON;77,15;
2026-07-25 11:27:45;05:54:20;85,7;78,1;77,2;77,3;50,9;222,5;13,04;2430,0;11,41;22,0;999,5;ON;77,15;
2026-07-25 11:27:54;05:54:29;85,7;78,1;77,2;77,3;50,9;222,5;13,04;2430,0;11,41;22,0;999,5;ON;77,15;
2026-07-25 11:28:03;05:54:38;85,7;78,1;77,2;77,3;50,9;222,5;13,04;2430,0;11,42;22,0;999,5;ON;77,15;
2026-07-25 11:28:12;05:54:47;85,7;78,1;77,2;77,3;50,9;222,5;13,04;2430,0;11,43;22,0;999,5;ON;77,15;
2026-07-25 11:28:21;05:54:56;85,7;78,1;77,2;77,3;51,0;222,5;13,04;2430,0;11,43;22,0;999,5;ON;77,15;
2026-07-25 11:28:30;05:55:05;85,7;78,1;77,2;77,3;51,1;222,5;13,04;2430,0;11,44;22,0;999,5;ON;77,15;
2026-07-25 11:28:39;05:55:14;85,7;78,1;77,2;77,3;51,2;222,5;13,04;2430,0;11,45;22,0;999,5;ON;77,15;
2026-07-25 11:28:48;05:55:23;85,7;78,1;77,2;77,3;51,2;222,5;13,04;2430,0;11,45;22,0;999,5;ON;77,15;
2026-07-25 11:28:58;05:55:33;85,8;78,1;77,2;77,3;51,3;222,5;13,04;2430,0;11,46;22,0;999,5;ON;77,15;
2026-07-25 11:29:07;05:55:42;85,8;78,1;77,2;77,3;51,4;222,5;13,04;2430,0;11,46;22,0;999,5;ON;77,15;
2026-07-25 11:29:16;05:55:51;85,8;78,1;77,2;77,3;51,4;222,5;13,04;2430,0;11,47;22,0;999,5;ON;77,15;
2026-07-25 11:29:25;05:56:00;85,8;78,1;77,2;77,3;51,5;222,5;13,04;2430,0;11,48;22,0;999,5;ON;77,15;
2026-07-25 11:29:34;05:56:09;85,8;78,1;77,2;77,3;51,6;222,5;13,04;2430,0;11,48;22,0;999,5;ON;77,15;
2026-07-25 11:29:43;05:56:18;85,8;78,1;77,2;77,3;51,7;222,5;13,04;2430,0;11,49;22,0;999,5;ON;77,15;
2026-07-25 11:29:52;05:56:27;85,8;78,1;77,2;77,3;51,8;222,5;13,04;2430,0;11,49;22,0;999,5;ON;77,15;
2026-07-25 11:30:01;05:56:36;85,8;78,1;77,2;77,3;51,9;222,5;13,04;2430,0;11,50;22,0;999,5;ON;77,15;
2026-07-25 11:30:10;05:56:45;85,8;78,1;77,2;77,3;52,0;222,5;13,04;2430,0;11,51;22,0;999,5;ON;77,15;
2026-07-25 11:30:19;05:56:54;85,8;78,1;77,2;77,3;52,1;222,5;13,04;2430,0;11,51;22,0;999,5;ON;77,15;
2026-07-25 11:30:28;05:57:03;85,8;78,1;77,2;77,3;52,2;222,5;13,04;2430,0;11,52;22,0;999,5;ON;77,15;
2026-07-25 11:30:37;05:57:12;85,8;78,1;77,2;77,3;52,3;222,5;13,04;2430,0;11,52;22,0;999,5;ON;77,15;
2026-07-25 11:30:46;05:57:21;85,8;78,1;77,2;77,3;52,5;222,5;13,04;2430,0;11,53;22,0;999,5;ON;77,15;
2026-07-25 11:30:55;05:57:30;85,8;78,1;77,2;77,3;52,6;222,5;13,04;2430,0;11,54;22,0;999,5;ON;77,15;
2026-07-25 11:31:04;05:57:39;85,8;78,1;77,2;77,3;52,7;222,5;13,04;2430,0;11,54;22,0;999,5;ON;77,15;
2026-07-25 11:31:13;05:57:48;85,8;78,1;77,2;77,3;52,9;222,5;13,04;2430,0;11,55;22,0;999,5;ON;77,15;
2026-07-25 11:31:22;05:57:57;85,8;78,1;77,2;77,3;53,1;222,5;13,04;2430,0;11,56;22,0;999,5;ON;77,15;
2026-07-25 11:31:31;05:58:06;85,8;78,1;77,2;77,3;53,2;222,5;13,04;2430,0;11,56;22,0;999,5;ON;77,15;
2026-07-25 11:31:40;05:58:15;85,8;78,1;77,2;77,3;53,4;222,5;13,04;2430,0;11,57;22,0;999,5;ON;77,15;
2026-07-25 11:31:49;05:58:24;85,8;78,1;77,2;77,3;53,7;222,5;13,04;2430,0;11,57;22,0;999,5;ON;77,15;
2026-07-25 11:31:59;05:58:34;85,8;78,1;77,3;77,3;53,8;222,5;13,04;2430,0;11,58;22,0;999,5;ON;77,15;
2026-07-25 11:32:08;05:58:43;85,8;78,1;77,2;77,3;53,4;222,5;13,04;2430,0;11,59;22,0;999,5;ON;77,15;
2026-07-25 11:32:17;05:58:52;85,8;78,1;77,2;77,3;52,9;222,5;13,04;2430,0;11,59;22,0;999,5;ON;77,15;
2026-07-25 11:32:26;05:59:01;85,8;78,1;77,2;77,3;52,4;222,5;13,04;2430,0;11,60;22,0;999,5;ON;77,15;
2026-07-25 11:32:35;05:59:10;85,8;78,1;77,2;77,3;51,9;222,5;13,04;2430,0;11,60;22,3;999,4;ON;77,15;
2026-07-25 11:32:44;05:59:19;85,8;78,1;77,2;77,3;51,4;222,5;13,04;2430,0;11,61;22,3;999,4;ON;77,15;
2026-07-25 11:32:53;05:59:28;85,8;78,1;77,2;77,3;50,9;222,5;13,04;2430,0;11,62;22,3;999,4;ON;77,15;
2026-07-25 11:33:02;05:59:37;85,8;78,1;77,2;77,3;50,6;222,5;13,04;2430,0;11,62;22,3;999,4;ON;77,15;
2026-07-25 11:33:12;05:59:47;85,8;78,1;77,2;77,3;50,6;222,5;13,04;2430,0;11,63;22,3;999,4;ON;77,15;
2026-07-25 11:33:21;05:59:56;85,8;78,1;77,2;77,3;50,3;222,5;13,04;2430,0;11,64;22,3;999,4;ON;77,15;
2026-07-25 11:33:30;06:00:05;85,8;78,1;77,2;77,3;50,1;222,5;13,04;2430,0;11,64;22,3;999,4;ON;77,15;
2026-07-25 11:33:39;06:00:14;85,8;78,1;77,2;77,3;49,9;222,5;13,04;2430,0;11,65;22,3;999,4;ON;77,15;
2026-07-25 11:33:48;06:00:23;85,8;78,1;77,2;77,3;49,8;222,5;13,04;2430,0;11,65;22,3;999,4;ON;77,15;
2026-07-25 11:33:57;06:00:32;85,8;78,1;77,2;77,3;49,7;222,5;13,04;2430,0;11,66;22,3;999,4;ON;77,15;
2026-07-25 11:34:06;06:00:41;85,8;78,1;77,2;77,3;49,6;222,5;13,04;2430,0;11,67;22,3;999,4;ON;77,15;
2026-07-25 11:34:15;06:00:50;85,8;78,1;77,2;77,3;49,4;222,5;13,04;2430,0;11,67;22,3;999,4;ON;77,15;
2026-07-25 11:34:24;06:00:59;85,8;78,2;77,2;77,3;49,4;222,5;13,04;2430,0;11,68;22,3;999,4;ON;77,15;
2026-07-25 11:34:33;06:01:08;85,8;78,2;77,2;77,3;49,3;222,5;13,04;2430,0;11,68;22,3;999,4;ON;77,15;
2026-07-25 11:34:42;06:01:17;85,8;78,2;77,2;77,3;49,2;222,5;13,04;2430,0;11,69;22,3;999,4;ON;77,15;
2026-07-25 11:34:51;06:01:26;85,8;78,2;77,2;77,3;49,2;222,5;13,04;2430,0;11,70;22,3;999,4;ON;77,15;
2026-07-25 11:35:00;06:01:35;85,8;78,2;77,2;77,3;49,2;222,5;13,04;2430,0;11,70;22,3;999,4;ON;77,15;
2026-07-25 11:35:09;06:01:44;85,8;78,2;77,2;77,3;49,1;222,5;13,04;2430,0;11,71;22,3;999,4;ON;77,15;
2026-07-25 11:35:18;06:01:53;85,8;78,2;77,2;77,3;49,1;222,5;13,04;2430,0;11,71;22,3;999,4;ON;77,15;
2026-07-25 11:35:27;06:02:02;85,8;78,2;77,3;77,3;49,1;222,5;13,04;2430,0;11,72;22,3;999,4;ON;77,15;
2026-07-25 11:35:36;06:02:11;85,8;78,2;77,2;77,3;49,1;222,5;13,04;2430,0;11,73;22,3;999,4;ON;77,15;
2026-07-25 11:35:45;06:02:20;85,9;78,2;77,2;77,3;49,1;222,5;13,04;2430,0;11,73;22,3;999,4;ON;77,15;
2026-07-25 11:35:54;06:02:29;85,8;78,2;77,2;77,3;49,1;222,5;13,04;2430,0;11,74;22,3;999,4;ON;77,15;
2026-07-25 11:36:03;06:02:38;85,9;78,2;77,2;77,3;49,0;222,5;13,04;2430,0;11,75;22,3;999,4;ON;77,15;
2026-07-25 11:36:12;06:02:47;85,9;78,2;77,2;77,3;49,0;222,5;13,04;2430,0;11,75;22,3;999,4;ON;77,15;
2026-07-25 11:36:21;06:02:56;85,9;78,2;77,2;77,3;49,1;222,5;13,04;2430,0;11,76;22,3;999,4;ON;77,15;
2026-07-25 11:36:30;06:03:05;85,9;78,2;77,2;77,3;49,1;222,5;13,04;2430,0;11,76;22,3;999,4;ON;77,15;
2026-07-25 11:36:39;06:03:14;85,9;78,2;77,2;77,3;49,1;222,5;13,04;2430,0;11,77;22,3;999,4;ON;77,15;
2026-07-25 11:36:48;06:03:23;85,9;78,2;77,2;77,3;49,1;222,5;13,04;2430,0;11,78;22,3;999,4;ON;77,15;
2026-07-25 11:36:57;06:03:32;85,9;78,2;77,2;77,3;49,1;222,5;13,04;2430,0;11,78;22,3;999,4;ON;77,15;
2026-07-25 11:37:06;06:03:41;85,9;78,2;77,2;77,3;49,1;222,5;13,04;2430,0;11,79;22,3;999,4;ON;77,15;
2026-07-25 11:37:15;06:03:50;85,9;78,2;77,2;77,3;49,1;222,5;13,04;2430,0;11,79;22,3;999,4;ON;77,15;
2026-07-25 11:37:25;06:04:00;85,9;78,2;77,2;77,3;49,1;222,5;13,04;2430,0;11,80;22,3;999,4;ON;77,15;
2026-07-25 11:37:34;06:04:09;85,9;78,2;77,2;77,3;49,1;222,5;13,04;2430,0;11,81;22,3;999,4;ON;77,15;
2026-07-25 11:37:43;06:04:18;85,9;78,2;77,2;77,3;49,2;222,5;13,04;2430,0;11,81;22,3;999,4;ON;77,15;
2026-07-25 11:37:52;06:04:27;85,9;78,2;77,2;77,3;49,2;222,5;13,04;2430,0;11,82;22,3;999,4;ON;77,15;
2026-07-25 11:38:01;06:04:36;85,9;78,2;77,3;77,3;49,2;222,5;13,04;2430,0;11,82;22,3;999,4;ON;77,15;
2026-07-25 11:38:10;06:04:45;85,9;78,2;77,2;77,3;49,3;222,5;13,04;2430,0;11,83;22,3;999,4;ON;77,15;
2026-07-25 11:38:19;06:04:54;85,9;78,2;77,3;77,3;49,3;222,5;13,04;2430,0;11,84;22,3;999,4;ON;77,15;
2026-07-25 11:38:28;06:05:03;85,9;78,2;77,2;77,3;49,3;222,5;13,04;2430,0;11,84;22,3;999,4;ON;77,15;
2026-07-25 11:38:37;06:05:12;85,9;78,2;77,2;77,3;49,4;222,5;13,04;2430,0;11,85;22,3;999,4;ON;77,15;
2026-07-25 11:38:46;06:05:21;85,9;78,2;77,2;77,3;49,4;222,5;13,04;2430,0;11,85;22,3;999,4;ON;77,15;
2026-07-25 11:38:55;06:05:30;85,9;78,2;77,3;77,3;49,4;222,5;13,04;2430,0;11,86;22,3;999,4;ON;77,15;
2026-07-25 11:39:04;06:05:39;85,9;78,2;77,2;77,3;49,4;222,5;13,04;2430,0;11,87;22,3;999,4;ON;77,15;
2026-07-25 11:39:13;06:05:48;85,9;78,2;77,2;77,3;49,5;222,5;13,04;2430,0;11,87;22,3;999,4;ON;77,15;
2026-07-25 11:39:22;06:05:57;85,9;78,2;77,2;77,3;49,5;222,5;13,04;2430,0;11,88;22,3;999,4;ON;77,15;
2026-07-25 11:39:32;06:06:07;85,9;78,2;77,2;77,3;49,5;222,5;13,04;2430,0;11,89;22,3;999,4;ON;77,15;
2026-07-25 11:39:41;06:06:16;85,9;78,2;77,2;77,3;49,5;222,5;13,04;2430,0;11,89;22,3;999,4;ON;77,15;
2026-07-25 11:39:50;06:06:25;85,9;78,2;77,2;77,3;49,6;222,5;13,04;2430,0;11,90;22,3;999,4;ON;77,15;
2026-07-25 11:39:59;06:06:34;85,9;78,2;77,2;77,3;49,6;222,5;13,04;2430,0;11,90;22,3;999,4;ON;77,15;
2026-07-25 11:40:08;06:06:43;85,9;78,2;77,2;77,3;49,6;222,5;13,04;2430,0;11,91;22,3;999,4;ON;77,15;
2026-07-25 11:40:17;06:06:52;85,9;78,2;77,2;77,3;49,7;222,5;13,04;2430,0;11,92;22,3;999,4;ON;77,15;
2026-07-25 11:40:26;06:07:01;85,9;78,2;77,2;77,3;49,8;222,5;13,04;2430,0;11,92;22,3;999,4;ON;77,15;
2026-07-25 11:40:35;06:07:10;85,9;78,2;77,2;77,3;49,8;222,5;13,04;2430,0;11,93;22,3;999,4;ON;77,15;
2026-07-25 11:40:44;06:07:19;85,9;78,2;77,2;77,3;49,8;222,5;13,04;2430,0;11,93;22,3;999,4;ON;77,15;
2026-07-25 11:40:53;06:07:28;85,9;78,2;77,2;77,3;49,8;222,5;13,04;2430,0;11,94;22,3;999,4;ON;77,15;
2026-07-25 11:41:02;06:07:37;85,9;78,2;77,2;77,3;49,8;222,5;13,04;2430,0;11,95;22,3;999,4;ON;77,15;
2026-07-25 11:41:11;06:07:46;85,9;78,2;77,2;77,3;49,9;222,5;13,04;2430,0;11,95;22,3;999,4;ON;77,15;
2026-07-25 11:41:20;06:07:55;85,9;78,2;77,2;77,3;49,9;222,5;13,04;2430,0;11,96;22,3;999,4;ON;77,15;
2026-07-25 11:41:29;06:08:04;85,9;78,2;77,2;77,3;49,9;222,5;13,04;2430,0;11,96;22,3;999,4;ON;77,15;
2026-07-25 11:41:38;06:08:13;85,9;78,2;77,2;77,3;49,9;222,5;13,04;2430,0;11,97;22,3;999,4;ON;77,15;
2026-07-25 11:41:47;06:08:22;85,9;78,2;77,2;77,3;49,9;222,5;13,04;2430,0;11,98;22,3;999,4;ON;77,15;
2026-07-25 11:41:57;06:08:32;85,9;78,2;77,2;77,3;49,9;222,5;13,04;2430,0;11,98;22,3;999,4;ON;77,15;
2026-07-25 11:42:06;06:08:41;85,9;78,2;77,2;77,3;49,9;222,5;13,04;2430,0;11,99;22,3;999,4;ON;77,15;
2026-07-25 11:42:15;06:08:50;85,9;78,2;77,2;77,3;49,9;222,5;13,04;2430,0;12,00;22,3;999,4;ON;77,15;
2026-07-25 11:42:24;06:08:59;86,0;78,2;77,2;77,3;49,9;222,5;13,04;2430,0;12,00;22,3;999,4;ON;77,15;
2026-07-25 11:42:33;06:09:08;86,0;78,2;77,2;77,3;50,0;222,5;13,04;2430,0;12,01;22,3;999,4;ON;77,15;
2026-07-25 11:42:42;06:09:17;86,0;78,2;77,2;77,3;50,0;222,5;13,04;2430,0;12,01;22,3;999,4;ON;77,15;
2026-07-25 11:42:51;06:09:26;86,0;78,2;77,2;77,3;50,0;222,5;13,04;2430,0;12,02;22,3;999,4;ON;77,15;
2026-07-25 11:43:00;06:09:35;86,0;78,2;77,2;77,3;50,1;222,5;13,04;2430,0;12,03;22,3;999,4;ON;77,15;
2026-07-25 11:43:09;06:09:44;86,0;78,2;77,2;77,3;50,1;222,5;13,04;2430,0;12,03;22,3;999,4;ON;77,15;
2026-07-25 11:43:18;06:09:53;86,0;78,2;77,2;77,3;50,1;222,5;13,04;2430,0;12,04;22,3;999,4;ON;77,15;
2026-07-25 11:43:27;06:10:02;86,0;78,2;77,2;77,3;50,1;222,5;13,04;2430,0;12,04;22,3;999,4;ON;77,15;
2026-07-25 11:43:36;06:10:11;86,0;78,2;77,2;77,3;50,1;222,5;13,04;2430,0;12,05;22,3;999,4;ON;77,15;
2026-07-25 11:43:46;06:10:21;86,0;78,2;77,2;77,3;50,2;222,5;13,04;2430,0;12,06;22,3;999,4;ON;77,15;
2026-07-25 11:43:55;06:10:30;86,0;78,2;77,2;77,3;50,2;222,5;13,04;2430,0;12,06;22,3;999,4;ON;77,15;
2026-07-25 11:44:04;06:10:39;86,0;78,2;77,2;77,3;50,2;222,5;13,04;2430,0;12,07;22,3;999,4;ON;77,15;
2026-07-25 11:44:13;06:10:48;86,0;78,2;77,2;77,3;50,2;222,5;13,04;2430,0;12,08;22,3;999,4;ON;77,15;
2026-07-25 11:44:22;06:10:57;86,0;78,2;77,2;77,3;50,2;222,5;13,04;2430,0;12,08;22,3;999,4;ON;77,15;
2026-07-25 11:44:31;06:11:06;86,0;78,2;77,2;77,3;50,4;222,5;13,04;2430,0;12,09;22,3;999,4;ON;77,15;
2026-07-25 11:44:40;06:11:15;86,0;78,2;77,2;77,3;50,4;222,5;13,04;2430,0;12,09;22,3;999,4;ON;77,15;
2026-07-25 11:44:49;06:11:24;86,0;78,2;77,2;77,3;50,4;222,5;13,04;2430,0;12,10;22,3;999,4;ON;77,15;
2026-07-25 11:44:58;06:11:33;86,0;78,2;77,2;77,3;50,4;222,5;13,04;2430,0;12,11;22,3;999,4;ON;77,15;
2026-07-25 11:45:07;06:11:42;86,0;78,2;77,2;77,3;50,4;222,5;13,04;2430,0;12,11;22,3;999,4;ON;77,15;
2026-07-25 11:45:16;06:11:51;86,0;78,2;77,2;77,3;50,6;222,5;13,04;2430,0;12,12;22,3;999,4;ON;77,15;
2026-07-25 11:45:25;06:12:00;86,0;78,2;77,2;77,3;50,6;222,5;13,04;2430,0;12,12;22,3;999,4;ON;77,15;
2026-07-25 11:45:34;06:12:09;86,0;78,2;77,2;77,3;50,7;222,5;13,04;2430,0;12,13;22,3;999,4;ON;77,15;
2026-07-25 11:45:43;06:12:18;86,1;78,2;77,2;77,3;50,7;222,5;13,04;2430,0;12,14;22,3;999,4;ON;77,15;
2026-07-25 11:45:52;06:12:27;86,0;78,2;77,2;77,3;50,8;222,5;13,04;2430,0;12,14;22,3;999,4;ON;77,15;
2026-07-25 11:46:01;06:12:36;86,0;78,2;77,2;77,3;50,9;222,5;13,04;2430,0;12,15;22,3;999,4;ON;77,15;
2026-07-25 11:46:10;06:12:45;86,1;78,2;77,2;77,3;51,1;222,5;13,04;2430,0;12,15;22,3;999,4;ON;77,15;
2026-07-25 11:46:19;06:12:54;86,1;78,2;77,2;77,3;51,1;222,5;13,04;2430,0;12,16;22,3;999,4;ON;77,15;
2026-07-25 11:46:28;06:13:03;86,0;78,2;77,2;77,3;51,1;222,5;13,04;2430,0;12,17;22,3;999,4;ON;77,15;
2026-07-25 11:46:37;06:13:12;86,1;78,2;77,2;77,3;51,2;222,5;13,04;2430,0;12,17;22,3;999,4;ON;77,15;
2026-07-25 11:46:46;06:13:21;86,1;78,2;77,2;77,3;51,2;222,5;13,04;2430,0;12,18;22,3;999,4;ON;77,15;
2026-07-25 11:46:56;06:13:31;86,1;78,2;77,2;77,3;51,3;222,5;13,04;2430,0;12,19;22,3;999,4;ON;77,15;
2026-07-25 11:47:05;06:13:40;86,1;78,2;77,2;77,3;51,4;222,5;13,04;2430,0;12,19;22,3;999,4;ON;77,15;
2026-07-25 11:47:14;06:13:49;86,1;78,2;77,2;77,3;51,5;222,5;13,04;2430,0;12,20;22,3;999,4;ON;77,15;
2026-07-25 11:47:23;06:13:58;86,1;78,2;77,2;77,3;51,6;222,5;13,04;2430,0;12,20;22,3;999,4;ON;77,15;
2026-07-25 11:47:32;06:14:07;86,1;78,2;77,2;77,3;51,7;222,5;13,04;2430,0;12,21;22,3;999,4;ON;77,15;
2026-07-25 11:47:41;06:14:16;86,1;78,2;77,2;77,3;51,8;222,5;13,04;2430,0;12,22;22,3;999,4;ON;77,15;
2026-07-25 11:47:50;06:14:25;86,1;78,2;77,2;77,3;51,9;222,5;13,04;2430,0;12,22;22,3;999,4;ON;77,15;
2026-07-25 11:47:59;06:14:34;86,1;78,2;77,2;77,3;52,0;222,5;13,04;2430,0;12,23;22,5;999,2;ON;77,15;
2026-07-25 11:48:08;06:14:43;86,1;78,2;77,2;77,3;52,2;222,5;13,04;2430,0;12,23;22,5;999,2;ON;77,15;
2026-07-25 11:48:17;06:14:52;86,1;78,2;77,2;77,3;52,2;222,5;13,04;2430,0;12,24;22,5;999,2;ON;77,15;
2026-07-25 11:48:26;06:15:01;86,1;78,2;77,2;77,3;52,4;222,5;13,04;2430,0;12,25;22,5;999,2;ON;77,15;
2026-07-25 11:48:35;06:15:10;86,1;78,2;77,2;77,3;52,4;222,5;13,04;2430,0;12,25;22,5;999,2;ON;77,15;
2026-07-25 11:48:44;06:15:19;86,1;78,2;77,2;77,3;52,4;222,5;13,04;2430,0;12,26;22,5;999,2;ON;77,15;
2026-07-25 11:48:53;06:15:28;86,1;78,2;77,2;77,3;52,4;222,5;13,04;2430,0;12,26;22,5;999,2;ON;77,15;
2026-07-25 11:49:02;06:15:37;86,1;78,2;77,2;77,3;52,4;222,5;13,04;2430,0;12,27;22,5;999,2;ON;77,15;
2026-07-25 11:49:11;06:15:46;86,1;78,2;77,2;77,3;52,6;222,5;13,04;2430,0;12,28;22,5;999,2;ON;77,15;
2026-07-25 11:49:20;06:15:55;86,1;78,2;77,2;77,3;52,7;222,5;13,04;2430,0;12,28;22,5;999,2;ON;77,15;
2026-07-25 11:49:29;06:16:04;86,1;78,2;77,2;77,3;52,8;222,5;13,04;2430,0;12,29;22,5;999,2;ON;77,15;
2026-07-25 11:49:38;06:16:13;86,1;78,2;77,2;77,3;52,8;222,5;13,04;2430,0;12,30;22,5;999,2;ON;77,15;
2026-07-25 11:49:47;06:16:22;86,1;78,2;77,2;77,3;52,9;222,5;13,04;2430,0;12,30;22,5;999,2;ON;77,15;
2026-07-25 11:49:57;06:16:32;86,1;78,2;77,2;77,3;53,1;222,5;13,04;2430,0;12,31;22,5;999,2;ON;77,15;
2026-07-25 11:50:06;06:16:41;86,1;78,2;77,2;77,3;53,2;222,5;13,04;2430,0;12,31;22,5;999,2;ON;77,15;
2026-07-25 11:50:15;06:16:50;86,1;78,2;77,2;77,3;53,3;222,5;13,04;2430,0;12,32;22,5;999,2;ON;77,15;
2026-07-25 11:50:24;06:16:59;86,1;78,2;77,2;77,3;53,4;222,5;13,04;2430,0;12,33;22,5;999,2;ON;77,15;
2026-07-25 11:50:33;06:17:08;86,1;78,2;77,2;77,3;53,5;222,5;13,04;2430,0;12,33;22,5;999,2;ON;77,15;
2026-07-25 11:50:42;06:17:17;86,1;78,2;77,2;77,3;53,6;222,5;13,04;2430,0;12,34;22,5;999,2;ON;77,15;
2026-07-25 11:50:51;06:17:26;86,1;78,2;77,2;77,3;53,8;222,5;13,04;2430,0;12,34;22,5;999,2;ON;77,15;
2026-07-25 11:51:00;06:17:35;86,1;78,2;77,2;77,3;53,7;222,5;13,04;2430,0;12,35;22,5;999,2;ON;77,15;
2026-07-25 11:51:09;06:17:44;86,1;78,2;77,2;77,3;53,2;222,5;13,04;2430,0;12,36;22,5;999,2;ON;77,15;
2026-07-25 11:51:18;06:17:53;86,1;78,2;77,2;77,3;52,7;222,5;13,04;2430,0;12,36;22,5;999,2;ON;77,15;
2026-07-25 11:51:27;06:18:02;86,1;78,2;77,2;77,3;52,2;222,5;13,04;2430,0;12,37;22,5;999,2;ON;77,15;
2026-07-25 11:51:36;06:18:11;86,1;78,2;77,2;77,3;51,7;222,5;13,04;2430,0;12,37;22,5;999,2;ON;77,15;
2026-07-25 11:51:45;06:18:20;86,1;78,2;77,2;77,3;51,2;222,5;13,04;2430,0;12,38;22,5;999,2;ON;77,15;
2026-07-25 11:51:54;06:18:29;86,1;78,2;77,2;77,3;50,8;222,5;13,04;2430,0;12,39;22,5;999,2;ON;77,15;
2026-07-25 11:52:03;06:18:38;86,1;78,2;77,2;77,3;50,5;222,5;13,04;2430,0;12,39;22,5;999,2;ON;77,15;
2026-07-25 11:52:13;06:18:48;86,1;78,2;77,2;77,3;50,4;222,5;13,04;2430,0;12,40;22,5;999,2;ON;77,15;
2026-07-25 11:52:22;06:18:57;86,1;78,2;77,2;77,3;50,2;222,5;13,04;2430,0;12,41;22,5;999,2;ON;77,15;
2026-07-25 11:52:31;06:19:06;86,1;78,2;77,2;77,3;49,9;222,5;13,04;2430,0;12,41;22,5;999,2;ON;77,15;
2026-07-25 11:52:40;06:19:15;86,2;78,2;77,3;77,3;49,8;222,5;13,04;2430,0;12,42;22,5;999,2;ON;77,15;
2026-07-25 11:52:49;06:19:24;86,2;78,2;77,2;77,3;49,6;222,5;13,04;2430,0;12,42;22,5;999,2;ON;77,15;
2026-07-25 11:52:58;06:19:33;86,1;78,2;77,2;77,3;49,4;222,5;13,04;2430,0;12,43;22,5;999,2;ON;77,15;
2026-07-25 11:53:07;06:19:42;86,2;78,2;77,2;77,3;49,2;222,5;13,04;2430,0;12,44;22,5;999,2;ON;77,15;
2026-07-25 11:53:16;06:19:51;86,2;78,2;77,2;77,3;49,1;222,5;13,04;2430,0;12,44;22,5;999,2;ON;77,15;
2026-07-25 11:53:25;06:20:00;86,2;78,2;77,2;77,3;49,0;222,5;13,04;2430,0;12,45;22,5;999,2;ON;77,15;
2026-07-25 11:53:34;06:20:09;86,2;78,2;77,2;77,3;48,8;222,5;13,04;2430,0;12,45;22,5;999,2;ON;77,15;
2026-07-25 11:53:43;06:20:18;86,2;78,2;77,2;77,3;48,8;222,5;13,04;2430,0;12,46;22,5;999,2;ON;77,15;
2026-07-25 11:53:52;06:20:27;86,2;78,2;77,2;77,3;48,6;222,5;13,04;2430,0;12,47;22,5;999,2;ON;77,15;
2026-07-25 11:54:01;06:20:36;86,2;78,2;77,2;77,3;48,5;222,5;13,04;2430,0;12,47;22,5;999,2;ON;77,15;
2026-07-25 11:54:10;06:20:45;86,2;78,2;77,2;77,3;48,4;222,5;13,04;2430,0;12,48;22,5;999,2;ON;77,15;
2026-07-25 11:54:20;06:20:55;86,2;78,2;77,2;77,3;48,3;221,0;12,98;2405,0;12,49;22,5;999,2;ON;77,15;
2026-07-25 11:54:29;06:21:04;86,2;78,2;77,2;77,3;48,2;221,0;12,98;2405,0;12,49;22,5;999,2;ON;77,15;
2026-07-25 11:54:38;06:21:13;86,2;78,2;77,2;77,3;48,2;221,0;12,98;2405,0;12,50;22,5;999,2;ON;77,15;
2026-07-25 11:54:47;06:21:22;86,2;78,2;77,2;77,3;48,2;221,0;12,98;2405,0;12,50;22,5;999,2;ON;77,15;
2026-07-25 11:54:56;06:21:31;86,2;78,2;77,2;77,3;48,2;221,0;12,98;2405,0;12,51;22,5;999,2;ON;77,15;
2026-07-25 11:55:05;06:21:40;86,2;78,2;77,2;77,3;48,2;221,0;12,98;2405,0;12,52;22,5;999,2;ON;77,15;
2026-07-25 11:55:14;06:21:49;86,2;78,2;77,2;77,3;48,1;221,0;12,98;2405,0;12,52;22,5;999,2;ON;77,15;
2026-07-25 11:55:23;06:21:58;86,2;78,2;77,2;77,3;48,1;221,0;12,98;2405,0;12,53;22,5;999,2;ON;77,15;
2026-07-25 11:55:32;06:22:07;86,2;78,2;77,2;77,3;48,1;221,0;12,98;2405,0;12,53;22,5;999,2;ON;77,15;
2026-07-25 11:55:41;06:22:16;86,2;78,2;77,2;77,3;48,1;221,0;12,98;2405,0;12,54;22,5;999,2;ON;77,15;
2026-07-25 11:55:50;06:22:25;86,2;78,2;77,2;77,3;48,2;221,0;12,98;2405,0;12,55;22,5;999,2;ON;77,15;
2026-07-25 11:55:59;06:22:34;86,2;78,2;77,2;77,3;48,3;221,0;12,98;2405,0;12,55;22,5;999,2;ON;77,15;
2026-07-25 11:56:08;06:22:43;86,2;78,2;77,2;77,3;48,3;221,0;12,98;2405,0;12,56;22,5;999,2;ON;77,15;
2026-07-25 11:56:17;06:22:52;86,2;78,2;77,2;77,3;48,2;221,0;12,98;2405,0;12,56;22,5;999,2;ON;77,15;
2026-07-25 11:56:26;06:23:01;86,2;78,2;77,2;77,3;48,2;221,0;12,98;2405,0;12,57;22,5;999,2;ON;77,15;
2026-07-25 11:56:35;06:23:10;86,2;78,2;77,2;77,3;48,2;221,0;12,98;2405,0;12,58;22,5;999,2;ON;77,15;
2026-07-25 11:56:44;06:23:19;86,2;78,2;77,2;77,3;48,3;221,0;12,98;2405,0;12,58;22,5;999,2;ON;77,15;
2026-07-25 11:56:53;06:23:28;86,2;78,2;77,2;77,3;48,3;221,0;12,98;2405,0;12,59;22,5;999,2;ON;77,15;
2026-07-25 11:57:03;06:23:38;86,2;78,2;77,2;77,3;48,4;221,0;12,98;2405,0;12,59;22,5;999,2;ON;77,15;
2026-07-25 11:57:12;06:23:47;86,2;78,2;77,2;77,3;48,4;221,0;12,98;2405,0;12,60;22,5;999,2;ON;77,15;
2026-07-25 11:57:21;06:23:56;86,2;78,2;77,2;77,3;48,4;221,0;12,98;2405,0;12,61;22,5;999,2;ON;77,15;
2026-07-25 11:57:30;06:24:05;86,2;78,2;77,2;77,3;48,4;221,0;12,98;2405,0;12,61;22,5;999,2;ON;77,15;
2026-07-25 11:57:39;06:24:14;86,2;78,2;77,2;77,3;48,4;221,0;12,98;2405,0;12,62;22,5;999,2;ON;77,15;
2026-07-25 11:57:48;06:24:23;86,2;78,2;77,2;77,3;48,4;221,0;12,98;2405,0;12,62;22,5;999,2;ON;77,15;
2026-07-25 11:57:57;06:24:32;86,2;78,2;77,2;77,3;48,4;221,0;12,98;2405,0;12,63;22,5;999,2;ON;77,15;
2026-07-25 11:58:06;06:24:41;86,2;78,2;77,2;77,3;48,4;221,0;12,98;2405,0;12,64;22,5;999,2;ON;77,15;
2026-07-25 11:58:15;06:24:50;86,2;78,2;77,2;77,3;48,4;221,0;12,98;2405,0;12,64;22,5;999,2;ON;77,15;
2026-07-25 11:58:24;06:24:59;86,2;78,2;77,2;77,3;48,4;221,0;12,98;2405,0;12,65;22,5;999,2;ON;77,15;
2026-07-25 11:58:34;06:25:09;86,2;78,2;77,2;77,3;48,4;221,0;12,98;2405,0;12,65;22,5;999,2;ON;77,15;
2026-07-25 11:58:43;06:25:18;86,2;78,2;77,2;77,3;48,4;221,0;12,98;2405,0;12,66;22,5;999,2;ON;77,15;
2026-07-25 11:58:52;06:25:27;86,2;78,2;77,2;77,3;48,6;221,0;12,98;2405,0;12,67;22,5;999,2;ON;77,15;
2026-07-25 11:59:01;06:25:36;86,2;78,2;77,2;77,3;48,6;221,0;12,98;2405,0;12,67;22,5;999,2;ON;77,15;
2026-07-25 11:59:10;06:25:45;86,2;78,2;77,2;77,3;48,6;221,0;12,98;2405,0;12,68;22,5;999,2;ON;77,15;
2026-07-25 11:59:19;06:25:54;86,2;78,2;77,2;77,3;48,6;221,0;12,98;2405,0;12,68;22,5;999,2;ON;77,15;
2026-07-25 11:59:28;06:26:03;86,2;78,2;77,2;77,3;48,7;221,0;12,98;2405,0;12,69;22,5;999,2;ON;77,15;
2026-07-25 11:59:37;06:26:12;86,2;78,2;77,2;77,3;48,8;221,0;12,98;2405,0;12,70;22,5;999,2;ON;77,15;
2026-07-25 11:59:46;06:26:21;86,3;78,2;77,2;77,3;48,8;221,0;12,98;2405,0;12,70;22,5;999,2;ON;77,15;
2026-07-25 11:59:55;06:26:30;86,3;78,2;77,2;77,3;48,8;221,0;12,98;2405,0;12,71;22,5;999,2;ON;77,15;
2026-07-25 12:00:04;06:26:39;86,3;78,2;77,2;77,3;48,7;221,0;12,98;2405,0;12,72;22,5;999,2;ON;77,15;
2026-07-25 12:00:13;06:26:48;86,3;78,2;77,2;77,3;48,7;221,0;12,98;2405,0;12,72;22,5;999,2;ON;77,15;
2026-07-25 12:00:22;06:26:57;86,3;78,2;77,2;77,3;48,7;221,0;12,98;2405,0;12,73;22,5;999,2;ON;77,15;
2026-07-25 12:00:31;06:27:06;86,3;78,2;77,2;77,3;48,7;221,0;12,98;2405,0;12,73;22,5;999,2;ON;77,15;
2026-07-25 12:00:41;06:27:16;86,3;78,2;77,2;77,3;48,7;221,0;12,98;2405,0;12,74;22,5;999,2;ON;77,15;
2026-07-25 12:00:50;06:27:25;86,3;78,2;77,2;77,3;48,6;221,0;12,98;2405,0;12,75;22,5;999,2;ON;77,15;
2026-07-25 12:00:59;06:27:34;86,3;78,2;77,2;77,3;48,6;221,0;12,98;2405,0;12,75;22,5;999,2;ON;77,15;
2026-07-25 12:01:08;06:27:43;86,3;78,2;77,2;77,3;48,6;221,0;12,98;2405,0;12,76;22,5;999,2;ON;77,15;
2026-07-25 12:01:17;06:27:52;86,3;78,2;77,2;77,3;48,6;221,0;12,98;2405,0;12,76;22,5;999,2;ON;77,15;
2026-07-25 12:01:26;06:28:01;86,3;78,2;77,2;77,3;48,6;221,0;12,98;2405,0;12,77;22,5;999,2;ON;77,15;
2026-07-25 12:01:35;06:28:10;86,3;78,2;77,2;77,3;48,6;221,0;12,98;2405,0;12,78;22,5;999,2;ON;77,15;
2026-07-25 12:01:44;06:28:19;86,3;78,2;77,2;77,3;48,6;221,0;12,98;2405,0;12,78;22,5;999,2;ON;77,15;
2026-07-25 12:01:53;06:28:28;86,3;78,2;77,2;77,3;48,6;221,0;12,98;2405,0;12,79;22,5;999,2;ON;77,15;
2026-07-25 12:02:02;06:28:37;86,3;78,2;77,2;77,3;48,6;221,0;12,98;2405,0;12,79;22,5;999,2;ON;77,15;
2026-07-25 12:02:11;06:28:46;86,3;78,2;77,2;77,3;48,6;221,0;12,98;2405,0;12,80;22,5;999,2;ON;77,15;
2026-07-25 12:02:20;06:28:55;86,3;78,2;77,2;77,3;48,6;221,0;12,98;2405,0;12,81;22,5;999,2;ON;77,15;
2026-07-25 12:02:29;06:29:04;86,3;78,2;77,2;77,3;48,7;221,0;12,98;2405,0;12,81;22,5;999,2;ON;77,15;
2026-07-25 12:02:38;06:29:13;86,3;78,2;77,2;77,3;48,7;221,0;12,98;2405,0;12,82;22,5;999,2;ON;77,15;
2026-07-25 12:02:48;06:29:23;86,3;78,2;77,2;77,3;48,7;221,0;12,98;2405,0;12,82;22,5;999,2;ON;77,15;
2026-07-25 12:02:57;06:29:32;86,3;78,2;77,2;77,3;48,8;221,0;12,98;2405,0;12,83;22,5;999,2;ON;77,15;
2026-07-25 12:03:06;06:29:41;86,4;78,2;77,2;77,3;48,9;221,0;12,98;2405,0;12,84;22,5;999,2;ON;77,15;
2026-07-25 12:03:15;06:29:50;86,3;78,2;77,2;77,3;49,0;221,0;12,98;2405,0;12,84;22,5;999,2;ON;77,15;
2026-07-25 12:03:24;06:29:59;86,4;78,2;77,2;77,3;49,1;221,0;12,98;2405,0;12,85;22,8;999,1;ON;77,15;
2026-07-25 12:03:33;06:30:08;86,4;78,2;77,3;77,3;49,2;221,0;12,98;2405,0;12,85;22,8;999,1;ON;77,15;
2026-07-25 12:03:42;06:30:17;86,4;78,2;77,2;77,3;49,4;221,0;12,98;2405,0;12,86;22,8;999,1;ON;77,15;
2026-07-25 12:03:51;06:30:26;86,4;78,2;77,2;77,3;49,5;221,0;12,98;2405,0;12,87;22,8;999,1;ON;77,15;
2026-07-25 12:04:00;06:30:35;86,4;78,2;77,2;77,3;49,7;221,0;12,98;2405,0;12,87;22,8;999,1;ON;77,15;
2026-07-25 12:04:09;06:30:44;86,4;78,2;77,2;77,3;49,8;221,0;12,98;2405,0;12,88;22,8;999,1;ON;77,15;
2026-07-25 12:04:18;06:30:53;86,4;78,3;77,2;77,3;50,0;221,0;12,98;2405,0;12,88;22,8;999,1;ON;77,15;
2026-07-25 12:04:27;06:31:02;86,4;78,3;77,2;77,3;50,1;221,0;12,98;2405,0;12,89;22,8;999,1;ON;77,15;
2026-07-25 12:04:36;06:31:11;86,4;78,2;77,2;77,3;50,2;221,0;12,98;2405,0;12,90;22,8;999,1;ON;77,15;
2026-07-25 12:04:45;06:31:20;86,4;78,3;77,2;77,3;50,4;221,0;12,98;2405,0;12,90;22,8;999,1;ON;77,15;
2026-07-25 12:04:54;06:31:29;86,4;78,3;77,2;77,3;50,5;221,0;12,98;2405,0;12,91;22,8;999,1;ON;77,15;
2026-07-25 12:05:03;06:31:38;86,4;78,2;77,2;77,3;50,6;221,0;12,98;2405,0;12,92;22,8;999,1;ON;77,15;
2026-07-25 12:05:13;06:31:48;86,4;78,3;77,2;77,3;50,7;221,0;12,98;2405,0;12,92;22,8;999,1;ON;77,15;
2026-07-25 12:05:22;06:31:57;86,4;78,3;77,2;77,3;50,9;221,0;12,98;2405,0;12,93;22,8;999,1;ON;77,15;
2026-07-25 12:05:31;06:32:06;86,4;78,3;77,2;77,3;51,1;221,0;12,98;2405,0;12,93;22,8;999,1;ON;77,15;
2026-07-25 12:05:40;06:32:15;86,4;78,3;77,2;77,3;51,2;221,0;12,98;2405,0;12,94;22,8;999,1;ON;77,15;
2026-07-25 12:05:49;06:32:24;86,4;78,3;77,2;77,3;51,2;221,0;12,98;2405,0;12,95;22,8;999,1;ON;77,15;
2026-07-25 12:05:57;06:32:32;86,4;78,3;77,2;77,3;51,4;221,0;12,98;2405,0;12,95;22,8;999,1;ON;77,15;
2026-07-25 12:06:07;06:32:42;86,4;78,3;77,2;77,3;51,6;221,0;12,98;2405,0;12,96;22,8;999,1;ON;77,15;
2026-07-25 12:06:16;06:32:51;86,4;78,3;77,2;77,3;51,6;221,0;12,98;2405,0;12,96;22,8;999,1;ON;77,15;
2026-07-25 12:06:25;06:33:00;86,4;78,3;77,2;77,3;51,8;221,0;12,98;2405,0;12,97;22,8;999,1;ON;77,15;
2026-07-25 12:06:34;06:33:09;86,4;78,3;77,2;77,3;51,9;221,0;12,98;2405,0;12,98;22,8;999,1;ON;77,15;
2026-07-25 12:06:43;06:33:18;86,4;78,3;77,2;77,3;52,1;221,0;12,98;2405,0;12,98;22,8;999,1;ON;77,15;
2026-07-25 12:06:52;06:33:27;86,4;78,3;77,2;77,3;52,2;221,0;12,98;2405,0;12,99;22,8;999,1;ON;77,15;
2026-07-25 12:07:01;06:33:36;86,4;78,3;77,3;77,3;52,4;221,0;12,98;2405,0;12,99;22,8;999,1;ON;77,15;
2026-07-25 12:07:10;06:33:45;86,4;78,3;77,2;77,3;52,6;221,0;12,98;2405,0;13,00;22,8;999,1;ON;77,15;
2026-07-25 12:07:19;06:33:54;86,4;78,3;77,2;77,3;52,7;221,0;12,98;2405,0;13,01;22,8;999,1;ON;77,15;
2026-07-25 12:07:28;06:34:03;86,4;78,3;77,2;77,3;52,8;221,0;12,98;2405,0;13,01;22,8;999,1;ON;77,15;
2026-07-25 12:07:37;06:34:12;86,4;78,3;77,2;77,3;52,8;221,0;12,98;2405,0;13,02;22,8;999,1;ON;77,15;
2026-07-25 12:07:46;06:34:21;86,4;78,3;77,2;77,3;52,9;221,0;12,98;2405,0;13,02;22,8;999,1;ON;77,15;
2026-07-25 12:07:55;06:34:30;86,4;78,3;77,2;77,3;53,1;221,0;12,98;2405,0;13,03;22,8;999,1;ON;77,15;
2026-07-25 12:08:04;06:34:39;86,5;78,3;77,3;77,3;53,2;221,0;12,98;2405,0;13,04;22,8;999,1;ON;77,15;
2026-07-25 12:08:13;06:34:48;86,4;78,3;77,2;77,3;53,3;221,0;12,98;2405,0;13,04;22,8;999,1;ON;77,15;
2026-07-25 12:08:22;06:34:57;86,4;78,3;77,2;77,3;53,4;221,0;12,98;2405,0;13,05;22,8;999,1;ON;77,15;
2026-07-25 12:08:32;06:35:07;86,4;78,3;77,2;77,3;53,6;221,0;12,98;2405,0;13,05;22,8;999,1;ON;77,15;
2026-07-25 12:08:41;06:35:16;86,5;78,3;77,2;77,3;53,8;221,0;12,98;2405,0;13,06;22,8;999,1;ON;77,15;
2026-07-25 12:08:50;06:35:25;86,5;78,3;77,2;77,3;53,9;221,0;12,98;2405,0;13,07;22,8;999,1;ON;77,15;
2026-07-25 12:08:59;06:35:34;86,5;78,3;77,2;77,3;54,1;221,0;12,98;2405,0;13,07;22,8;999,1;ON;77,15;
2026-07-25 12:09:08;06:35:43;86,5;78,3;77,2;77,3;54,2;221,0;12,98;2405,0;13,08;22,8;999,1;ON;77,15;
2026-07-25 12:09:17;06:35:52;86,5;78,3;77,2;77,3;54,3;221,0;12,98;2405,0;13,08;22,8;999,1;ON;77,15;
2026-07-25 12:09:26;06:36:01;86,5;78,3;77,3;77,3;54,6;221,0;12,98;2405,0;13,09;22,8;999,1;ON;77,15;
2026-07-25 12:09:35;06:36:10;86,5;78,3;77,2;77,3;54,7;221,0;12,98;2405,0;13,10;22,8;999,1;ON;77,15;
2026-07-25 12:09:44;06:36:19;86,5;78,3;77,2;77,3;54,5;221,0;12,98;2405,0;13,10;22,8;999,1;ON;77,15;
2026-07-25 12:09:53;06:36:28;86,5;78,3;77,2;77,3;54,0;221,0;12,98;2405,0;13,11;22,8;999,1;ON;77,15;
2026-07-25 12:10:02;06:36:37;86,5;78,3;77,2;77,3;53,4;221,0;12,98;2405,0;13,11;22,8;999,1;ON;77,15;
2026-07-25 12:10:11;06:36:46;86,5;78,3;77,2;77,3;53,0;221,0;12,98;2405,0;13,12;22,8;999,1;ON;77,15;
2026-07-25 12:10:20;06:36:55;86,5;78,3;77,2;77,3;52,5;221,0;12,98;2405,0;13,13;22,8;999,1;ON;77,15;
2026-07-25 12:10:29;06:37:04;86,5;78,3;77,2;77,3;52,1;221,0;12,98;2405,0;13,13;22,8;999,1;ON;77,15;
2026-07-25 12:10:38;06:37:13;86,5;78,3;77,2;77,3;51,7;221,0;12,98;2405,0;13,14;22,8;999,1;ON;77,15;
2026-07-25 12:10:47;06:37:22;86,5;78,3;77,2;77,3;51,4;221,0;12,98;2405,0;13,14;22,8;999,1;ON;77,15;
2026-07-25 12:10:56;06:37:31;86,5;78,3;77,2;77,3;51,1;221,0;12,98;2405,0;13,15;22,8;999,1;ON;77,15;
2026-07-25 12:11:06;06:37:41;86,5;78,3;77,2;77,3;50,9;221,0;12,98;2405,0;13,16;22,8;999,1;ON;77,15;
2026-07-25 12:11:15;06:37:50;86,6;78,3;77,2;77,3;50,8;221,0;12,98;2405,0;13,16;22,8;999,1;ON;77,15;
2026-07-25 12:11:24;06:37:59;86,5;78,3;77,2;77,3;50,6;221,0;12,98;2405,0;13,17;22,8;999,1;ON;77,15;
2026-07-25 12:11:33;06:38:08;86,6;78,3;77,3;77,3;50,4;221,0;12,98;2405,0;13,18;22,8;999,1;ON;77,15;
2026-07-25 12:11:42;06:38:17;86,6;78,3;77,2;77,3;50,2;221,0;12,98;2405,0;13,18;22,8;999,1;ON;77,15;
2026-07-25 12:11:51;06:38:26;86,6;78,3;77,2;77,3;50,2;221,0;12,98;2405,0;13,19;22,8;999,1;ON;77,15;
2026-07-25 12:12:00;06:38:35;86,6;78,3;77,2;77,3;50,1;221,0;12,98;2405,0;13,19;22,8;999,1;ON;77,15;
2026-07-25 12:12:09;06:38:44;86,6;78,3;77,2;77,3;50,0;221,0;12,98;2405,0;13,20;22,8;999,1;ON;77,15;
2026-07-25 12:12:18;06:38:53;86,6;78,3;77,2;77,3;49,9;221,0;12,98;2405,0;13,21;22,8;999,1;ON;77,15;
2026-07-25 12:12:27;06:39:02;86,6;78,3;77,2;77,3;49,8;221,0;12,98;2405,0;13,21;22,8;999,1;ON;77,15;
2026-07-25 12:12:36;06:39:11;86,6;78,3;77,3;77,3;49,9;221,0;12,98;2405,0;13,22;22,8;999,1;ON;77,15;
2026-07-25 12:12:45;06:39:20;86,6;78,3;77,2;77,3;49,9;221,0;12,98;2405,0;13,22;22,8;999,1;ON;77,15;
2026-07-25 12:12:54;06:39:29;86,6;78,3;77,2;77,3;49,8;221,0;12,98;2405,0;13,23;22,8;999,1;ON;77,15;
2026-07-25 12:13:03;06:39:38;86,6;78,3;77,2;77,3;49,8;221,0;12,98;2405,0;13,24;22,8;999,1;ON;77,15;
2026-07-25 12:13:12;06:39:47;86,6;78,3;77,2;77,3;49,8;221,0;12,98;2405,0;13,24;22,8;999,1;ON;77,15;
2026-07-25 12:13:22;06:39:57;86,6;78,3;77,2;77,3;49,8;221,0;12,98;2405,0;13,25;22,8;999,1;ON;77,15;
2026-07-25 12:13:31;06:40:06;86,6;78,3;77,2;77,3;49,7;221,0;12,98;2405,0;13,25;22,8;999,1;ON;77,15;
2026-07-25 12:13:40;06:40:15;86,6;78,3;77,2;77,3;49,7;221,0;12,98;2405,0;13,26;22,8;999,1;ON;77,15;
2026-07-25 12:13:49;06:40:24;86,6;78,3;77,2;77,3;49,6;221,0;12,98;2405,0;13,27;22,8;999,1;ON;77,15;
2026-07-25 12:13:58;06:40:33;86,6;78,3;77,2;77,3;49,6;221,0;12,98;2405,0;13,27;22,8;999,1;ON;77,15;
2026-07-25 12:14:07;06:40:42;86,6;78,3;77,2;77,3;49,6;221,0;12,98;2405,0;13,28;22,8;999,1;ON;77,15;
2026-07-25 12:14:16;06:40:51;86,6;78,3;77,2;77,3;49,6;221,0;12,98;2405,0;13,28;22,8;999,1;ON;77,15;
2026-07-25 12:14:25;06:41:00;86,6;78,3;77,2;77,3;49,6;221,0;12,98;2405,0;13,29;22,8;999,1;ON;77,15;
2026-07-25 12:14:34;06:41:09;86,6;78,3;77,3;77,3;49,6;221,0;12,98;2405,0;13,30;22,8;999,1;ON;77,15;
2026-07-25 12:14:43;06:41:18;86,6;78,3;77,2;77,3;49,6;221,0;12,98;2405,0;13,30;22,8;999,1;ON;77,15;
2026-07-25 12:14:52;06:41:27;86,6;78,4;77,2;77,3;49,7;221,0;12,98;2405,0;13,31;22,8;999,1;ON;77,15;
2026-07-25 12:15:01;06:41:36;86,6;78,4;77,3;77,3;49,8;221,0;12,98;2405,0;13,31;22,8;999,1;ON;77,15;
2026-07-25 12:15:10;06:41:45;86,6;78,4;77,2;77,3;49,8;221,0;12,98;2405,0;13,32;22,8;999,1;ON;77,15;
2026-07-25 12:15:19;06:41:54;86,6;78,3;77,2;77,3;49,7;221,0;12,98;2405,0;13,33;22,8;999,1;ON;77,15;
2026-07-25 12:15:29;06:42:04;86,6;78,3;77,2;77,3;49,6;221,0;12,98;2405,0;13,33;22,8;999,1;ON;77,15;
2026-07-25 12:15:38;06:42:13;86,6;78,3;77,2;77,3;49,7;221,0;12,98;2405,0;13,34;22,8;999,1;ON;77,15;
2026-07-25 12:15:47;06:42:22;86,6;78,3;77,2;77,3;49,8;221,0;12,98;2405,0;13,35;22,8;999,1;ON;77,15;
2026-07-25 12:15:56;06:42:31;86,6;78,4;77,2;77,3;49,8;221,0;12,98;2405,0;13,35;22,8;999,1;ON;77,15;
2026-07-25 12:16:05;06:42:40;86,6;78,4;77,2;77,3;49,8;221,0;12,98;2405,0;13,36;22,8;999,1;ON;77,15;
2026-07-25 12:16:14;06:42:49;86,6;78,4;77,2;77,3;49,8;221,0;12,98;2405,0;13,36;22,8;999,1;ON;77,15;
2026-07-25 12:16:23;06:42:58;86,6;78,4;77,2;77,3;49,8;221,0;12,98;2405,0;13,37;22,8;999,1;ON;77,15;
2026-07-25 12:16:32;06:43:07;86,6;78,4;77,2;77,3;49,8;221,0;12,98;2405,0;13,38;22,8;999,1;ON;77,15;
2026-07-25 12:16:41;06:43:16;86,6;78,4;77,2;77,3;49,7;221,0;12,98;2405,0;13,38;22,8;999,1;ON;77,15;
2026-07-25 12:16:50;06:43:25;86,6;78,4;77,2;77,3;49,7;221,0;12,98;2405,0;13,39;22,8;999,1;ON;77,15;
2026-07-25 12:16:59;06:43:34;86,6;78,4;77,2;77,3;49,8;221,0;12,98;2405,0;13,39;22,8;999,1;ON;77,15;
2026-07-25 12:17:08;06:43:43;86,7;78,4;77,2;77,3;49,8;221,0;12,98;2405,0;13,40;22,8;999,1;ON;77,15;
2026-07-25 12:17:17;06:43:52;86,6;78,4;77,2;77,3;49,8;221,0;12,98;2405,0;13,41;22,8;999,1;ON;77,15;
2026-07-25 12:17:26;06:44:01;86,7;78,4;77,2;77,3;49,8;221,0;12,98;2405,0;13,41;22,8;999,1;ON;77,15;
2026-07-25 12:17:36;06:44:11;86,7;78,4;77,2;77,3;49,9;221,0;12,98;2405,0;13,42;22,8;999,1;ON;77,15;
2026-07-25 12:17:45;06:44:20;86,7;78,4;77,2;77,3;50,0;221,0;12,98;2405,0;13,42;22,8;999,1;ON;77,15;
2026-07-25 12:17:54;06:44:29;86,7;78,4;77,2;77,3;50,0;221,0;12,98;2405,0;13,43;22,8;999,1;ON;77,15;
2026-07-25 12:18:03;06:44:38;86,7;78,4;77,2;77,3;50,1;221,0;12,98;2405,0;13,44;22,8;999,1;ON;77,15;
2026-07-25 12:18:12;06:44:47;86,7;78,4;77,2;77,3;50,1;221,0;12,98;2405,0;13,44;22,8;999,1;ON;77,15;
2026-07-25 12:18:21;06:44:56;86,7;78,4;77,2;77,3;50,2;221,0;12,98;2405,0;13,45;22,8;999,1;ON;77,15;
2026-07-25 12:18:30;06:45:05;86,7;78,4;77,2;77,3;50,2;221,0;12,98;2405,0;13,45;22,8;999,1;ON;77,15;
2026-07-25 12:18:39;06:45:14;86,7;78,4;77,2;77,3;50,2;221,0;12,98;2405,0;13,46;22,8;999,1;ON;77,15;
2026-07-25 12:18:48;06:45:23;86,7;78,4;77,2;77,3;50,2;221,0;12,98;2405,0;13,47;23,0;999,0;ON;77,15;
2026-07-25 12:18:57;06:45:32;86,7;78,4;77,2;77,3;50,2;221,0;12,98;2405,0;13,47;23,0;999,0;ON;77,15;
2026-07-25 12:19:06;06:45:41;86,7;78,4;77,2;77,3;50,3;221,0;12,98;2405,0;13,48;23,0;999,0;ON;77,15;
2026-07-25 12:19:15;06:45:50;86,7;78,4;77,2;77,3;50,3;221,0;12,98;2405,0;13,48;23,0;999,0;ON;77,15;
2026-07-25 12:19:24;06:45:59;86,7;78,4;77,2;77,3;50,2;221,0;12,98;2405,0;13,49;23,0;999,0;ON;77,15;
2026-07-25 12:19:33;06:46:08;86,7;78,4;77,3;77,3;50,2;221,0;12,98;2405,0;13,50;23,0;999,0;ON;77,15;
2026-07-25 12:19:42;06:46:17;86,7;78,4;77,2;77,3;50,2;221,0;12,98;2405,0;13,50;23,0;999,0;ON;77,15;
2026-07-25 12:19:51;06:46:26;86,8;78,4;77,2;77,3;50,2;221,0;12,98;2405,0;13,51;23,0;999,0;ON;77,15;
2026-07-25 12:20:00;06:46:35;86,8;78,4;77,2;77,3;50,1;221,0;12,98;2405,0;13,51;23,0;999,0;ON;77,15;
2026-07-25 12:20:10;06:46:45;86,8;78,4;77,2;77,3;50,1;221,0;12,98;2405,0;13,52;23,0;999,0;ON;77,15;
2026-07-25 12:20:19;06:46:54;86,7;78,4;77,2;77,3;50,1;221,0;12,98;2405,0;13,53;23,0;999,0;ON;77,15;
2026-07-25 12:20:28;06:47:03;86,8;78,4;77,2;77,3;50,0;221,0;12,98;2405,0;13,53;23,0;999,0;ON;77,15;
2026-07-25 12:20:37;06:47:12;86,8;78,4;77,2;77,3;49,9;221,0;12,98;2405,0;13,54;23,0;999,0;ON;77,15;
2026-07-25 12:20:46;06:47:21;86,8;78,4;77,2;77,3;49,9;221,0;12,98;2405,0;13,54;23,0;999,0;ON;77,15;
2026-07-25 12:20:55;06:47:30;86,8;78,4;77,2;77,3;49,9;221,0;12,98;2405,0;13,55;23,0;999,0;ON;77,15;
2026-07-25 12:21:04;06:47:39;86,8;78,4;77,2;77,3;49,9;221,0;12,98;2405,0;13,56;23,0;999,0;ON;77,15;
2026-07-25 12:21:13;06:47:48;86,8;78,4;77,2;77,3;49,9;221,0;12,98;2405,0;13,56;23,0;999,0;ON;77,15;
2026-07-25 12:21:22;06:47:57;86,8;78,4;77,2;77,3;49,9;221,0;12,98;2405,0;13,57;23,0;999,0;ON;77,15;
2026-07-25 12:21:31;06:48:06;86,8;78,4;77,2;77,3;49,9;221,0;12,98;2405,0;13,57;23,0;999,0;ON;77,15;
2026-07-25 12:21:40;06:48:15;86,8;78,4;77,2;77,3;49,9;221,0;12,98;2405,0;13,58;23,0;999,0;ON;77,15;
2026-07-25 12:21:49;06:48:24;86,8;78,4;77,2;77,3;49,9;221,0;12,98;2405,0;13,59;23,0;999,0;ON;77,15;
2026-07-25 12:21:58;06:48:33;86,8;78,4;77,2;77,3;49,9;221,0;12,98;2405,0;13,59;23,0;999,0;ON;77,15;
2026-07-25 12:22:07;06:48:42;86,8;78,4;77,2;77,3;49,9;221,0;12,98;2405,0;13,60;23,0;999,0;ON;77,15;
2026-07-25 12:22:16;06:48:51;86,8;78,4;77,2;77,3;49,9;221,0;12,98;2405,0;13,61;23,0;999,0;ON;77,15;
2026-07-25 12:22:25;06:49:00;86,8;78,4;77,2;77,3;49,9;221,0;12,98;2405,0;13,61;23,0;999,0;ON;77,15;
2026-07-25 12:22:34;06:49:09;86,8;78,4;77,2;77,3;49,9;221,0;12,98;2405,0;13,62;23,0;999,0;ON;77,15;
2026-07-25 12:22:43;06:49:18;86,8;78,4;77,2;77,3;49,9;221,0;12,98;2405,0;13,62;23,0;999,0;ON;77,15;
2026-07-25 12:22:52;06:49:27;86,8;78,4;77,2;77,3;49,8;221,0;12,98;2405,0;13,63;23,0;999,0;ON;77,15;
2026-07-25 12:23:02;06:49:37;86,8;78,4;77,2;77,3;49,8;221,0;12,98;2405,0;13,64;23,0;999,0;ON;77,15;
2026-07-25 12:23:11;06:49:46;86,8;78,4;77,2;77,3;49,7;221,0;12,98;2405,0;13,64;23,0;999,0;ON;77,15;
2026-07-25 12:23:20;06:49:55;86,8;78,4;77,2;77,3;49,7;221,0;12,98;2405,0;13,65;23,0;999,0;ON;77,15;
2026-07-25 12:23:29;06:50:04;86,8;78,4;77,2;77,3;49,6;221,0;12,98;2405,0;13,65;23,0;999,0;ON;77,15;
2026-07-25 12:23:38;06:50:13;86,8;78,4;77,2;77,3;49,6;221,0;12,98;2405,0;13,66;23,0;999,0;ON;77,15;
2026-07-25 12:23:47;06:50:22;86,8;78,4;77,2;77,3;49,7;221,0;12,98;2405,0;13,67;23,0;999,0;ON;77,15;
2026-07-25 12:23:56;06:50:31;86,8;78,4;77,2;77,3;49,7;221,0;12,98;2405,0;13,67;23,0;999,0;ON;77,15;
2026-07-25 12:24:06;06:50:41;86,8;78,4;77,2;77,3;49,7;221,0;12,98;2405,0;13,68;23,0;999,0;ON;77,15;
2026-07-25 12:24:15;06:50:50;86,8;78,4;77,2;77,3;49,8;221,0;12,98;2405,0;13,68;23,0;999,0;ON;77,15;
2026-07-25 12:24:24;06:50:59;86,8;78,4;77,2;77,3;49,8;221,0;12,98;2405,0;13,69;23,0;999,0;ON;77,15;
2026-07-25 12:24:33;06:51:08;86,8;78,4;77,2;77,3;49,9;221,0;12,98;2405,0;13,70;23,0;999,0;ON;77,15;
2026-07-25 12:24:42;06:51:17;86,8;78,4;77,2;77,3;49,9;221,0;12,98;2405,0;13,70;23,0;999,0;ON;77,15;
2026-07-25 12:24:51;06:51:26;86,8;78,4;77,2;77,3;50,0;221,0;12,98;2405,0;13,71;23,0;999,0;ON;77,15;
2026-07-25 12:25:00;06:51:35;86,8;78,4;77,2;77,3;50,1;221,0;12,98;2405,0;13,71;23,0;999,0;ON;77,15;
2026-07-25 12:25:09;06:51:44;86,8;78,4;77,2;77,3;50,2;221,0;12,98;2405,0;13,72;23,0;999,0;ON;77,15;
2026-07-25 12:25:18;06:51:53;86,8;78,4;77,2;77,3;50,2;221,0;12,98;2405,0;13,73;23,0;999,0;ON;77,15;
2026-07-25 12:25:27;06:52:02;86,8;78,4;77,2;77,3;50,3;221,0;12,98;2405,0;13,73;23,0;999,0;ON;77,15;
2026-07-25 12:25:36;06:52:11;86,8;78,4;77,2;77,3;50,4;221,0;12,98;2405,0;13,74;23,0;999,0;ON;77,15;
2026-07-25 12:25:45;06:52:20;86,8;78,4;77,2;77,3;50,4;221,0;12,98;2405,0;13,74;23,0;999,0;ON;77,15;
2026-07-25 12:25:54;06:52:29;86,8;78,4;77,2;77,3;50,5;221,0;12,98;2405,0;13,75;23,0;999,0;ON;77,15;
2026-07-25 12:26:03;06:52:38;86,8;78,4;77,2;77,3;50,6;221,0;12,98;2405,0;13,76;23,0;999,0;ON;77,15;
2026-07-25 12:26:12;06:52:47;86,8;78,4;77,2;77,3;50,7;221,0;12,98;2405,0;13,76;23,0;999,0;ON;77,15;
2026-07-25 12:26:21;06:52:56;86,8;78,4;77,2;77,3;50,8;221,0;12,98;2405,0;13,77;23,0;999,0;ON;77,15;
2026-07-25 12:26:30;06:53:05;86,8;78,4;77,2;77,3;50,9;221,0;12,98;2405,0;13,77;23,0;999,0;ON;77,15;
2026-07-25 12:26:39;06:53:14;86,8;78,4;77,2;77,3;51,0;221,0;12,98;2405,0;13,78;23,0;999,0;ON;77,15;
2026-07-25 12:26:48;06:53:23;86,8;78,4;77,2;77,3;51,1;221,0;12,98;2405,0;13,79;23,0;999,0;ON;77,15;
2026-07-25 12:26:57;06:53:32;86,9;78,4;77,2;77,3;51,2;221,0;12,98;2405,0;13,79;23,0;999,0;ON;77,15;
2026-07-25 12:27:06;06:53:41;86,8;78,4;77,2;77,3;51,2;221,0;12,98;2405,0;13,80;23,0;999,0;ON;77,15;
2026-07-25 12:27:15;06:53:50;86,9;78,4;77,2;77,3;51,4;221,0;12,98;2405,0;13,80;23,0;999,0;ON;77,15;
2026-07-25 12:27:24;06:53:59;86,9;78,4;77,2;77,3;51,5;221,0;12,98;2405,0;13,81;23,0;999,0;ON;77,15;
2026-07-25 12:27:33;06:54:08;86,9;78,4;77,2;77,3;51,6;221,0;12,98;2405,0;13,82;23,0;999,0;ON;77,15;
2026-07-25 12:27:42;06:54:17;86,9;78,4;77,2;77,3;51,7;221,0;12,98;2405,0;13,82;23,0;999,0;ON;77,15;
2026-07-25 12:27:51;06:54:26;86,9;78,4;77,2;77,3;51,8;221,0;12,98;2405,0;13,83;23,0;999,0;ON;77,15;
2026-07-25 12:28:00;06:54:35;86,9;78,4;77,2;77,3;51,8;221,0;12,98;2405,0;13,84;23,0;999,0;ON;77,15;
2026-07-25 12:28:10;06:54:45;86,9;78,4;77,2;77,3;51,9;221,0;12,98;2405,0;13,84;23,0;999,0;ON;77,15;
2026-07-25 12:28:19;06:54:54;86,9;78,4;77,2;77,3;52,1;221,0;12,98;2405,0;13,85;23,0;999,0;ON;77,15;
2026-07-25 12:28:28;06:55:03;86,9;78,4;77,2;77,3;52,2;221,0;12,98;2405,0;13,85;23,0;999,0;ON;77,15;
2026-07-25 12:28:37;06:55:12;86,9;78,4;77,2;77,3;52,1;221,0;12,98;2405,0;13,86;23,0;999,0;ON;77,15;
2026-07-25 12:28:46;06:55:21;86,9;78,4;77,2;77,3;51,6;221,0;12,98;2405,0;13,87;23,0;999,0;ON;77,15;
2026-07-25 12:28:55;06:55:30;86,9;78,4;77,2;77,3;51,2;221,0;12,98;2405,0;13,87;23,0;999,0;ON;77,15;
2026-07-25 12:29:05;06:55:40;86,9;78,4;77,2;77,3;50,6;221,0;12,98;2405,0;13,88;23,0;999,0;ON;77,15;
2026-07-25 12:29:14;06:55:49;86,9;78,4;77,2;77,3;50,1;221,0;12,98;2405,0;13,88;23,0;999,0;ON;77,15;
2026-07-25 12:29:23;06:55:58;86,9;78,4;77,2;77,3;49,6;221,0;12,98;2405,0;13,89;23,0;999,0;ON;77,15;
2026-07-25 12:29:32;06:56:07;86,9;78,4;77,2;77,3;49,2;221,0;12,98;2405,0;13,90;23,0;999,0;ON;77,15;
2026-07-25 12:29:41;06:56:16;86,9;78,4;77,2;77,3;49,0;221,0;12,98;2405,0;13,90;23,0;999,0;ON;77,15;
2026-07-25 12:29:50;06:56:25;86,9;78,4;77,2;77,3;48,9;221,0;12,98;2405,0;13,91;23,0;999,0;ON;77,15;
2026-07-25 12:29:59;06:56:34;86,9;78,4;77,2;77,3;48,7;221,0;12,98;2405,0;13,91;23,0;999,0;ON;77,15;
2026-07-25 12:30:08;06:56:43;86,9;78,4;77,2;77,3;48,5;221,0;12,98;2405,0;13,92;23,0;999,0;ON;77,15;
2026-07-25 12:30:17;06:56:52;86,9;78,4;77,2;77,3;48,4;221,0;12,98;2405,0;13,93;23,0;999,0;ON;77,15;
2026-07-25 12:30:26;06:57:01;86,9;78,4;77,2;77,3;48,2;221,0;12,98;2405,0;13,93;23,0;999,0;ON;77,15;
2026-07-25 12:30:35;06:57:10;86,9;78,4;77,2;77,3;48,1;221,0;12,98;2405,0;13,94;23,0;999,0;ON;77,15;
2026-07-25 12:30:44;06:57:19;86,9;78,4;77,2;77,3;47,9;221,0;12,98;2405,0;13,94;23,0;999,0;ON;77,15;
2026-07-25 12:30:53;06:57:28;86,9;78,4;77,2;77,3;47,9;221,0;12,98;2405,0;13,95;23,0;999,0;ON;77,15;
2026-07-25 12:31:02;06:57:37;86,9;78,4;77,2;77,3;47,8;221,0;12,98;2405,0;13,96;23,0;999,0;ON;77,15;
2026-07-25 12:31:11;06:57:46;86,9;78,4;77,2;77,3;47,7;221,0;12,98;2405,0;13,96;23,0;999,0;ON;77,15;
2026-07-25 12:31:20;06:57:55;86,9;78,4;77,2;77,3;47,6;221,0;12,98;2405,0;13,97;23,0;999,0;ON;77,15;
2026-07-25 12:31:29;06:58:04;86,9;78,4;77,2;77,3;47,6;221,0;12,98;2405,0;13,97;23,0;999,0;ON;77,15;
2026-07-25 12:31:38;06:58:13;86,9;78,4;77,2;77,3;47,6;221,0;12,98;2405,0;13,98;23,0;999,0;ON;77,15;
2026-07-25 12:31:48;06:58:23;86,9;78,4;77,2;77,3;47,6;221,0;12,98;2405,0;13,99;23,0;999,0;ON;77,15;
2026-07-25 12:31:57;06:58:32;86,9;78,4;77,2;77,3;47,5;221,0;12,98;2405,0;13,99;23,0;999,0;ON;77,15;
2026-07-25 12:32:06;06:58:41;86,9;78,4;77,2;77,3;47,4;221,0;12,98;2405,0;14,00;23,0;999,0;ON;77,15;
2026-07-25 12:32:15;06:58:50;86,9;78,4;77,2;77,3;47,4;221,0;12,98;2405,0;14,00;23,0;999,0;ON;77,15;
2026-07-25 12:32:24;06:58:59;86,9;78,4;77,2;77,3;47,4;221,0;12,98;2405,0;14,01;23,0;999,0;ON;77,15;
2026-07-25 12:32:33;06:59:08;86,9;78,4;77,2;77,3;47,4;221,0;12,98;2405,0;14,02;23,0;999,0;ON;77,15;
2026-07-25 12:32:42;06:59:17;86,9;78,4;77,2;77,3;47,4;221,0;12,98;2405,0;14,02;23,0;999,0;ON;77,15;
2026-07-25 12:32:51;06:59:26;87,0;78,4;77,2;77,3;47,4;221,0;12,98;2405,0;14,03;23,0;999,0;ON;77,15;
2026-07-25 12:33:00;06:59:35;87,0;78,4;77,2;77,3;47,4;221,0;12,98;2405,0;14,04;23,0;999,0;ON;77,15;
2026-07-25 12:33:09;06:59:44;87,0;78,4;77,2;77,3;47,4;221,0;12,98;2405,0;14,04;23,0;999,0;ON;77,15;
2026-07-25 12:33:18;06:59:53;87,0;78,4;77,2;77,3;47,4;221,0;12,98;2405,0;14,05;23,0;999,0;ON;77,15;
2026-07-25 12:33:27;07:00:02;87,0;78,4;77,2;77,3;47,4;221,0;12,98;2405,0;14,05;23,0;999,0;ON;77,15;
2026-07-25 12:33:36;07:00:11;87,0;78,4;77,2;77,3;47,4;221,0;12,98;2405,0;14,06;23,0;999,0;ON;77,15;
2026-07-25 12:33:45;07:00:20;87,0;78,4;77,2;77,3;47,4;221,0;12,98;2405,0;14,07;23,0;999,0;ON;77,15;
2026-07-25 12:33:54;07:00:29;87,0;78,5;77,2;77,3;47,4;221,0;12,98;2405,0;14,07;23,0;999,0;ON;77,15;
2026-07-25 12:34:03;07:00:38;87,0;78,4;77,2;77,3;47,4;221,0;12,98;2405,0;14,08;23,0;999,0;ON;77,15;
2026-07-25 12:34:12;07:00:47;87,0;78,4;77,2;77,3;47,4;221,0;12,98;2405,0;14,08;23,1;998,9;ON;77,15;
2026-07-25 12:34:21;07:00:56;87,0;78,5;77,2;77,3;47,6;221,0;12,98;2405,0;14,09;23,1;998,9;ON;77,15;
2026-07-25 12:34:31;07:01:06;87,0;78,4;77,2;77,3;47,6;221,0;12,98;2405,0;14,10;23,1;998,9;ON;77,15;
2026-07-25 12:34:40;07:01:15;87,0;78,4;77,2;77,3;47,6;221,0;12,98;2405,0;14,10;23,1;998,9;ON;77,15;
2026-07-25 12:34:49;07:01:24;87,0;78,4;77,2;77,3;47,6;221,0;12,98;2405,0;14,11;23,1;998,9;ON;77,15;
2026-07-25 12:34:58;07:01:33;87,0;78,4;77,2;77,3;47,6;221,0;12,98;2405,0;14,11;23,1;998,9;ON;77,15;
2026-07-25 12:35:07;07:01:42;87,0;78,4;77,2;77,3;47,6;221,0;12,98;2405,0;14,12;23,1;998,9;ON;77,15;
2026-07-25 12:35:16;07:01:51;87,0;78,4;77,2;77,3;47,7;221,0;12,98;2405,0;14,13;23,1;998,9;ON;77,15;
2026-07-25 12:35:25;07:02:00;87,1;78,4;77,2;77,3;47,7;221,0;12,98;2405,0;14,13;23,1;998,9;ON;77,15;
2026-07-25 12:35:34;07:02:09;87,0;78,4;77,2;77,3;47,7;221,0;12,98;2405,0;14,14;23,1;998,9;ON;77,15;
2026-07-25 12:35:43;07:02:18;87,0;78,4;77,2;77,3;47,7;221,0;12,98;2405,0;14,14;23,1;998,9;ON;77,15;
2026-07-25 12:35:52;07:02:27;87,1;78,4;77,2;77,3;47,6;221,0;12,98;2405,0;14,15;23,1;998,9;ON;77,15;
2026-07-25 12:36:01;07:02:36;87,1;78,4;77,2;77,3;47,7;221,0;12,98;2405,0;14,16;23,1;998,9;ON;77,15;
2026-07-25 12:36:10;07:02:45;87,1;78,4;77,2;77,3;47,8;221,0;12,98;2405,0;14,16;23,1;998,9;ON;77,15;
2026-07-25 12:36:19;07:02:54;87,1;78,4;77,2;77,3;47,8;221,0;12,98;2405,0;14,17;23,1;998,9;ON;77,15;
2026-07-25 12:36:28;07:03:03;87,1;78,4;77,2;77,3;47,9;221,0;12,98;2405,0;14,17;23,1;998,9;ON;77,15;
2026-07-25 12:36:38;07:03:13;87,1;78,5;77,2;77,3;47,8;221,0;12,98;2405,0;14,18;23,1;998,9;ON;77,15;
2026-07-25 12:36:47;07:03:22;87,1;78,4;77,2;77,3;47,8;221,0;12,98;2405,0;14,19;23,1;998,9;ON;77,15;
2026-07-25 12:36:56;07:03:31;87,1;78,5;77,2;77,3;47,8;221,0;12,98;2405,0;14,19;23,1;998,9;ON;77,15;
2026-07-25 12:37:05;07:03:40;87,1;78,5;77,2;77,3;47,8;221,0;12,98;2405,0;14,20;23,1;998,9;ON;77,15;
2026-07-25 12:37:14;07:03:49;87,1;78,5;77,2;77,3;47,9;221,0;12,98;2405,0;14,20;23,1;998,9;ON;77,15;
2026-07-25 12:37:23;07:03:58;87,1;78,4;77,2;77,3;47,9;221,0;12,98;2405,0;14,21;23,1;998,9;ON;77,15;
2026-07-25 12:37:32;07:04:07;87,1;78,5;77,2;77,3;47,9;221,0;12,98;2405,0;14,22;23,1;998,9;ON;77,15;
2026-07-25 12:37:41;07:04:16;87,1;78,4;77,2;77,3;48,0;221,0;12,98;2405,0;14,22;23,1;998,9;ON;77,15;
2026-07-25 12:37:50;07:04:25;87,1;78,5;77,2;77,3;48,0;221,0;12,98;2405,0;14,23;23,1;998,9;ON;77,15;
2026-07-25 12:37:59;07:04:34;87,1;78,5;77,2;77,3;48,0;221,0;12,98;2405,0;14,23;23,1;998,9;ON;77,15;
2026-07-25 12:38:08;07:04:43;87,1;78,5;77,2;77,3;48,1;221,0;12,98;2405,0;14,24;23,1;998,9;ON;77,15;
2026-07-25 12:38:17;07:04:52;87,1;78,4;77,2;77,3;48,1;221,0;12,98;2405,0;14,25;23,1;998,9;ON;77,15;
2026-07-25 12:38:26;07:05:01;87,1;78,5;77,2;77,3;48,0;221,0;12,98;2405,0;14,25;23,1;998,9;ON;77,15;
2026-07-25 12:38:35;07:05:10;87,1;78,5;77,2;77,3;48,1;221,0;12,98;2405,0;14,26;23,1;998,9;ON;77,15;
2026-07-25 12:38:44;07:05:19;87,1;78,5;77,2;77,3;48,1;221,0;12,98;2405,0;14,27;23,1;998,9;ON;77,15;
2026-07-25 12:38:53;07:05:28;87,1;78,5;77,2;77,3;48,2;221,0;12,98;2405,0;14,27;23,1;998,9;ON;77,15;
2026-07-25 12:39:02;07:05:37;87,1;78,5;77,2;77,3;48,2;221,0;12,98;2405,0;14,28;23,1;998,9;ON;77,15;
2026-07-25 12:39:11;07:05:46;87,1;78,5;77,2;77,3;48,2;221,0;12,98;2405,0;14,28;23,1;998,9;ON;77,15;
2026-07-25 12:39:20;07:05:55;87,1;78,5;77,2;77,3;48,2;221,0;12,98;2405,0;14,29;23,1;998,9;ON;77,15;
2026-07-25 12:39:30;07:06:05;87,1;78,5;77,2;77,3;48,2;221,0;12,98;2405,0;14,30;23,1;998,9;ON;77,15;
2026-07-25 12:39:39;07:06:14;87,1;78,5;77,2;77,3;48,2;221,0;12,98;2405,0;14,30;23,1;998,9;ON;77,15;
2026-07-25 12:39:48;07:06:23;87,1;78,5;77,2;77,3;48,2;221,0;12,98;2405,0;14,31;23,1;998,9;ON;77,15;
2026-07-25 12:39:57;07:06:32;87,1;78,5;77,2;77,3;48,2;221,0;12,98;2405,0;14,31;23,1;998,9;ON;77,15;
2026-07-25 12:40:06;07:06:41;87,1;78,4;77,2;77,3;48,2;221,0;12,98;2405,0;14,32;23,1;998,9;ON;77,15;
2026-07-25 12:40:15;07:06:50;87,1;78,4;77,2;77,3;48,2;221,0;12,98;2405,0;14,33;23,1;998,9;ON;77,15;
2026-07-25 12:40:24;07:06:59;87,1;78,5;77,2;77,3;48,4;221,0;12,98;2405,0;14,33;23,1;998,9;ON;77,15;
2026-07-25 12:40:33;07:07:08;87,1;78,4;77,2;77,3;48,3;221,0;12,98;2405,0;14,34;23,1;998,9;ON;77,15;
2026-07-25 12:40:42;07:07:17;87,1;78,4;77,2;77,3;48,3;221,0;12,98;2405,0;14,34;23,1;998,9;ON;77,15;
2026-07-25 12:40:51;07:07:26;87,1;78,4;77,2;77,3;48,4;221,0;12,98;2405,0;14,35;23,1;998,9;ON;77,15;
2026-07-25 12:41:00;07:07:35;87,1;78,4;77,2;77,3;48,4;221,0;12,98;2405,0;14,36;23,1;998,9;ON;77,15;
2026-07-25 12:41:09;07:07:44;87,1;78,4;77,2;77,3;48,5;221,0;12,98;2405,0;14,36;23,1;998,9;ON;77,15;
2026-07-25 12:41:18;07:07:53;87,2;78,4;77,2;77,3;48,6;221,0;12,98;2405,0;14,37;23,1;998,9;ON;77,15;
2026-07-25 12:41:27;07:08:02;87,2;78,4;77,2;77,3;48,6;221,0;12,98;2405,0;14,37;23,1;998,9;ON;77,15;
2026-07-25 12:41:36;07:08:11;87,2;78,4;77,2;77,3;48,7;221,0;12,98;2405,0;14,38;23,1;998,9;ON;77,15;
2026-07-25 12:41:45;07:08:20;87,2;78,4;77,2;77,3;48,8;221,0;12,98;2405,0;14,39;23,1;998,9;ON;77,15;
2026-07-25 12:41:54;07:08:29;87,2;78,4;77,2;77,3;48,8;221,0;12,98;2405,0;14,39;23,1;998,9;ON;77,15;
2026-07-25 12:42:03;07:08:38;87,2;78,4;77,2;77,3;48,9;221,0;12,98;2405,0;14,40;23,1;998,9;ON;77,15;
2026-07-25 12:42:12;07:08:47;87,2;78,4;77,2;77,3;49,0;221,0;12,98;2405,0;14,40;23,1;998,9;ON;77,15;
2026-07-25 12:42:21;07:08:56;87,2;78,4;77,2;77,3;49,1;221,0;12,98;2405,0;14,41;23,1;998,9;ON;77,15;
2026-07-25 12:42:30;07:09:05;87,2;78,4;77,2;77,3;49,1;221,0;12,98;2405,0;14,42;23,1;998,9;ON;77,15;
2026-07-25 12:42:39;07:09:14;87,2;78,4;77,2;77,3;49,2;221,0;12,98;2405,0;14,42;23,1;998,9;ON;77,15;
2026-07-25 12:42:48;07:09:23;87,2;78,5;77,2;77,3;49,2;221,0;12,98;2405,0;14,43;23,1;998,9;ON;77,15;
2026-07-25 12:42:58;07:09:33;87,2;78,5;77,2;77,3;49,2;221,0;12,98;2405,0;14,43;23,1;998,9;ON;77,15;
2026-07-25 12:43:07;07:09:42;87,2;78,4;77,2;77,3;49,4;221,0;12,98;2405,0;14,44;23,1;998,9;ON;77,15;
2026-07-25 12:43:16;07:09:51;87,2;78,4;77,2;77,3;49,5;221,0;12,98;2405,0;14,45;23,1;998,9;ON;77,15;
2026-07-25 12:43:25;07:10:00;87,2;78,5;77,2;77,3;49,6;221,0;12,98;2405,0;14,45;23,1;998,9;ON;77,15;
2026-07-25 12:43:34;07:10:09;87,2;78,5;77,2;77,3;49,8;221,0;12,98;2405,0;14,46;23,1;998,9;ON;77,15;
2026-07-25 12:43:43;07:10:18;87,2;78,5;77,2;77,3;49,8;221,0;12,98;2405,0;14,46;23,1;998,9;ON;77,15;
2026-07-25 12:43:52;07:10:27;87,2;78,5;77,2;77,3;49,9;221,0;12,98;2405,0;14,47;23,1;998,9;ON;77,15;
2026-07-25 12:44:01;07:10:36;87,2;78,5;77,2;77,3;50,0;221,0;12,98;2405,0;14,48;23,1;998,9;ON;77,15;
2026-07-25 12:44:10;07:10:45;87,2;78,5;77,2;77,3;50,1;221,0;12,98;2405,0;14,48;23,1;998,9;ON;77,15;
2026-07-25 12:44:19;07:10:54;87,2;78,5;77,2;77,3;50,2;221,0;12,98;2405,0;14,49;23,1;998,9;ON;77,15;
2026-07-25 12:44:28;07:11:03;87,2;78,5;77,2;77,3;50,4;221,0;12,98;2405,0;14,50;23,1;998,9;ON;77,15;
2026-07-25 12:44:37;07:11:12;87,2;78,5;77,2;77,3;50,5;221,0;12,98;2405,0;14,50;23,1;998,9;ON;77,15;
2026-07-25 12:44:46;07:11:21;87,2;78,5;77,2;77,3;50,6;221,0;12,98;2405,0;14,51;23,1;998,9;ON;77,15;
2026-07-25 12:44:55;07:11:30;87,2;78,5;77,2;77,3;50,7;221,0;12,98;2405,0;14,51;23,1;998,9;ON;77,15;
2026-07-25 12:45:05;07:11:40;87,2;78,5;77,2;77,3;50,8;221,0;12,98;2405,0;14,52;23,1;998,9;ON;77,15;
2026-07-25 12:45:14;07:11:49;87,2;78,5;77,2;77,3;50,9;221,0;12,98;2405,0;14,53;23,1;998,9;ON;77,15;
2026-07-25 12:45:23;07:11:58;87,2;78,6;77,2;77,3;51,1;221,0;12,98;2405,0;14,53;23,1;998,9;ON;77,15;
2026-07-25 12:45:32;07:12:07;87,2;78,5;77,2;77,3;51,1;221,0;12,98;2405,0;14,54;23,1;998,9;ON;77,15;
2026-07-25 12:45:41;07:12:16;87,2;78,6;77,2;77,3;51,2;221,0;12,98;2405,0;14,54;23,1;998,9;ON;77,15;
2026-07-25 12:45:50;07:12:25;87,3;78,6;77,2;77,3;51,3;221,0;12,98;2405,0;14,55;23,1;998,9;ON;77,15;
2026-07-25 12:45:59;07:12:34;87,2;78,6;77,2;77,3;51,4;221,0;12,98;2405,0;14,56;23,1;998,9;ON;77,15;
2026-07-25 12:46:08;07:12:43;87,2;78,6;77,2;77,3;51,6;221,0;12,98;2405,0;14,56;23,1;998,9;ON;77,15;
2026-07-25 12:46:17;07:12:52;87,2;78,6;77,2;77,3;51,8;221,0;12,98;2405,0;14,57;23,1;998,9;ON;77,15;
2026-07-25 12:46:26;07:13:01;87,2;78,6;77,2;77,3;51,9;221,0;12,98;2405,0;14,57;23,1;998,9;ON;77,15;
2026-07-25 12:46:35;07:13:10;87,2;78,6;77,2;77,3;52,0;221,0;12,98;2405,0;14,58;23,1;998,9;ON;77,15;
2026-07-25 12:46:44;07:13:19;87,3;78,6;77,2;77,3;52,1;221,0;12,98;2405,0;14,59;23,1;998,9;ON;77,15;
2026-07-25 12:46:53;07:13:28;87,3;78,6;77,2;77,3;52,2;221,0;12,98;2405,0;14,59;23,1;998,9;ON;77,15;
2026-07-25 12:47:02;07:13:37;87,3;78,6;77,2;77,3;52,4;221,0;12,98;2405,0;14,60;23,1;998,9;ON;77,15;
2026-07-25 12:47:11;07:13:46;87,3;78,6;77,2;77,3;52,5;221,0;12,98;2405,0;14,60;23,1;998,9;ON;77,15;
2026-07-25 12:47:21;07:13:56;87,3;78,6;77,2;77,3;52,6;221,0;12,98;2405,0;14,61;23,1;998,9;ON;77,15;
2026-07-25 12:47:30;07:14:05;87,3;78,6;77,2;77,3;52,8;221,0;12,98;2405,0;14,62;23,1;998,9;ON;77,15;
2026-07-25 12:47:39;07:14:14;87,3;78,6;77,2;77,3;52,9;221,0;12,98;2405,0;14,62;23,1;998,9;ON;77,15;
2026-07-25 12:47:48;07:14:23;87,3;78,6;77,2;77,3;52,6;221,0;12,98;2405,0;14,63;23,1;998,9;ON;77,15;
2026-07-25 12:47:57;07:14:32;87,3;78,6;77,2;77,3;52,0;221,0;12,98;2405,0;14,63;23,1;998,9;ON;77,15;
2026-07-25 12:48:06;07:14:41;87,3;78,6;77,2;77,3;51,4;221,0;12,98;2405,0;14,64;23,1;998,9;ON;77,15;
2026-07-25 12:48:15;07:14:50;87,3;78,6;77,2;77,3;50,9;221,0;12,98;2405,0;14,65;23,1;998,9;ON;77,15;
2026-07-25 12:48:24;07:14:59;87,3;78,6;77,2;77,3;50,4;221,0;12,98;2405,0;14,65;23,1;998,9;ON;77,15;
2026-07-25 12:48:33;07:15:08;87,3;78,6;77,2;77,3;50,1;221,0;12,98;2405,0;14,66;23,1;998,9;ON;77,15;
2026-07-25 12:48:42;07:15:17;87,3;78,6;77,2;77,3;49,8;221,0;12,98;2405,0;14,66;23,1;998,9;ON;77,15;
2026-07-25 12:48:51;07:15:26;87,3;78,6;77,2;77,3;49,5;221,0;12,98;2405,0;14,67;23,1;998,9;ON;77,15;
2026-07-25 12:49:00;07:15:35;87,3;78,6;77,2;77,3;49,2;221,0;12,98;2405,0;14,68;23,1;998,9;ON;77,15;
2026-07-25 12:49:09;07:15:44;87,4;78,6;77,2;77,3;49,2;221,0;12,98;2405,0;14,68;23,1;998,9;ON;77,15;
2026-07-25 12:49:18;07:15:53;87,3;78,6;77,2;77,3;49,0;221,0;12,98;2405,0;14,69;23,1;998,9;ON;77,15;
2026-07-25 12:49:27;07:16:02;87,3;78,6;77,2;77,3;48,9;221,0;12,98;2405,0;14,69;23,1;998,9;ON;77,15;
2026-07-25 12:49:36;07:16:11;87,4;78,6;77,2;77,3;48,8;221,0;12,98;2405,0;14,70;23,3;998,9;ON;77,15;
2026-07-25 12:49:45;07:16:20;87,4;78,6;77,2;77,3;48,6;221,0;12,98;2405,0;14,71;23,3;998,9;ON;77,15;
2026-07-25 12:49:54;07:16:29;87,4;78,6;77,2;77,3;48,5;221,0;12,98;2405,0;14,71;23,3;998,9;ON;77,15;
2026-07-25 12:50:03;07:16:38;87,4;78,6;77,2;77,3;48,4;221,0;12,98;2405,0;14,72;23,3;998,9;ON;77,15;
2026-07-25 12:50:13;07:16:48;87,4;78,6;77,2;77,3;48,4;221,0;12,98;2405,0;14,72;23,3;998,9;ON;77,15;
2026-07-25 12:50:22;07:16:57;87,4;78,6;77,2;77,3;48,2;221,0;12,98;2405,0;14,73;23,3;998,9;ON;77,15;
2026-07-25 12:50:31;07:17:06;87,4;78,6;77,2;77,3;48,2;221,0;12,98;2405,0;14,74;23,3;998,9;ON;77,15;
2026-07-25 12:50:40;07:17:15;87,4;78,6;77,2;77,3;48,2;221,0;12,98;2405,0;14,74;23,3;998,9;ON;77,15;
2026-07-25 12:50:49;07:17:24;87,4;78,6;77,2;77,3;48,2;221,0;12,98;2405,0;14,75;23,3;998,9;ON;77,15;
2026-07-25 12:50:58;07:17:33;87,4;78,6;77,2;77,3;48,1;221,0;12,98;2405,0;14,76;23,3;998,9;ON;77,15;
2026-07-25 12:51:07;07:17:42;87,4;78,6;77,2;77,3;48,1;221,0;12,98;2405,0;14,76;23,3;998,9;ON;77,15;
2026-07-25 12:51:16;07:17:51;87,4;78,6;77,2;77,3;48,0;221,0;12,98;2405,0;14,77;23,3;998,9;ON;77,15;
2026-07-25 12:51:25;07:18:00;87,4;78,6;77,2;77,3;48,1;221,0;12,98;2405,0;14,77;23,3;998,9;ON;77,15;
2026-07-25 12:51:34;07:18:09;87,4;78,6;77,2;77,3;48,0;221,0;12,98;2405,0;14,78;23,3;998,9;ON;77,15;
2026-07-25 12:51:43;07:18:18;87,4;78,6;77,2;77,3;48,0;221,0;12,98;2405,0;14,79;23,3;998,9;ON;77,15;
2026-07-25 12:51:52;07:18:27;87,4;78,6;77,2;77,3;48,0;221,0;12,98;2405,0;14,79;23,3;998,9;ON;77,15;
2026-07-25 12:52:01;07:18:36;87,4;78,6;77,2;77,3;48,1;221,0;12,98;2405,0;14,80;23,3;998,9;ON;77,15;
2026-07-25 12:52:10;07:18:45;87,4;78,6;77,2;77,3;48,1;221,0;12,98;2405,0;14,80;23,3;998,9;ON;77,15;
2026-07-25 12:52:19;07:18:54;87,4;78,6;77,2;77,3;48,2;221,0;12,98;2405,0;14,81;23,3;998,9;ON;77,15;
2026-07-25 12:52:28;07:19:03;87,4;78,6;77,2;77,3;48,2;221,0;12,98;2405,0;14,82;23,3;998,9;ON;77,15;
2026-07-25 12:52:37;07:19:12;87,4;78,6;77,2;77,3;48,1;221,0;12,98;2405,0;14,82;23,3;998,9;ON;77,15;
2026-07-25 12:52:46;07:19:21;87,4;78,6;77,2;77,3;48,2;221,0;12,98;2405,0;14,83;23,3;998,9;ON;77,15;
2026-07-25 12:52:55;07:19:30;87,4;78,6;77,2;77,3;48,2;221,0;12,98;2405,0;14,83;23,3;998,9;ON;77,15;
2026-07-25 12:53:04;07:19:39;87,4;78,6;77,2;77,3;48,2;221,0;12,98;2405,0;14,84;23,3;998,9;ON;77,15;
2026-07-25 12:53:13;07:19:48;87,4;78,6;77,2;77,3;48,2;221,0;12,98;2405,0;14,85;23,3;998,9;ON;77,15;
2026-07-25 12:53:22;07:19:57;87,4;78,6;77,2;77,3;48,2;221,0;12,98;2405,0;14,85;23,3;998,9;ON;77,15;
2026-07-25 12:53:32;07:20:07;87,5;78,6;77,2;77,3;48,3;221,5;12,99;2409,7;14,86;23,3;998,9;ON;77,15;
2026-07-25 12:53:41;07:20:16;87,5;78,6;77,2;77,3;48,3;221,5;12,99;2409,7;14,86;23,3;998,9;ON;77,15;
2026-07-25 12:53:50;07:20:25;87,5;78,6;77,2;77,3;48,4;221,5;12,99;2409,7;14,87;23,3;998,9;ON;77,15;
2026-07-25 12:53:59;07:20:34;87,4;78,6;77,2;77,3;48,4;221,5;12,99;2409,7;14,88;23,3;998,9;ON;77,15;
2026-07-25 12:54:08;07:20:43;87,5;78,6;77,2;77,3;48,4;221,5;12,99;2409,7;14,88;23,3;998,9;ON;77,15;
2026-07-25 12:54:17;07:20:52;87,5;78,6;77,2;77,3;48,4;221,5;12,99;2409,7;14,89;23,3;998,9;ON;77,15;
2026-07-25 12:54:26;07:21:01;87,5;78,6;77,2;77,3;48,4;221,5;12,99;2409,7;14,89;23,3;998,9;ON;77,15;
2026-07-25 12:54:35;07:21:10;87,5;78,6;77,2;77,3;48,4;221,5;12,99;2409,7;14,90;23,3;998,9;ON;77,15;
2026-07-25 12:54:44;07:21:19;87,5;78,6;77,2;77,3;48,4;221,5;12,99;2409,7;14,91;23,3;998,9;ON;77,15;
2026-07-25 12:54:53;07:21:28;87,5;78,6;77,2;77,3;48,4;221,5;12,99;2409,7;14,91;23,3;998,9;ON;77,15;
2026-07-25 12:55:02;07:21:37;87,5;78,6;77,2;77,3;48,4;221,5;12,99;2409,7;14,92;23,3;998,9;ON;77,15;
2026-07-25 12:55:11;07:21:46;87,5;78,6;77,2;77,3;48,4;221,5;12,99;2409,7;14,92;23,3;998,9;ON;77,15;
2026-07-25 12:55:20;07:21:55;87,5;78,7;77,2;77,3;48,5;221,5;12,99;2409,7;14,93;23,3;998,9;ON;77,15;
2026-07-25 12:55:29;07:22:04;87,5;78,7;77,2;77,3;48,6;221,5;12,99;2409,7;14,94;23,3;998,9;ON;77,15;
2026-07-25 12:55:39;07:22:14;87,5;78,7;77,2;77,3;48,6;221,5;12,99;2409,7;14,94;23,3;998,9;ON;77,15;
2026-07-25 12:55:48;07:22:23;87,5;78,7;77,2;77,3;48,6;221,5;12,99;2409,7;14,95;23,3;998,9;ON;77,15;
2026-07-25 12:55:57;07:22:32;87,6;78,7;77,2;77,3;48,6;221,5;12,99;2409,7;14,95;23,3;998,9;ON;77,15;
2026-07-25 12:56:06;07:22:41;87,5;78,8;77,2;77,3;48,6;221,5;12,99;2409,7;14,96;23,3;998,9;ON;77,15;
2026-07-25 12:56:15;07:22:50;87,5;78,8;77,2;77,3;48,6;221,5;12,99;2409,7;14,97;23,3;998,9;ON;77,15;
2026-07-25 12:56:24;07:22:59;87,6;78,8;77,2;77,3;48,6;221,5;12,99;2409,7;14,97;23,3;998,9;ON;77,15;
2026-07-25 12:56:33;07:23:08;87,6;78,8;77,2;77,3;48,7;221,5;12,99;2409,7;14,98;23,3;998,9;ON;77,15;
2026-07-25 12:56:42;07:23:17;87,6;78,8;77,2;77,3;48,6;221,5;12,99;2409,7;14,99;23,3;998,9;ON;77,15;
2026-07-25 12:56:51;07:23:26;87,6;78,8;77,2;77,3;48,6;221,5;12,99;2409,7;14,99;23,3;998,9;ON;77,15;
2026-07-25 12:57:00;07:23:35;87,6;78,8;77,2;77,3;48,6;221,5;12,99;2409,7;15,00;23,3;998,9;ON;77,15;
2026-07-25 12:57:09;07:23:44;87,6;78,8;77,2;77,3;48,6;221,5;12,99;2409,7;15,00;23,3;998,9;ON;77,15;
2026-07-25 12:57:18;07:23:53;87,6;78,8;77,2;77,3;48,6;221,5;12,99;2409,7;15,01;23,3;998,9;ON;77,15;
2026-07-25 12:57:27;07:24:02;87,6;78,8;77,2;77,3;48,6;221,5;12,99;2409,7;15,02;23,3;998,9;ON;77,15;
2026-07-25 12:57:36;07:24:11;87,6;78,8;77,2;77,3;48,6;221,5;12,99;2409,7;15,02;23,3;998,9;ON;77,15;
2026-07-25 12:57:46;07:24:21;87,6;78,7;77,2;77,3;48,7;221,5;12,99;2409,7;15,03;23,3;998,9;ON;77,15;
2026-07-25 12:57:55;07:24:30;87,6;78,6;77,2;77,3;48,6;221,5;12,99;2409,7;15,03;23,3;998,9;ON;77,15;
2026-07-25 12:58:04;07:24:39;87,6;78,5;77,2;77,3;48,6;221,5;12,99;2409,7;15,04;23,3;998,9;ON;77,15;
2026-07-25 12:58:13;07:24:48;87,6;78,4;77,2;77,3;48,6;221,5;12,99;2409,7;15,05;23,3;998,9;ON;77,15;
2026-07-25 12:58:22;07:24:57;87,6;78,3;77,2;77,3;48,6;221,5;12,99;2409,7;15,05;23,3;998,9;ON;77,15;
2026-07-25 12:58:31;07:25:06;87,6;78,2;77,2;77,3;48,6;221,5;12,99;2409,7;15,06;23,3;998,9;ON;77,15;
2026-07-25 12:58:40;07:25:15;87,6;78,1;77,2;77,3;48,5;221,5;12,99;2409,7;15,06;23,3;998,9;ON;77,15;
2026-07-25 12:58:49;07:25:24;87,6;78,1;77,2;77,3;48,4;221,5;12,99;2409,7;15,07;23,3;998,9;ON;77,15;
2026-07-25 12:58:58;07:25:33;87,6;78,1;77,2;77,3;48,4;221,5;12,99;2409,7;15,08;23,3;998,9;ON;77,15;
2026-07-25 12:59:07;07:25:42;87,6;78,1;77,2;77,3;48,4;221,5;12,99;2409,7;15,08;23,3;998,9;ON;77,15;
2026-07-25 12:59:16;07:25:51;87,6;78,1;77,2;77,3;48,4;221,5;12,99;2409,7;15,09;23,3;998,9;ON;77,15;
2026-07-25 12:59:25;07:26:00;87,6;78,1;77,2;77,3;48,4;221,5;12,99;2409,7;15,09;23,3;998,9;ON;77,15;
2026-07-25 12:59:34;07:26:09;87,6;78,1;77,2;77,3;48,4;221,5;12,99;2409,7;15,10;23,3;998,9;ON;77,15;
2026-07-25 12:59:43;07:26:18;87,6;78,1;77,2;77,3;48,4;221,5;12,99;2409,7;15,11;23,3;998,9;ON;77,15;
2026-07-25 12:59:52;07:26:27;87,6;78,1;77,2;77,3;48,4;221,5;12,99;2409,7;15,11;23,3;998,9;ON;77,15;
2026-07-25 13:00:01;07:26:36;87,6;78,1;77,2;77,3;48,5;221,5;12,99;2409,7;15,12;23,3;998,9;ON;77,15;
2026-07-25 13:00:10;07:26:45;87,6;78,1;77,2;77,3;48,5;221,5;12,99;2409,7;15,12;23,3;998,9;ON;77,15;
2026-07-25 13:00:19;07:26:54;87,6;78,1;77,2;77,3;48,4;221,5;12,99;2409,7;15,13;23,3;998,9;ON;77,15;
2026-07-25 13:00:28;07:27:03;87,6;78,1;77,2;77,3;48,4;221,5;12,99;2409,7;15,14;23,3;998,9;ON;77,15;
2026-07-25 13:00:37;07:27:12;87,6;78,1;77,2;77,3;48,4;221,5;12,99;2409,7;15,14;23,3;998,9;ON;77,15;
2026-07-25 13:00:46;07:27:21;87,6;78,2;77,2;77,3;48,5;221,5;12,99;2409,7;15,15;23,3;998,9;ON;77,15;
2026-07-25 13:00:55;07:27:30;87,6;78,2;77,2;77,3;48,5;221,5;12,99;2409,7;15,16;23,3;998,9;ON;77,15;
2026-07-25 13:01:05;07:27:40;87,6;78,2;77,2;77,3;48,5;221,5;12,99;2409,7;15,16;23,3;998,9;ON;77,15;
2026-07-25 13:01:14;07:27:49;87,6;78,2;77,2;77,3;48,4;221,5;12,99;2409,7;15,17;23,3;998,9;ON;77,15;
2026-07-25 13:01:23;07:27:58;87,6;78,2;77,2;77,3;48,4;221,5;12,99;2409,7;15,17;23,3;998,9;ON;77,15;
2026-07-25 13:01:32;07:28:07;87,6;78,2;77,2;77,3;48,6;221,5;12,99;2409,7;15,18;23,3;998,9;ON;77,15;
2026-07-25 13:01:41;07:28:16;87,6;78,2;77,2;77,3;48,6;221,5;12,99;2409,7;15,19;23,3;998,9;ON;77,15;
2026-07-25 13:01:50;07:28:25;87,6;78,2;77,2;77,3;48,8;221,5;12,99;2409,7;15,19;23,3;998,9;ON;77,15;
2026-07-25 13:01:59;07:28:34;87,6;78,2;77,2;77,3;48,8;221,5;12,99;2409,7;15,20;23,3;998,9;ON;77,15;
2026-07-25 13:02:08;07:28:43;87,6;78,1;77,2;77,3;48,9;221,5;12,99;2409,7;15,20;23,3;998,9;ON;77,15;
2026-07-25 13:02:17;07:28:52;87,6;78,1;77,2;77,3;48,9;221,5;12,99;2409,7;15,21;23,3;998,9;ON;77,15;
2026-07-25 13:02:26;07:29:01;87,7;78,1;77,2;77,3;49,0;221,5;12,99;2409,7;15,22;23,3;998,9;ON;77,15;
2026-07-25 13:02:35;07:29:10;87,7;78,1;77,2;77,3;49,0;221,5;12,99;2409,7;15,22;23,3;998,9;ON;77,15;
2026-07-25 13:02:44;07:29:19;87,7;78,1;77,3;77,3;49,1;221,5;12,99;2409,7;15,23;23,3;998,9;ON;77,15;
2026-07-25 13:02:53;07:29:28;87,7;78,1;77,3;77,3;49,1;221,5;12,99;2409,7;15,23;23,3;998,9;ON;77,15;
2026-07-25 13:03:02;07:29:37;87,7;78,1;77,2;77,3;49,2;221,5;12,99;2409,7;15,24;23,3;998,9;ON;77,15;
2026-07-25 13:03:11;07:29:46;87,7;78,1;77,2;77,3;49,2;221,5;12,99;2409,7;15,25;23,3;998,9;ON;77,15;
2026-07-25 13:03:20;07:29:55;87,7;78,1;77,2;77,3;49,3;221,5;12,99;2409,7;15,25;23,3;998,9;ON;77,15;
2026-07-25 13:03:29;07:30:04;87,7;78,1;77,3;77,3;49,4;221,5;12,99;2409,7;15,26;23,3;998,9;ON;77,15;
2026-07-25 13:03:38;07:30:13;87,7;78,1;77,2;77,3;49,5;221,5;12,99;2409,7;15,26;23,3;998,9;ON;77,15;
2026-07-25 13:03:47;07:30:22;87,7;78,1;77,2;77,3;49,6;221,5;12,99;2409,7;15,27;23,3;998,9;ON;77,15;
2026-07-25 13:03:56;07:30:31;87,8;78,1;77,2;77,3;49,7;221,5;12,99;2409,7;15,28;23,3;998,9;ON;77,15;
2026-07-25 13:04:06;07:30:41;87,8;78,1;77,2;77,3;49,8;221,5;12,99;2409,7;15,28;23,3;998,9;ON;77,15;
2026-07-25 13:04:15;07:30:50;87,8;78,1;77,2;77,3;49,9;221,5;12,99;2409,7;15,29;23,3;998,9;ON;77,15;
2026-07-25 13:04:24;07:30:59;87,8;78,1;77,2;77,3;50,0;221,5;12,99;2409,7;15,29;23,3;998,9;ON;77,15;
2026-07-25 13:04:33;07:31:08;87,8;78,2;77,3;77,3;50,2;221,5;12,99;2409,7;15,30;23,3;998,9;ON;77,15;
2026-07-25 13:04:42;07:31:17;87,8;78,2;77,2;77,3;50,2;221,5;12,99;2409,7;15,31;23,3;998,9;ON;77,15;
2026-07-25 13:04:51;07:31:26;87,8;78,2;77,2;77,3;50,4;221,5;12,99;2409,7;15,31;23,3;998,9;ON;77,15;
2026-07-25 13:05:01;07:31:36;87,8;78,2;77,2;77,3;50,4;221,5;12,99;2409,7;15,32;23,4;998,8;ON;77,15;
2026-07-25 13:05:10;07:31:45;87,8;78,2;77,2;77,3;50,6;221,5;12,99;2409,7;15,33;23,4;998,8;ON;77,15;
2026-07-25 13:05:19;07:31:54;87,8;78,2;77,2;77,3;50,6;221,5;12,99;2409,7;15,33;23,4;998,8;ON;77,15;
2026-07-25 13:05:28;07:32:03;87,8;78,2;77,3;77,3;50,8;221,5;12,99;2409,7;15,34;23,4;998,8;ON;77,15;
2026-07-25 13:05:37;07:32:12;87,8;78,2;77,2;77,3;50,8;221,5;12,99;2409,7;15,34;23,4;998,8;ON;77,15;
2026-07-25 13:05:46;07:32:21;87,8;78,2;77,3;77,3;51,0;221,5;12,99;2409,7;15,35;23,4;998,8;ON;77,15;
2026-07-25 13:05:55;07:32:30;87,8;78,2;77,2;77,3;51,2;221,5;12,99;2409,7;15,36;23,4;998,8;ON;77,15;
2026-07-25 13:06:04;07:32:39;87,8;78,2;77,2;77,3;51,3;221,5;12,99;2409,7;15,36;23,4;998,8;ON;77,15;
2026-07-25 13:06:13;07:32:48;87,8;78,2;77,2;77,3;51,4;221,5;12,99;2409,7;15,37;23,4;998,8;ON;77,15;
2026-07-25 13:06:22;07:32:57;87,8;78,2;77,2;77,3;51,6;221,5;12,99;2409,7;15,37;23,4;998,8;ON;77,15;
2026-07-25 13:06:31;07:33:06;87,8;78,2;77,2;77,3;51,7;221,5;12,99;2409,7;15,38;23,4;998,8;ON;77,15;
2026-07-25 13:06:40;07:33:15;87,8;78,2;77,3;77,3;51,6;221,5;12,99;2409,7;15,39;23,4;998,8;ON;77,15;
2026-07-25 13:06:49;07:33:24;87,8;78,2;77,3;77,3;51,1;221,5;12,99;2409,7;15,39;23,4;998,8;ON;77,15;
2026-07-25 13:06:58;07:33:33;87,8;78,2;77,3;77,3;50,6;221,5;12,99;2409,7;15,40;23,4;998,8;ON;77,15;
2026-07-25 13:07:07;07:33:42;87,8;78,2;77,2;77,3;50,1;221,5;12,99;2409,7;15,40;23,4;998,8;ON;77,15;
2026-07-25 13:07:16;07:33:51;87,8;78,2;77,2;77,3;49,6;221,5;12,99;2409,7;15,41;23,4;998,8;ON;77,15;
2026-07-25 13:07:25;07:34:00;87,8;78,2;77,2;77,3;49,2;221,5;12,99;2409,7;15,42;23,4;998,8;ON;77,15;
2026-07-25 13:07:34;07:34:09;87,8;78,2;77,3;77,3;48,8;221,5;12,99;2409,7;15,42;23,4;998,8;ON;77,15;
2026-07-25 13:07:43;07:34:18;87,8;78,2;77,2;77,3;48,5;221,5;12,99;2409,7;15,43;23,4;998,8;ON;77,15;
2026-07-25 13:07:52;07:34:27;87,8;78,2;77,3;77,3;48,3;221,5;12,99;2409,7;15,43;23,4;998,8;ON;77,15;
2026-07-25 13:08:01;07:34:36;87,8;78,2;77,2;77,3;48,1;221,5;12,99;2409,7;15,44;23,4;998,8;ON;77,15;
2026-07-25 13:08:10;07:34:45;87,8;78,2;77,2;77,3;47,9;221,5;12,99;2409,7;15,45;23,4;998,8;ON;77,15;
2026-07-25 13:08:20;07:34:55;87,8;78,2;77,3;77,3;47,8;221,5;12,99;2409,7;15,45;23,4;998,8;ON;77,15;
2026-07-25 13:08:29;07:35:04;87,9;78,2;77,3;77,3;47,7;221,5;12,99;2409,7;15,46;23,4;998,8;ON;77,15;
2026-07-25 13:08:38;07:35:13;87,9;78,2;77,2;77,3;47,6;221,5;12,99;2409,7;15,46;23,4;998,8;ON;77,15;
2026-07-25 13:08:47;07:35:22;87,8;78,2;77,2;77,3;47,4;221,5;12,99;2409,7;15,47;23,4;998,8;ON;77,15;
2026-07-25 13:08:56;07:35:31;87,9;78,2;77,2;77,3;47,2;221,5;12,99;2409,7;15,48;23,4;998,8;ON;77,15;
2026-07-25 13:09:05;07:35:40;87,9;78,2;77,2;77,3;47,2;221,5;12,99;2409,7;15,48;23,4;998,8;ON;77,15;
2026-07-25 13:09:14;07:35:49;87,9;78,2;77,2;77,3;47,2;221,5;12,99;2409,7;15,49;23,4;998,8;ON;77,15;
2026-07-25 13:09:23;07:35:58;87,9;78,2;77,2;77,3;47,1;221,5;12,99;2409,7;15,49;23,4;998,8;ON;77,15;
2026-07-25 13:09:32;07:36:07;87,9;78,2;77,2;77,3;46,9;221,5;12,99;2409,7;15,50;23,4;998,8;ON;77,15;
2026-07-25 13:09:41;07:36:16;87,9;78,2;77,2;77,3;46,9;221,5;12,99;2409,7;15,51;23,4;998,8;ON;77,15;
2026-07-25 13:09:50;07:36:25;87,9;78,2;77,2;77,3;46,9;221,5;12,99;2409,7;15,51;23,4;998,8;ON;77,15;
2026-07-25 13:09:59;07:36:34;87,9;78,2;77,2;77,3;46,9;221,5;12,99;2409,7;15,52;23,4;998,8;ON;77,15;
2026-07-25 13:10:08;07:36:43;87,9;78,2;77,2;77,3;46,9;221,5;12,99;2409,7;15,52;23,4;998,8;ON;77,15;
2026-07-25 13:10:17;07:36:52;87,9;78,2;77,2;77,3;46,9;221,5;12,99;2409,7;15,53;23,4;998,8;ON;77,15;
2026-07-25 13:10:26;07:37:01;87,9;78,2;77,2;77,3;46,9;221,5;12,99;2409,7;15,54;23,4;998,8;ON;77,15;
2026-07-25 13:10:36;07:37:11;87,9;78,2;77,2;77,3;46,8;221,5;12,99;2409,7;15,54;23,4;998,8;ON;77,15;
2026-07-25 13:10:45;07:37:20;87,9;78,2;77,2;77,3;46,8;221,5;12,99;2409,7;15,55;23,4;998,8;ON;77,15;
2026-07-25 13:10:54;07:37:29;87,9;78,2;77,2;77,3;46,7;221,5;12,99;2409,7;15,56;23,4;998,8;ON;77,15;
2026-07-25 13:11:03;07:37:38;87,9;78,2;77,2;77,3;46,7;221,5;12,99;2409,7;15,56;23,4;998,8;ON;77,15;
2026-07-25 13:11:12;07:37:47;87,9;78,2;77,2;77,3;46,8;221,5;12,99;2409,7;15,57;23,4;998,8;ON;77,15;
2026-07-25 13:11:21;07:37:56;87,9;78,2;77,2;77,3;46,8;221,5;12,99;2409,7;15,57;23,4;998,8;ON;77,15;
2026-07-25 13:11:30;07:38:05;87,9;78,2;77,2;77,3;46,8;221,5;12,99;2409,7;15,58;23,4;998,8;ON;77,15;
2026-07-25 13:11:39;07:38:14;87,9;78,2;77,3;77,3;46,8;221,5;12,99;2409,7;15,59;23,4;998,8;ON;77,15;
2026-07-25 13:11:48;07:38:23;87,9;78,2;77,2;77,3;46,8;221,5;12,99;2409,7;15,59;23,4;998,8;ON;77,15;
2026-07-25 13:11:57;07:38:32;87,9;78,2;77,3;77,3;46,8;221,5;12,99;2409,7;15,60;23,4;998,8;ON;77,15;
2026-07-25 13:12:06;07:38:41;87,9;78,2;77,3;77,3;46,9;221,5;12,99;2409,7;15,60;23,4;998,8;ON;77,15;
2026-07-25 13:12:15;07:38:50;88,0;78,2;77,3;77,3;46,9;221,5;12,99;2409,7;15,61;23,4;998,8;ON;77,15;
2026-07-25 13:12:24;07:38:59;88,0;78,2;77,2;77,3;46,9;221,5;12,99;2409,7;15,62;23,4;998,8;ON;77,15;
2026-07-25 13:12:33;07:39:08;88,0;78,2;77,2;77,3;47,0;221,5;12,99;2409,7;15,62;23,4;998,8;ON;77,15;
2026-07-25 13:12:42;07:39:17;88,0;78,2;77,2;77,3;47,0;221,5;12,99;2409,7;15,63;23,4;998,8;ON;77,15;
2026-07-25 13:12:51;07:39:26;88,0;78,2;77,3;77,3;47,1;221,5;12,99;2409,7;15,63;23,4;998,8;ON;77,15;
2026-07-25 13:13:00;07:39:35;88,0;78,2;77,2;77,3;47,2;221,5;12,99;2409,7;15,64;23,4;998,8;ON;77,15;
2026-07-25 13:13:09;07:39:44;88,0;78,2;77,3;77,3;47,2;221,5;12,99;2409,7;15,65;23,4;998,8;ON;77,15;
2026-07-25 13:13:18;07:39:53;88,0;78,2;77,2;77,3;47,3;221,5;12,99;2409,7;15,65;23,4;998,8;ON;77,15;
2026-07-25 13:13:27;07:40:02;88,0;78,2;77,3;77,3;47,4;221,5;12,99;2409,7;15,66;23,4;998,8;ON;77,15;
2026-07-25 13:13:36;07:40:11;88,0;78,2;77,2;77,3;47,4;221,5;12,99;2409,7;15,66;23,4;998,8;ON;77,15;
2026-07-25 13:13:45;07:40:20;88,0;78,2;77,3;77,3;47,6;221,5;12,99;2409,7;15,67;23,4;998,8;ON;77,15;
2026-07-25 13:13:54;07:40:29;88,0;78,2;77,3;77,3;47,7;221,5;12,99;2409,7;15,68;23,4;998,8;ON;77,15;
2026-07-25 13:14:04;07:40:39;88,1;78,2;77,3;77,3;47,7;221,5;12,99;2409,7;15,68;23,4;998,8;ON;77,15;
2026-07-25 13:14:13;07:40:48;88,1;78,2;77,3;77,3;47,8;221,5;12,99;2409,7;15,69;23,4;998,8;ON;77,15;
2026-07-25 13:14:22;07:40:57;88,1;78,2;77,2;77,3;47,8;221,5;12,99;2409,7;15,69;23,4;998,8;ON;77,15;
2026-07-25 13:14:31;07:41:06;88,1;78,2;77,3;77,3;47,9;221,5;12,99;2409,7;15,70;23,4;998,8;ON;77,15;
2026-07-25 13:14:41;07:41:16;88,1;78,2;77,2;77,3;48,0;221,5;12,99;2409,7;15,71;23,4;998,8;ON;77,15;
2026-07-25 13:14:50;07:41:25;88,1;78,2;77,3;77,3;48,0;221,5;12,99;2409,7;15,71;23,4;998,8;ON;77,15;
2026-07-25 13:14:59;07:41:34;88,1;78,2;77,3;77,3;48,1;221,5;12,99;2409,7;15,72;23,4;998,8;ON;77,15;
2026-07-25 13:15:08;07:41:43;88,1;78,2;77,3;77,3;48,1;221,5;12,99;2409,7;15,73;23,4;998,8;ON;77,15;
2026-07-25 13:15:17;07:41:52;88,1;78,2;77,3;77,3;48,2;221,5;12,99;2409,7;15,73;23,5;998,8;ON;77,15;
2026-07-25 13:15:26;07:42:01;88,1;78,3;77,2;77,3;48,2;221,5;12,99;2409,7;15,74;23,5;998,8;ON;77,15;
2026-07-25 13:15:35;07:42:10;88,1;78,2;77,3;77,3;48,3;221,5;12,99;2409,7;15,74;23,5;998,8;ON;77,15;
2026-07-25 13:15:44;07:42:19;88,1;78,3;77,3;77,3;48,3;221,5;12,99;2409,7;15,75;23,5;998,8;ON;77,15;
2026-07-25 13:15:53;07:42:28;88,1;78,3;77,3;77,3;48,3;221,5;12,99;2409,7;15,76;23,5;998,8;ON;77,15;
2026-07-25 13:16:02;07:42:37;88,1;78,2;77,2;77,3;48,3;221,5;12,99;2409,7;15,76;23,5;998,8;ON;77,15;
2026-07-25 13:16:11;07:42:46;88,1;78,2;77,3;77,3;48,4;221,5;12,99;2409,7;15,77;23,5;998,8;ON;77,15;
2026-07-25 13:16:20;07:42:55;88,1;78,2;77,3;77,3;48,4;221,5;12,99;2409,7;15,77;23,5;998,8;ON;77,15;
2026-07-25 13:16:29;07:43:04;88,1;78,2;77,2;77,3;48,4;221,5;12,99;2409,7;15,78;23,5;998,8;ON;77,15;
2026-07-25 13:16:38;07:43:13;88,1;78,2;77,2;77,3;48,5;221,5;12,99;2409,7;15,79;23,5;998,8;ON;77,15;
2026-07-25 13:16:48;07:43:23;88,1;78,2;77,2;77,3;48,5;221,5;12,99;2409,7;15,79;23,5;998,8;ON;77,15;
2026-07-25 13:16:57;07:43:32;88,1;78,2;77,3;77,3;48,5;221,5;12,99;2409,7;15,80;23,5;998,8;ON;77,15;
2026-07-25 13:17:06;07:43:41;88,1;78,2;77,3;77,3;48,6;221,5;12,99;2409,7;15,80;23,5;998,8;ON;77,15;
2026-07-25 13:17:15;07:43:50;88,1;78,2;77,2;77,3;48,6;221,5;12,99;2409,7;15,81;23,5;998,8;ON;77,15;
2026-07-25 13:17:24;07:43:59;88,1;78,2;77,2;77,3;48,6;221,5;12,99;2409,7;15,82;23,5;998,8;ON;77,15;
2026-07-25 13:17:33;07:44:08;88,1;78,2;77,2;77,3;48,6;221,5;12,99;2409,7;15,82;23,5;998,8;ON;77,15;
2026-07-25 13:17:42;07:44:17;88,1;78,2;77,3;77,3;48,7;221,5;12,99;2409,7;15,83;23,5;998,8;ON;77,15;
2026-07-25 13:17:51;07:44:26;88,1;78,2;77,3;77,3;48,7;221,5;12,99;2409,7;15,83;23,5;998,8;ON;77,15;
2026-07-25 13:18:00;07:44:35;88,1;78,2;77,2;77,3;48,8;221,5;12,99;2409,7;15,84;23,5;998,8;ON;77,15;
2026-07-25 13:18:09;07:44:44;88,2;78,2;77,2;77,3;48,9;221,5;12,99;2409,7;15,85;23,5;998,8;ON;77,15;
2026-07-25 13:18:18;07:44:53;88,2;78,2;77,3;77,3;48,9;221,5;12,99;2409,7;15,85;23,5;998,8;ON;77,15;
2026-07-25 13:18:27;07:45:02;88,2;78,2;77,3;77,3;48,9;221,5;12,99;2409,7;15,86;23,5;998,8;ON;77,15;
2026-07-25 13:18:36;07:45:11;88,2;78,2;77,3;77,3;49,0;221,5;12,99;2409,7;15,87;23,5;998,8;ON;77,15;
2026-07-25 13:18:45;07:45:20;88,2;78,2;77,2;77,3;49,1;221,5;12,99;2409,7;15,87;23,5;998,8;ON;77,15;
2026-07-25 13:18:56;07:45:31;88,2;78,2;77,3;77,3;49,1;221,5;12,99;2409,7;15,88;23,5;998,8;ON;77,15;
2026-07-25 13:19:05;07:45:40;88,2;78,2;77,2;77,3;49,2;221,5;12,99;2409,7;15,88;23,5;998,8;ON;77,15;
2026-07-25 13:19:14;07:45:49;88,2;78,2;77,2;77,3;49,2;221,5;12,99;2409,7;15,89;23,5;998,8;ON;77,15;
2026-07-25 13:19:23;07:45:58;88,2;78,2;77,2;77,3;49,2;221,5;12,99;2409,7;15,90;23,5;998,8;ON;77,15;
2026-07-25 13:19:32;07:46:07;88,2;78,2;77,2;77,3;49,2;221,5;12,99;2409,7;15,90;23,5;998,8;ON;77,15;
2026-07-25 13:19:41;07:46:16;88,2;78,2;77,2;77,3;49,3;221,5;12,99;2409,7;15,91;23,5;998,8;ON;77,15;
2026-07-25 13:19:50;07:46:25;88,2;78,2;77,3;77,3;49,4;221,5;12,99;2409,7;15,91;23,5;998,8;ON;77,15;
2026-07-25 13:19:59;07:46:34;88,2;78,2;77,2;77,3;49,4;221,5;12,99;2409,7;15,92;23,5;998,8;ON;77,15;
2026-07-25 13:20:08;07:46:43;88,2;78,2;77,2;77,3;49,4;221,5;12,99;2409,7;15,93;23,5;998,8;ON;77,15;
2026-07-25 13:20:17;07:46:52;88,2;78,2;77,3;77,3;49,4;221,5;12,99;2409,7;15,93;23,5;998,8;ON;77,15;
2026-07-25 13:20:27;07:47:02;88,2;78,2;77,2;77,3;49,5;221,5;12,99;2409,7;15,94;23,5;998,8;ON;77,15;
2026-07-25 13:20:36;07:47:11;88,2;78,2;77,3;77,3;49,6;221,5;12,99;2409,7;15,94;23,5;998,8;ON;77,15;
2026-07-25 13:20:45;07:47:20;88,2;78,2;77,3;77,3;49,7;221,5;12,99;2409,7;15,95;23,5;998,8;ON;77,15;
2026-07-25 13:20:54;07:47:29;88,2;78,2;77,3;77,3;49,8;221,5;12,99;2409,7;15,96;23,5;998,8;ON;77,15;
2026-07-25 13:21:03;07:47:38;88,2;78,2;77,2;77,3;49,8;221,5;12,99;2409,7;15,96;23,5;998,8;ON;77,15;
2026-07-25 13:21:12;07:47:47;88,2;78,2;77,2;77,3;49,9;221,5;12,99;2409,7;15,97;23,5;998,8;ON;77,15;
2026-07-25 13:21:21;07:47:56;88,2;78,2;77,3;77,3;50,0;221,5;12,99;2409,7;15,98;23,5;998,8;ON;77,15;
2026-07-25 13:21:30;07:48:05;88,2;78,2;77,3;77,3;50,0;221,5;12,99;2409,7;15,98;23,5;998,8;ON;77,15;
2026-07-25 13:21:39;07:48:14;88,2;78,2;77,2;77,3;50,1;221,5;12,99;2409,7;15,99;23,5;998,8;ON;77,15;
2026-07-25 13:21:48;07:48:23;88,2;78,2;77,2;77,3;50,2;221,5;12,99;2409,7;15,99;23,5;998,8;ON;77,15;
2026-07-25 13:21:57;07:48:32;88,2;78,2;77,2;77,3;50,2;221,5;12,99;2409,7;16,00;23,5;998,8;ON;77,15;
2026-07-25 13:22:06;07:48:41;88,2;78,2;77,3;77,3;50,3;221,5;12,99;2409,7;16,01;23,5;998,8;ON;77,15;
2026-07-25 13:22:15;07:48:50;88,3;78,2;77,2;77,3;50,4;221,5;12,99;2409,7;16,01;23,5;998,8;ON;77,15;
2026-07-25 13:22:25;07:49:00;88,3;78,2;77,2;77,3;50,6;221,5;12,99;2409,7;16,02;23,5;998,8;ON;77,15;
2026-07-25 13:22:34;07:49:09;88,3;78,2;77,2;77,3;50,7;221,5;12,99;2409,7;16,02;23,5;998,8;ON;77,15;
2026-07-25 13:22:43;07:49:18;88,3;78,2;77,2;77,3;50,8;221,5;12,99;2409,7;16,03;23,5;998,8;ON;77,15;
2026-07-25 13:22:52;07:49:27;88,3;78,2;77,3;77,3;50,9;221,5;12,99;2409,7;16,04;23,5;998,8;ON;77,15;
2026-07-25 13:23:01;07:49:36;88,3;78,2;77,2;77,3;50,9;221,5;12,99;2409,7;16,04;23,5;998,8;ON;77,15;
2026-07-25 13:23:10;07:49:45;88,3;78,2;77,2;77,3;51,1;221,5;12,99;2409,7;16,05;23,5;998,8;ON;77,15;
2026-07-25 13:23:19;07:49:54;88,3;78,2;77,3;77,3;51,2;221,5;12,99;2409,7;16,05;23,5;998,8;ON;77,15;
2026-07-25 13:23:29;07:50:04;88,3;78,1;77,3;77,3;51,2;221,5;12,99;2409,7;16,06;23,5;998,8;ON;77,15;
2026-07-25 13:23:37;07:50:12;88,3;78,2;77,2;77,3;51,3;221,5;12,99;2409,7;16,07;23,5;998,8;ON;77,15;
2026-07-25 13:23:46;07:50:21;88,3;78,1;77,3;77,3;51,4;221,5;12,99;2409,7;16,07;23,5;998,8;ON;77,15;
2026-07-25 13:23:55;07:50:30;88,3;78,1;77,3;77,3;51,6;221,5;12,99;2409,7;16,08;23,5;998,8;ON;77,15;
2026-07-25 13:24:04;07:50:39;88,3;78,1;77,3;77,3;51,7;221,5;12,99;2409,7;16,08;23,5;998,8;ON;77,15;
2026-07-25 13:24:13;07:50:48;88,3;78,1;77,2;77,3;51,8;221,5;12,99;2409,7;16,09;23,5;998,8;ON;77,15;
2026-07-25 13:24:23;07:50:58;88,3;78,1;77,2;77,3;51,8;221,5;12,99;2409,7;16,10;23,5;998,8;ON;77,15;
2026-07-25 13:24:32;07:51:07;88,4;78,1;77,2;77,3;51,9;221,5;12,99;2409,7;16,10;23,5;998,8;ON;77,15;
2026-07-25 13:24:41;07:51:16;88,4;78,2;77,2;77,3;52,1;221,5;12,99;2409,7;16,11;23,5;998,8;ON;77,15;
2026-07-25 13:24:50;07:51:25;88,3;78,2;77,3;77,3;52,2;221,5;12,99;2409,7;16,11;23,5;998,8;ON;77,15;
2026-07-25 13:24:59;07:51:34;88,4;78,2;77,2;77,3;52,3;221,5;12,99;2409,7;16,12;23,5;998,8;ON;77,15;
2026-07-25 13:25:08;07:51:43;88,4;78,1;77,3;77,3;52,4;221,5;12,99;2409,7;16,13;23,5;998,8;ON;77,15;
2026-07-25 13:25:17;07:51:52;88,4;78,1;77,2;77,3;52,7;221,5;12,99;2409,7;16,13;23,5;998,8;ON;77,15;
2026-07-25 13:25:26;07:52:01;88,4;78,2;77,3;77,3;52,9;221,5;12,99;2409,7;16,14;23,5;998,8;ON;77,15;
2026-07-25 13:25:35;07:52:10;88,4;78,1;77,2;77,3;52,9;221,5;12,99;2409,7;16,15;23,5;998,8;ON;77,15;
2026-07-25 13:25:44;07:52:19;88,4;78,1;77,3;77,3;52,5;221,5;12,99;2409,7;16,15;23,5;998,8;ON;77,15;
2026-07-25 13:25:53;07:52:28;88,4;78,2;77,3;77,3;52,1;221,5;12,99;2409,7;16,16;23,5;998,8;ON;77,15;
2026-07-25 13:26:02;07:52:37;88,4;78,2;77,3;77,3;51,5;221,5;12,99;2409,7;16,16;23,5;998,8;ON;77,15;
2026-07-25 13:26:11;07:52:46;88,4;78,2;77,3;77,3;51,0;221,5;12,99;2409,7;16,17;23,5;998,8;ON;77,15;
2026-07-25 13:26:21;07:52:56;88,4;78,2;77,2;77,3;50,5;221,5;12,99;2409,7;16,18;23,5;998,8;ON;77,15;
2026-07-25 13:26:29;07:53:04;88,4;78,2;77,2;77,3;50,2;221,5;12,99;2409,7;16,18;23,5;998,8;ON;77,15;
2026-07-25 13:26:38;07:53:13;88,4;78,2;77,2;77,3;49,9;221,5;12,99;2409,7;16,19;23,5;998,8;ON;77,15;
2026-07-25 13:26:47;07:53:22;88,4;78,2;77,3;77,3;49,8;221,5;12,99;2409,7;16,19;23,5;998,8;ON;77,15;
2026-07-25 13:26:56;07:53:31;88,4;78,2;77,2;77,3;49,6;221,5;12,99;2409,7;16,20;23,5;998,8;ON;77,15;
2026-07-25 13:27:05;07:53:40;88,4;78,2;77,3;77,3;49,4;221,5;12,99;2409,7;16,21;23,5;998,8;ON;77,15;
2026-07-25 13:27:15;07:53:50;88,4;78,2;77,2;77,3;49,3;221,5;12,99;2409,7;16,21;23,5;998,8;ON;77,15;
2026-07-25 13:27:24;07:53:59;88,4;78,2;77,2;77,3;49,2;221,5;12,99;2409,7;16,22;23,5;998,8;ON;77,15;
2026-07-25 13:27:33;07:54:08;88,4;78,2;77,2;77,3;49,1;221,5;12,99;2409,7;16,22;23,5;998,8;ON;77,15;
2026-07-25 13:27:42;07:54:17;88,4;78,2;77,3;77,3;48,9;221,5;12,99;2409,7;16,23;23,5;998,8;ON;77,15;
2026-07-25 13:27:51;07:54:26;88,4;78,2;77,3;77,3;48,8;221,5;12,99;2409,7;16,24;23,5;998,8;ON;77,15;
2026-07-25 13:28:00;07:54:35;88,4;78,2;77,2;77,3;48,8;221,5;12,99;2409,7;16,24;23,5;998,8;ON;77,15;
2026-07-25 13:28:09;07:54:44;88,4;78,2;77,2;77,3;48,6;221,5;12,99;2409,7;16,25;23,5;998,8;ON;77,15;
2026-07-25 13:28:18;07:54:53;88,4;78,2;77,3;77,3;48,5;221,5;12,99;2409,7;16,25;23,5;998,8;ON;77,15;
2026-07-25 13:28:27;07:55:02;88,5;78,2;77,2;77,3;48,4;221,5;12,99;2409,7;16,26;23,5;998,8;ON;77,15;
2026-07-25 13:28:36;07:55:11;88,5;78,2;77,2;77,3;48,4;221,5;12,99;2409,7;16,27;23,5;998,8;ON;77,15;
2026-07-25 13:28:45;07:55:20;88,5;78,2;77,3;77,3;48,3;221,5;12,99;2409,7;16,27;23,5;998,8;ON;77,15;
2026-07-25 13:28:54;07:55:29;88,5;78,1;77,2;77,3;48,2;221,5;12,99;2409,7;16,28;23,5;998,8;ON;77,15;
2026-07-25 13:29:03;07:55:38;88,5;78,1;77,2;77,3;48,2;221,5;12,99;2409,7;16,28;23,5;998,8;ON;77,15;
2026-07-25 13:29:12;07:55:47;88,5;78,1;77,2;77,3;48,2;221,5;12,99;2409,7;16,29;23,5;998,8;ON;77,15;
2026-07-25 13:29:21;07:55:56;88,5;78,1;77,2;77,3;48,2;221,5;12,99;2409,7;16,30;23,5;998,8;ON;77,15;
2026-07-25 13:29:33;07:56:08;88,5;78,2;77,2;77,3;48,2;221,5;12,99;2409,7;16,30;23,5;998,8;ON;77,15;
2026-07-25 13:29:42;07:56:17;88,6;78,2;77,2;77,3;48,2;221,5;12,99;2409,7;16,31;23,5;998,8;ON;77,15;
2026-07-25 13:29:51;07:56:26;88,6;78,2;77,3;77,3;48,1;221,5;12,99;2409,7;16,32;23,5;998,8;ON;77,15;
2026-07-25 13:30:00;07:56:35;88,6;78,2;77,2;77,3;48,1;221,5;12,99;2409,7;16,32;23,5;998,8;ON;77,15;
2026-07-25 13:30:09;07:56:44;88,6;78,2;77,2;77,3;48,1;221,5;12,99;2409,7;16,33;23,5;998,8;ON;77,15;
2026-07-25 13:30:18;07:56:53;88,6;78,2;77,2;77,3;48,1;221,5;12,99;2409,7;16,33;23,5;998,8;ON;77,15;
2026-07-25 13:30:27;07:57:02;88,6;78,2;77,2;77,3;48,2;221,5;12,99;2409,7;16,34;23,6;998,7;ON;77,15;
2026-07-25 13:30:36;07:57:11;88,6;78,2;77,3;77,3;48,1;221,5;12,99;2409,7;16,35;23,6;998,7;ON;77,15;
2026-07-25 13:30:45;07:57:20;88,6;78,1;77,3;77,3;48,1;221,5;12,99;2409,7;16,35;23,6;998,7;ON;77,15;
2026-07-25 13:30:54;07:57:29;88,6;78,2;77,3;77,3;48,2;221,5;12,99;2409,7;16,36;23,6;998,7;ON;77,15;
2026-07-25 13:31:03;07:57:38;88,6;78,2;77,2;77,3;48,2;221,5;12,99;2409,7;16,36;23,6;998,7;ON;77,15;
2026-07-25 13:31:12;07:57:47;88,6;78,2;77,2;77,3;48,1;221,5;12,99;2409,7;16,37;23,6;998,7;ON;77,15;
2026-07-25 13:31:21;07:57:56;88,6;78,2;77,3;77,3;48,1;221,5;12,99;2409,7;16,38;23,6;998,7;ON;77,15;
2026-07-25 13:31:30;07:58:05;88,6;78,1;77,2;77,3;48,1;221,5;12,99;2409,7;16,38;23,6;998,7;ON;77,15;
2026-07-25 13:31:40;07:58:15;88,6;78,1;77,2;77,3;48,2;221,5;12,99;2409,7;16,39;23,6;998,7;ON;77,15;
2026-07-25 13:31:49;07:58:24;88,6;78,1;77,2;77,3;48,2;221,5;12,99;2409,7;16,40;23,6;998,7;ON;77,15;
2026-07-25 13:31:58;07:58:33;88,6;78,1;77,2;77,3;48,2;221,5;12,99;2409,7;16,40;23,6;998,7;ON;77,15;
2026-07-25 13:32:07;07:58:42;88,6;78,1;77,2;77,3;48,2;221,5;12,99;2409,7;16,41;23,6;998,7;ON;77,15;
2026-07-25 13:32:16;07:58:51;88,6;78,1;77,2;77,3;48,1;221,5;12,99;2409,7;16,41;23,6;998,7;ON;77,15;
2026-07-25 13:32:25;07:59:00;88,6;78,1;77,2;77,3;48,1;221,5;12,99;2409,7;16,42;23,6;998,7;ON;77,15;
2026-07-25 13:32:34;07:59:09;88,6;78,1;77,3;77,3;48,2;221,5;12,99;2409,7;16,43;23,6;998,7;ON;77,15;
2026-07-25 13:32:43;07:59:18;88,6;78,1;77,2;77,3;48,2;221,5;12,99;2409,7;16,43;23,6;998,7;ON;77,15;
2026-07-25 13:32:52;07:59:27;88,6;78,1;77,3;77,3;48,2;221,5;12,99;2409,7;16,44;23,6;998,7;ON;77,15;
2026-07-25 13:33:01;07:59:36;88,7;78,1;77,2;77,3;48,2;221,5;12,99;2409,7;16,44;23,6;998,7;ON;77,15;
2026-07-25 13:33:10;07:59:45;88,7;78,1;77,2;77,3;48,2;221,5;12,99;2409,7;16,45;23,6;998,7;ON;77,15;
2026-07-25 13:33:19;07:59:54;88,7;78,1;77,2;77,3;48,2;221,5;12,99;2409,7;16,46;23,6;998,7;ON;77,15;
2026-07-25 13:33:28;08:00:03;88,7;78,1;77,2;77,3;48,2;221,5;12,99;2409,7;16,46;23,6;998,7;ON;77,15;
2026-07-25 13:33:37;08:00:12;88,7;78,1;77,2;77,3;48,3;221,5;12,99;2409,7;16,47;23,6;998,7;ON;77,15;
2026-07-25 13:33:47;08:00:22;88,7;78,1;77,2;77,3;48,3;221,5;12,99;2409,7;16,47;23,6;998,7;ON;77,15;
2026-07-25 13:33:56;08:00:31;88,7;78,1;77,3;77,3;48,4;221,5;12,99;2409,7;16,48;23,6;998,7;ON;77,15;
2026-07-25 13:34:05;08:00:40;88,7;78,1;77,2;77,3;48,4;221,5;12,99;2409,7;16,49;23,6;998,7;ON;77,15;
2026-07-25 13:34:14;08:00:49;88,7;78,1;77,2;77,3;48,4;221,5;12,99;2409,7;16,49;23,6;998,7;ON;77,15;
2026-07-25 13:34:23;08:00:58;88,7;78,1;77,3;77,3;48,4;221,5;12,99;2409,7;16,50;23,6;998,7;ON;77,15;
2026-07-25 13:34:32;08:01:07;88,7;78,1;77,3;77,3;48,5;221,5;12,99;2409,7;16,50;23,6;998,7;ON;77,15;
2026-07-25 13:34:41;08:01:16;88,7;78,1;77,3;77,3;48,6;221,5;12,99;2409,7;16,51;23,6;998,7;ON;77,15;
2026-07-25 13:34:50;08:01:25;88,7;78,1;77,2;77,3;48,6;221,5;12,99;2409,7;16,52;23,6;998,7;ON;77,15;
2026-07-25 13:34:59;08:01:34;88,8;78,1;77,2;77,3;48,6;221,5;12,99;2409,7;16,52;23,6;998,7;ON;77,15;
2026-07-25 13:35:08;08:01:43;88,8;78,1;77,2;77,3;48,7;221,5;12,99;2409,7;16,53;23,6;998,7;ON;77,15;
2026-07-25 13:35:17;08:01:52;88,8;78,1;77,3;77,3;48,8;221,5;12,99;2409,7;16,53;23,6;998,7;ON;77,15;
2026-07-25 13:35:26;08:02:01;88,8;78,1;77,2;77,3;48,8;221,5;12,99;2409,7;16,54;23,6;998,7;ON;77,15;
2026-07-25 13:35:35;08:02:10;88,8;78,1;77,2;77,3;48,8;221,5;12,99;2409,7;16,55;23,6;998,7;ON;77,15;
2026-07-25 13:35:44;08:02:19;88,8;78,1;77,2;77,3;48,8;221,5;12,99;2409,7;16,55;23,6;998,7;ON;77,15;
2026-07-25 13:35:54;08:02:29;88,8;78,1;77,2;77,3;48,9;221,5;12,99;2409,7;16,56;23,6;998,7;ON;77,15;
2026-07-25 13:36:03;08:02:38;88,8;78,1;77,2;77,3;48,9;221,5;12,99;2409,7;16,57;23,6;998,7;ON;77,15;
2026-07-25 13:36:12;08:02:47;88,8;78,2;77,2;77,3;49,0;221,5;12,99;2409,7;16,57;23,6;998,7;ON;77,15;
2026-07-25 13:36:21;08:02:56;88,8;78,2;77,2;77,3;49,1;221,5;12,99;2409,7;16,58;23,6;998,7;ON;77,15;
2026-07-25 13:36:30;08:03:05;88,8;78,2;77,2;77,3;49,1;221,5;12,99;2409,7;16,58;23,6;998,7;ON;77,15;
2026-07-25 13:36:39;08:03:14;88,8;78,1;77,3;77,3;49,2;221,5;12,99;2409,7;16,59;23,6;998,7;ON;77,15;
2026-07-25 13:36:48;08:03:23;88,8;78,1;77,2;77,3;49,2;221,5;12,99;2409,7;16,60;23,6;998,7;ON;77,15;
2026-07-25 13:36:57;08:03:32;88,8;78,1;77,2;77,3;49,2;221,5;12,99;2409,7;16,60;23,6;998,7;ON;77,15;
2026-07-25 13:37:06;08:03:41;88,8;78,1;77,2;77,3;49,2;221,5;12,99;2409,7;16,61;23,6;998,7;ON;77,15;
2026-07-25 13:37:15;08:03:50;88,8;78,1;77,3;77,3;49,3;221,5;12,99;2409,7;16,61;23,6;998,7;ON;77,15;
2026-07-25 13:37:24;08:03:59;88,8;78,2;77,3;77,3;49,4;221,5;12,99;2409,7;16,62;23,6;998,7;ON;77,15;
2026-07-25 13:37:33;08:04:08;88,8;78,1;77,3;77,3;49,4;221,5;12,99;2409,7;16,63;23,6;998,7;ON;77,15;
2026-07-25 13:37:42;08:04:17;88,8;78,2;77,3;77,3;49,4;221,5;12,99;2409,7;16,63;23,6;998,7;ON;77,15;
2026-07-25 13:37:51;08:04:26;88,8;78,1;77,2;77,3;49,4;221,5;12,99;2409,7;16,64;23,6;998,7;ON;77,15;
2026-07-25 13:38:01;08:04:36;88,8;78,1;77,2;77,3;49,4;221,5;12,99;2409,7;16,64;23,6;998,7;ON;77,15;
2026-07-25 13:38:10;08:04:45;88,8;78,1;77,2;77,3;49,4;221,5;12,99;2409,7;16,65;23,6;998,7;ON;77,15;
2026-07-25 13:38:19;08:04:54;88,8;78,1;77,2;77,3;49,4;221,5;12,99;2409,7;16,66;23,6;998,7;ON;77,15;
2026-07-25 13:38:28;08:05:03;88,8;78,1;77,2;77,3;49,4;221,5;12,99;2409,7;16,66;23,6;998,7;ON;77,15;
2026-07-25 13:38:37;08:05:12;88,8;78,1;77,2;77,3;49,4;221,5;12,99;2409,7;16,67;23,6;998,7;ON;77,15;
2026-07-25 13:38:46;08:05:21;88,8;78,1;77,2;77,3;49,6;221,5;12,99;2409,7;16,67;23,6;998,7;ON;77,15;
2026-07-25 13:38:55;08:05:30;88,8;78,1;77,3;77,3;49,6;221,5;12,99;2409,7;16,68;23,6;998,7;ON;77,15;
2026-07-25 13:39:04;08:05:39;88,8;78,1;77,2;77,3;49,6;221,5;12,99;2409,7;16,69;23,6;998,7;ON;77,15;
2026-07-25 13:39:13;08:05:48;88,8;78,1;77,2;77,3;49,6;221,5;12,99;2409,7;16,69;23,6;998,7;ON;77,15;
2026-07-25 13:39:22;08:05:57;88,9;78,1;77,2;77,3;49,7;221,5;12,99;2409,7;16,70;23,6;998,7;ON;77,15;
2026-07-25 13:39:31;08:06:06;88,9;78,1;77,2;77,3;49,8;221,5;12,99;2409,7;16,70;23,6;998,7;ON;77,15;
2026-07-25 13:39:40;08:06:15;88,9;78,1;77,2;77,3;49,9;221,5;12,99;2409,7;16,71;23,6;998,7;ON;77,15;
2026-07-25 13:39:49;08:06:24;88,9;78,1;77,2;77,3;49,9;221,5;12,99;2409,7;16,72;23,6;998,7;ON;77,15;
2026-07-25 13:39:58;08:06:33;88,9;78,1;77,2;77,3;50,0;221,5;12,99;2409,7;16,72;23,6;998,7;ON;77,15;
2026-07-25 13:40:07;08:06:42;88,9;78,1;77,3;77,3;50,0;221,5;12,99;2409,7;16,73;23,6;998,7;ON;77,15;
2026-07-25 13:40:16;08:06:51;88,9;78,1;77,3;77,3;50,1;221,5;12,99;2409,7;16,74;23,6;998,7;ON;77,15;
2026-07-25 13:40:25;08:07:00;88,9;78,1;77,3;77,3;50,2;221,5;12,99;2409,7;16,74;23,6;998,7;ON;77,15;
2026-07-25 13:40:35;08:07:10;88,9;78,1;77,2;77,3;50,3;221,5;12,99;2409,7;16,75;23,6;998,7;ON;77,15;
2026-07-25 13:40:44;08:07:19;88,9;78,1;77,2;77,3;50,4;221,5;12,99;2409,7;16,75;23,6;998,7;ON;77,15;
2026-07-25 13:40:53;08:07:28;88,9;78,1;77,2;77,3;50,4;221,5;12,99;2409,7;16,76;23,6;998,7;ON;77,15;
2026-07-25 13:41:02;08:07:37;88,9;78,1;77,3;77,3;50,6;221,5;12,99;2409,7;16,77;23,6;998,7;ON;77,15;
2026-07-25 13:41:11;08:07:46;88,9;78,1;77,2;77,3;50,7;221,5;12,99;2409,7;16,77;23,6;998,7;ON;77,15;
2026-07-25 13:41:20;08:07:55;88,9;78,1;77,2;77,3;50,8;221,5;12,99;2409,7;16,78;23,6;998,7;ON;77,15;
2026-07-25 13:41:29;08:08:04;88,9;78,1;77,2;77,3;50,8;221,5;12,99;2409,7;16,78;23,6;998,7;ON;77,15;
2026-07-25 13:41:38;08:08:13;88,9;78,1;77,2;77,3;50,9;221,5;12,99;2409,7;16,79;23,6;998,7;ON;77,15;
2026-07-25 13:41:47;08:08:22;88,9;78,1;77,3;77,3;51,1;221,5;12,99;2409,7;16,80;23,6;998,7;ON;77,15;
2026-07-25 13:41:56;08:08:31;88,9;78,1;77,2;77,3;51,2;221,5;12,99;2409,7;16,80;23,6;998,7;ON;77,15;
2026-07-25 13:42:05;08:08:40;88,9;78,1;77,3;77,3;51,4;221,5;12,99;2409,7;16,81;23,6;998,7;ON;77,15;
2026-07-25 13:42:14;08:08:49;88,9;78,1;77,3;77,3;51,4;221,5;12,99;2409,7;16,81;23,6;998,7;ON;77,15;
2026-07-25 13:42:23;08:08:58;88,9;78,1;77,2;77,3;51,5;221,5;12,99;2409,7;16,82;23,6;998,7;ON;77,15;
2026-07-25 13:42:32;08:09:07;88,9;78,1;77,2;77,3;51,7;221,5;12,99;2409,7;16,83;23,6;998,7;ON;77,15;
2026-07-25 13:42:41;08:09:16;88,9;78,1;77,3;77,3;51,8;221,5;12,99;2409,7;16,83;23,6;998,7;ON;77,15;
2026-07-25 13:42:50;08:09:25;89,0;78,1;77,2;77,3;51,9;221,5;12,99;2409,7;16,84;23,6;998,7;ON;77,15;
2026-07-25 13:42:59;08:09:34;89,0;78,1;77,2;77,3;52,1;221,5;12,99;2409,7;16,84;23,6;998,7;ON;77,15;
2026-07-25 13:43:08;08:09:43;89,0;78,1;77,2;77,3;52,2;221,5;12,99;2409,7;16,85;23,6;998,7;ON;77,15;
2026-07-25 13:43:17;08:09:52;89,0;78,1;77,2;77,3;52,3;221,5;12,99;2409,7;16,86;23,6;998,7;ON;77,15;
2026-07-25 13:43:27;08:10:02;89,0;78,1;77,2;77,3;52,4;221,5;12,99;2409,7;16,86;23,6;998,7;ON;77,15;
2026-07-25 13:43:36;08:10:11;89,0;78,1;77,2;77,3;52,6;221,5;12,99;2409,7;16,87;23,6;998,7;ON;77,15;
2026-07-25 13:43:45;08:10:20;89,0;78,1;77,2;77,3;52,8;221,5;12,99;2409,7;16,87;23,6;998,7;ON;77,15;
2026-07-25 13:43:54;08:10:29;89,0;78,1;77,2;77,3;53,0;221,5;12,99;2409,7;16,88;23,6;998,7;ON;77,15;
2026-07-25 13:44:03;08:10:38;89,0;78,1;77,2;77,3;53,2;221,5;12,99;2409,7;16,89;23,6;998,7;ON;77,15;
2026-07-25 13:44:12;08:10:47;89,0;78,1;77,3;77,3;53,3;221,5;12,99;2409,7;16,89;23,6;998,7;ON;77,15;
2026-07-25 13:44:21;08:10:56;89,0;78,1;77,2;77,3;53,5;221,5;12,99;2409,7;16,90;23,6;998,7;ON;77,15;
2026-07-25 13:44:30;08:11:05;89,1;78,1;77,3;77,3;53,8;221,5;12,99;2409,7;16,91;23,6;998,7;ON;77,15;
2026-07-25 13:44:40;08:11:15;89,1;78,1;77,3;77,3;53,9;221,5;12,99;2409,7;16,91;23,6;998,7;ON;77,15;
2026-07-25 13:44:49;08:11:24;89,1;78,1;77,2;77,3;53,6;221,5;12,99;2409,7;16,92;23,6;998,7;ON;77,15;
2026-07-25 13:44:58;08:11:33;89,1;78,1;77,2;77,3;53,1;221,5;12,99;2409,7;16,92;23,6;998,7;ON;77,15;
2026-07-25 13:45:07;08:11:42;89,1;78,1;77,2;77,3;52,6;221,5;12,99;2409,7;16,93;23,6;998,7;ON;77,15;
2026-07-25 13:45:16;08:11:51;89,1;78,1;77,2;77,3;52,1;221,5;12,99;2409,7;16,94;23,6;998,7;ON;77,15;
2026-07-25 13:45:25;08:12:00;89,1;78,1;77,3;77,3;51,6;221,5;12,99;2409,7;16,94;23,6;998,7;ON;77,15;
2026-07-25 13:45:34;08:12:09;89,1;78,1;77,3;77,3;51,2;221,5;12,99;2409,7;16,95;23,6;998,7;ON;77,15;
2026-07-25 13:45:43;08:12:18;89,1;78,1;77,3;77,3;50,9;221,5;12,99;2409,7;16,95;23,6;998,7;ON;77,15;
2026-07-25 13:45:52;08:12:27;89,1;78,1;77,3;77,3;50,8;221,5;12,99;2409,7;16,96;23,7;998,7;ON;77,15;
2026-07-25 13:46:01;08:12:36;89,1;78,1;77,3;77,3;50,6;221,5;12,99;2409,7;16,97;23,7;998,7;ON;77,15;
2026-07-25 13:46:10;08:12:45;89,1;78,1;77,3;77,3;50,4;221,5;12,99;2409,7;16,97;23,7;998,7;ON;77,15;
2026-07-25 13:46:19;08:12:54;89,1;78,1;77,3;77,3;50,2;221,5;12,99;2409,7;16,98;23,7;998,7;ON;77,15;
2026-07-25 13:46:29;08:13:04;89,1;78,1;77,2;77,3;50,0;221,5;12,99;2409,7;16,98;23,7;998,7;ON;77,15;
2026-07-25 13:46:38;08:13:13;89,1;78,1;77,2;77,3;49,8;221,5;12,99;2409,7;16,99;23,7;998,7;ON;77,15;
2026-07-25 13:46:47;08:13:22;89,1;78,1;77,2;77,3;49,7;221,5;12,99;2409,7;17,00;23,7;998,7;ON;77,15;
2026-07-25 13:46:56;08:13:31;89,1;78,1;77,2;77,3;49,6;221,5;12,99;2409,7;17,00;23,7;998,7;ON;77,15;
2026-07-25 13:47:05;08:13:40;89,1;78,1;77,3;77,3;49,4;221,5;12,99;2409,7;17,01;23,7;998,7;ON;77,15;
2026-07-25 13:47:14;08:13:49;89,1;78,1;77,3;77,3;49,4;221,5;12,99;2409,7;17,01;23,7;998,7;ON;77,15;
2026-07-25 13:47:23;08:13:58;89,1;78,1;77,3;77,3;49,3;221,5;12,99;2409,7;17,02;23,7;998,7;ON;77,15;
2026-07-25 13:47:32;08:14:07;89,2;78,1;77,2;77,3;49,2;221,5;12,99;2409,7;17,03;23,7;998,7;ON;77,15;
2026-07-25 13:47:41;08:14:16;89,1;78,1;77,2;77,3;49,2;221,5;12,99;2409,7;17,03;23,7;998,7;ON;77,15;
2026-07-25 13:47:50;08:14:25;89,1;78,1;77,3;77,3;49,1;221,5;12,99;2409,7;17,04;23,7;998,7;ON;77,15;
2026-07-25 13:47:59;08:14:34;89,2;78,1;77,2;77,3;49,1;221,5;12,99;2409,7;17,04;23,7;998,7;ON;77,15;
2026-07-25 13:48:08;08:14:43;89,2;78,1;77,2;77,3;49,1;221,5;12,99;2409,7;17,05;23,7;998,7;ON;77,15;
2026-07-25 13:48:17;08:14:52;89,2;78,1;77,3;77,3;49,0;221,5;12,99;2409,7;17,06;23,7;998,7;ON;77,15;
2026-07-25 13:48:26;08:15:01;89,2;78,0;77,2;77,3;48,9;221,5;12,99;2409,7;17,06;23,7;998,7;ON;77,15;
2026-07-25 13:48:35;08:15:10;89,2;78,0;77,2;77,3;48,9;221,5;12,99;2409,7;17,07;23,7;998,7;ON;77,15;
2026-07-25 13:48:44;08:15:19;89,2;78,0;77,2;77,3;48,9;221,5;12,99;2409,7;17,08;23,7;998,7;ON;77,15;
2026-07-25 13:48:53;08:15:28;89,2;78,1;77,2;77,3;48,9;221,5;12,99;2409,7;17,08;23,7;998,7;ON;77,15;
2026-07-25 13:49:02;08:15:37;89,2;78,0;77,3;77,3;48,9;221,5;12,99;2409,7;17,09;23,7;998,7;ON;77,15;
2026-07-25 13:49:11;08:15:46;89,2;78,0;77,3;77,3;48,9;221,5;12,99;2409,7;17,09;23,7;998,7;ON;77,15;
2026-07-25 13:49:20;08:15:55;89,2;78,0;77,2;77,3;48,9;221,5;12,99;2409,7;17,10;23,7;998,7;ON;77,15;
2026-07-25 13:49:30;08:16:05;89,2;78,0;77,2;77,3;48,9;221,5;12,99;2409,7;17,11;23,7;998,7;ON;77,15;
2026-07-25 13:49:39;08:16:14;89,2;78,0;77,2;77,3;49,0;221,5;12,99;2409,7;17,11;23,7;998,7;ON;77,15;
2026-07-25 13:49:48;08:16:23;89,2;78,0;77,2;77,3;49,0;221,5;12,99;2409,7;17,12;23,7;998,7;ON;77,15;
2026-07-25 13:49:57;08:16:32;89,2;78,0;77,2;77,3;49,0;221,5;12,99;2409,7;17,12;23,7;998,7;ON;77,15;
2026-07-25 13:50:05;08:16:40;89,2;78,0;77,2;77,3;49,0;221,5;12,99;2409,7;17,13;23,7;998,7;ON;77,15;
2026-07-25 13:50:14;08:16:49;89,2;78,0;77,2;77,3;49,0;221,5;12,99;2409,7;17,14;23,7;998,7;ON;77,15;
2026-07-25 13:50:24;08:16:59;89,2;78,0;77,3;77,3;49,0;221,5;12,99;2409,7;17,14;23,7;998,7;ON;77,15;
2026-07-25 13:50:33;08:17:08;89,2;78,0;77,3;77,3;49,1;221,5;12,99;2409,7;17,15;23,7;998,7;ON;77,15;
2026-07-25 13:50:42;08:17:17;89,2;78,0;77,2;77,3;49,1;221,5;12,99;2409,7;17,15;23,7;998,7;ON;77,15;
2026-07-25 13:50:51;08:17:26;89,2;78,0;77,2;77,3;49,1;221,5;12,99;2409,7;17,16;23,7;998,7;ON;77,15;
2026-07-25 13:51:00;08:17:35;89,3;78,0;77,3;77,3;49,1;221,5;12,99;2409,7;17,17;23,7;998,3;ON;77,15;
2026-07-25 13:51:09;08:17:44;89,3;78,0;77,2;77,3;49,2;221,5;12,99;2409,7;17,17;23,7;998,3;ON;77,15;
2026-07-25 13:51:18;08:17:53;89,3;78,0;77,3;77,3;49,2;221,5;12,99;2409,7;17,18;23,7;998,3;ON;77,15;
2026-07-25 13:51:27;08:18:02;89,3;78,0;77,3;77,3;49,2;221,5;12,99;2409,7;17,18;23,7;998,3;ON;77,15;
2026-07-25 13:51:36;08:18:11;89,3;78,0;77,3;77,3;49,3;221,5;12,99;2409,7;17,19;23,7;998,3;ON;77,15;
2026-07-25 13:51:45;08:18:20;89,3;78,0;77,3;77,3;49,4;221,5;12,99;2409,7;17,20;23,7;998,3;ON;77,15;
2026-07-25 13:51:54;08:18:29;89,3;78,0;77,2;77,3;49,4;221,5;12,99;2409,7;17,20;23,7;998,3;ON;77,15;
2026-07-25 13:52:03;08:18:38;89,3;78,0;77,2;77,3;49,4;221,5;12,99;2409,7;17,21;23,7;998,3;ON;77,15;
2026-07-25 13:52:12;08:18:47;89,3;78,0;77,2;77,3;49,4;221,5;12,99;2409,7;17,21;23,7;998,3;ON;77,15;
2026-07-25 13:52:21;08:18:56;89,3;78,1;77,3;77,3;49,3;221,5;12,99;2409,7;17,22;23,7;998,3;ON;77,15;
2026-07-25 13:52:31;08:19:06;89,4;78,0;77,2;77,3;49,2;221,5;12,99;2409,7;17,23;23,7;998,3;ON;77,15;
2026-07-25 13:52:40;08:19:15;89,4;78,0;77,2;77,3;49,2;221,5;12,99;2409,7;17,23;23,7;998,3;ON;77,15;
2026-07-25 13:52:49;08:19:24;89,4;78,0;77,3;77,3;49,3;225,4;13,25;2505,3;17,24;23,7;998,3;ON;77,15;
2026-07-25 13:52:58;08:19:33;89,4;78,0;77,3;77,3;49,4;225,4;13,25;2505,3;17,25;23,7;998,3;ON;77,15;
2026-07-25 13:53:07;08:19:42;89,4;78,0;77,2;77,3;49,4;225,4;13,25;2505,3;17,25;23,7;998,3;ON;77,15;
2026-07-25 13:53:16;08:19:51;89,4;78,0;77,3;77,3;49,4;225,4;13,25;2505,3;17,26;23,7;998,3;ON;77,15;
2026-07-25 13:53:25;08:20:00;89,4;78,0;77,3;77,3;49,4;225,4;13,25;2505,3;17,26;23,7;998,3;ON;77,15;
2026-07-25 13:53:34;08:20:09;89,4;78,0;77,2;77,3;49,5;225,4;13,25;2505,3;17,27;23,7;998,3;ON;77,15;
2026-07-25 13:53:43;08:20:18;89,4;78,0;77,3;77,3;49,6;225,4;13,25;2505,3;17,28;23,7;998,3;ON;77,15;
2026-07-25 13:53:52;08:20:27;89,4;78,0;77,2;77,3;49,6;225,4;13,25;2505,3;17,28;23,7;998,3;ON;77,15;
2026-07-25 13:54:01;08:20:36;89,4;78,0;77,2;77,3;49,7;225,4;13,25;2505,3;17,29;23,7;998,3;ON;77,15;
2026-07-25 13:54:10;08:20:45;89,4;78,0;77,2;77,3;49,8;225,4;13,25;2505,3;17,30;23,7;998,3;ON;77,15;
2026-07-25 13:54:19;08:20:54;89,4;78,0;77,3;77,3;49,8;225,4;13,25;2505,3;17,30;23,7;998,3;ON;77,15;
2026-07-25 13:54:28;08:21:03;89,4;78,0;77,2;77,3;49,8;225,4;13,25;2505,3;17,31;23,7;998,3;ON;77,15;
2026-07-25 13:54:37;08:21:12;89,4;78,0;77,3;77,3;49,8;225,4;13,25;2505,3;17,31;23,7;998,3;ON;77,15;
2026-07-25 13:54:46;08:21:21;89,4;78,0;77,2;77,3;49,9;225,4;13,25;2505,3;17,32;23,7;998,3;ON;77,15;
2026-07-25 13:54:56;08:21:31;89,4;78,0;77,2;77,3;49,9;225,4;13,25;2505,3;17,33;23,7;998,3;ON;77,15;
2026-07-25 13:55:05;08:21:40;89,4;78,0;77,2;77,3;49,9;225,4;13,25;2505,3;17,33;23,7;998,3;ON;77,15;
2026-07-25 13:55:13;08:21:48;89,4;78,0;77,2;77,3;49,9;225,4;13,25;2505,3;17,34;23,7;998,3;ON;77,15;
2026-07-25 13:55:22;08:21:57;89,4;78,0;77,2;77,3;50,0;225,4;13,25;2505,3;17,35;23,7;998,3;ON;77,15;
2026-07-25 13:55:32;08:22:07;89,4;78,0;77,2;77,3;50,1;225,4;13,25;2505,3;17,35;23,7;998,3;ON;77,15;
2026-07-25 13:55:41;08:22:16;89,5;78,0;77,2;77,3;50,1;225,4;13,25;2505,3;17,36;23,7;998,3;ON;77,15;
2026-07-25 13:55:50;08:22:25;89,5;78,0;77,3;77,3;50,2;225,4;13,25;2505,3;17,36;23,7;998,3;ON;77,15;
2026-07-25 13:55:59;08:22:34;89,5;78,0;77,3;77,3;50,4;225,4;13,25;2505,3;17,37;23,7;998,3;ON;77,15;
2026-07-25 13:56:08;08:22:43;89,5;78,0;77,3;77,3;50,4;225,4;13,25;2505,3;17,38;23,7;998,3;ON;77,15;
2026-07-25 13:56:17;08:22:52;89,5;78,0;77,3;77,3;50,4;225,4;13,25;2505,3;17,38;23,7;998,3;ON;77,15;
2026-07-25 13:56:26;08:23:01;89,5;78,0;77,3;77,3;50,5;225,4;13,25;2505,3;17,39;23,7;998,3;ON;77,15;
2026-07-25 13:56:35;08:23:10;89,5;78,0;77,2;77,3;50,6;225,4;13,25;2505,3;17,40;23,7;998,3;ON;77,15;
2026-07-25 13:56:44;08:23:19;89,5;78,0;77,3;77,3;50,7;225,4;13,25;2505,3;17,40;23,7;998,3;ON;77,15;
2026-07-25 13:56:53;08:23:28;89,5;78,0;77,2;77,3;50,8;225,4;13,25;2505,3;17,41;23,7;998,3;ON;77,15;
2026-07-25 13:57:02;08:23:37;89,5;78,0;77,3;77,3;50,8;225,4;13,25;2505,3;17,42;23,7;998,3;ON;77,15;
2026-07-25 13:57:11;08:23:46;89,5;78,0;77,3;77,3;50,9;225,4;13,25;2505,3;17,42;23,7;998,3;ON;77,15;
2026-07-25 13:57:20;08:23:55;89,6;78,0;77,3;77,3;50,9;225,4;13,25;2505,3;17,43;23,7;998,3;ON;77,15;
2026-07-25 13:57:29;08:24:04;89,6;78,0;77,2;77,3;51,0;225,4;13,25;2505,3;17,43;23,7;998,3;ON;77,15;
2026-07-25 13:57:38;08:24:13;89,6;78,0;77,2;77,3;51,1;225,4;13,25;2505,3;17,44;23,7;998,3;ON;77,15;
2026-07-25 13:57:47;08:24:22;89,6;78,0;77,2;77,3;51,1;225,4;13,25;2505,3;17,45;23,7;998,3;ON;77,15;
2026-07-25 13:57:56;08:24:31;89,6;78,0;77,3;77,3;51,2;225,4;13,25;2505,3;17,45;23,7;998,3;ON;77,15;
2026-07-25 13:58:05;08:24:40;89,6;78,0;77,2;77,3;51,3;225,4;13,25;2505,3;17,46;23,7;998,3;ON;77,15;
2026-07-25 13:58:14;08:24:49;89,6;78,0;77,2;77,3;51,4;225,4;13,25;2505,3;17,47;23,7;998,3;ON;77,15;
2026-07-25 13:58:24;08:24:59;89,6;78,0;77,2;77,3;51,4;225,4;13,25;2505,3;17,47;23,7;998,3;ON;77,15;
2026-07-25 13:58:33;08:25:08;89,6;78,0;77,3;77,3;51,5;225,4;13,25;2505,3;17,48;23,7;998,3;ON;77,15;
2026-07-25 13:58:42;08:25:17;89,6;78,0;77,2;77,3;51,6;225,4;13,25;2505,3;17,48;23,7;998,3;ON;77,15;
2026-07-25 13:58:51;08:25:26;89,6;78,0;77,3;77,3;51,8;225,4;13,25;2505,3;17,49;23,7;998,3;ON;77,15;
2026-07-25 13:59:00;08:25:35;89,6;78,0;77,3;77,3;51,8;225,4;13,25;2505,3;17,50;23,7;998,3;ON;77,15;
2026-07-25 13:59:09;08:25:44;89,6;78,0;77,2;77,3;51,9;225,4;13,25;2505,3;17,50;23,7;998,3;ON;77,15;
2026-07-25 13:59:18;08:25:53;89,6;78,0;77,3;77,3;52,1;225,4;13,25;2505,3;17,51;23,7;998,3;ON;77,15;
2026-07-25 13:59:27;08:26:02;89,6;78,0;77,3;77,3;52,1;225,4;13,25;2505,3;17,52;23,7;998,3;ON;77,15;
2026-07-25 13:59:36;08:26:11;89,6;78,0;77,2;77,3;52,1;225,4;13,25;2505,3;17,52;23,7;998,3;ON;77,15;
2026-07-25 13:59:45;08:26:20;89,6;78,0;77,2;77,3;52,2;225,4;13,25;2505,3;17,53;23,7;998,3;ON;77,15;
2026-07-25 13:59:54;08:26:29;89,6;78,0;77,3;77,3;52,4;225,4;13,25;2505,3;17,54;23,7;998,3;ON;77,15;
2026-07-25 14:00:03;08:26:38;89,6;78,0;77,3;77,3;52,5;225,4;13,25;2505,3;17,54;23,7;998,3;ON;77,15;
2026-07-25 14:00:12;08:26:47;89,7;78,0;77,2;77,3;52,6;225,4;13,25;2505,3;17,55;23,7;998,3;ON;77,15;
2026-07-25 14:00:21;08:26:56;89,7;78,0;77,3;77,3;52,7;225,4;13,25;2505,3;17,55;23,7;998,3;ON;77,15;
2026-07-25 14:00:30;08:27:05;89,7;78,0;77,2;77,3;52,9;225,4;13,25;2505,3;17,56;23,7;998,3;ON;77,15;
2026-07-25 14:00:39;08:27:14;89,7;78,0;77,3;77,3;53,0;225,4;13,25;2505,3;17,57;23,7;998,3;ON;77,15;
2026-07-25 14:00:48;08:27:23;89,7;78,0;77,3;77,3;53,1;225,4;13,25;2505,3;17,57;23,7;998,3;ON;77,15;
2026-07-25 14:00:57;08:27:32;89,7;78,0;77,2;77,3;53,2;225,4;13,25;2505,3;17,58;23,7;998,3;ON;77,15;
2026-07-25 14:01:06;08:27:41;89,7;78,1;77,2;77,3;53,3;225,4;13,25;2505,3;17,59;23,7;998,3;ON;77,15;
2026-07-25 14:01:16;08:27:51;89,7;78,1;77,3;77,3;53,4;225,4;13,25;2505,3;17,59;23,8;998,2;ON;77,15;
2026-07-25 14:01:25;08:28:00;89,7;78,1;77,3;77,3;53,7;225,4;13,25;2505,3;17,60;23,8;998,2;ON;77,15;
2026-07-25 14:01:34;08:28:09;89,7;78,1;77,2;77,3;53,8;225,4;13,25;2505,3;17,60;23,8;998,2;ON;77,15;
2026-07-25 14:01:43;08:28:18;89,7;78,1;77,2;77,3;53,8;225,4;13,25;2505,3;17,61;23,8;998,2;ON;77,15;
2026-07-25 14:01:52;08:28:27;89,8;78,1;77,2;77,3;53,9;225,4;13,25;2505,3;17,62;23,8;998,2;ON;77,15;
2026-07-25 14:02:01;08:28:36;89,8;78,1;77,3;77,3;54,0;225,4;13,25;2505,3;17,62;23,8;998,2;ON;77,15;
2026-07-25 14:02:10;08:28:45;89,8;78,1;77,2;77,3;54,2;225,4;13,25;2505,3;17,63;23,8;998,2;ON;77,15;
2026-07-25 14:02:19;08:28:54;89,8;78,1;77,2;77,3;54,3;225,4;13,25;2505,3;17,64;23,8;998,2;ON;77,15;
2026-07-25 14:02:28;08:29:03;89,8;78,1;77,3;77,3;54,5;225,4;13,25;2505,3;17,64;23,8;998,2;ON;77,15;
2026-07-25 14:02:37;08:29:12;89,8;78,1;77,3;77,3;54,6;225,4;13,25;2505,3;17,65;23,8;998,2;ON;77,15;
2026-07-25 14:02:46;08:29:21;89,8;78,1;77,3;77,3;54,7;225,4;13,25;2505,3;17,65;23,8;998,2;ON;77,15;
2026-07-25 14:02:55;08:29:30;89,8;78,1;77,3;77,3;54,8;225,4;13,25;2505,3;17,66;23,8;998,2;ON;77,15;
2026-07-25 14:03:04;08:29:39;89,8;78,1;77,2;77,3;54,9;225,4;13,25;2505,3;17,67;23,8;998,2;ON;77,15;
2026-07-25 14:03:13;08:29:48;89,8;78,1;77,2;77,3;55,1;225,4;13,25;2505,3;17,67;23,8;998,2;ON;77,15;
2026-07-25 14:03:23;08:29:58;89,8;78,1;77,2;77,3;55,2;225,4;13,25;2505,3;17,68;23,8;998,2;ON;77,15;
2026-07-25 14:03:32;08:30:07;89,8;78,1;77,2;77,3;55,2;225,4;13,25;2505,3;17,69;23,8;998,2;ON;77,15;
2026-07-25 14:03:41;08:30:16;89,8;78,1;77,2;77,3;54,9;225,4;13,25;2505,3;17,69;23,8;998,2;ON;77,15;
2026-07-25 14:03:50;08:30:25;89,8;78,1;77,2;77,3;54,4;225,4;13,25;2505,3;17,70;23,8;998,2;ON;77,15;
2026-07-25 14:03:59;08:30:34;89,8;78,1;77,3;77,3;53,8;225,4;13,25;2505,3;17,71;23,8;998,2;ON;77,15;
2026-07-25 14:04:08;08:30:43;89,8;78,1;77,2;77,3;53,2;225,4;13,25;2505,3;17,71;23,8;998,2;ON;77,15;
2026-07-25 14:04:17;08:30:52;89,8;78,1;77,2;77,3;52,7;225,4;13,25;2505,3;17,72;23,8;998,2;ON;77,15;
2026-07-25 14:04:26;08:31:01;89,8;78,1;77,2;77,3;52,2;225,4;13,25;2505,3;17,72;23,8;998,2;ON;77,15;
2026-07-25 14:04:35;08:31:10;89,8;78,1;77,2;77,3;51,8;225,4;13,25;2505,3;17,73;23,8;998,2;ON;77,15;
2026-07-25 14:04:44;08:31:19;89,8;78,1;77,3;77,3;51,4;225,4;13,25;2505,3;17,74;23,8;998,2;ON;77,15;
2026-07-25 14:04:53;08:31:28;89,9;78,1;77,2;77,3;51,4;225,4;13,25;2505,3;17,74;23,8;998,2;ON;77,15;
2026-07-25 14:05:02;08:31:37;89,9;78,1;77,2;77,3;51,1;225,4;13,25;2505,3;17,75;23,8;998,2;ON;77,15;
2026-07-25 14:05:11;08:31:46;89,9;78,1;77,2;77,3;50,9;225,4;13,25;2505,3;17,76;23,8;998,2;ON;77,15;
2026-07-25 14:05:20;08:31:55;89,9;78,1;77,3;77,3;50,8;225,4;13,25;2505,3;17,76;23,8;998,2;ON;77,15;
2026-07-25 14:05:29;08:32:04;89,9;78,1;77,2;77,3;50,6;225,4;13,25;2505,3;17,77;23,8;998,2;ON;77,15;
2026-07-25 14:05:38;08:32:13;89,9;78,1;77,2;77,3;50,4;225,4;13,25;2505,3;17,77;23,8;998,2;ON;77,15;
2026-07-25 14:05:47;08:32:22;89,9;78,1;77,2;77,3;50,2;225,4;13,25;2505,3;17,78;23,8;998,2;ON;77,15;
2026-07-25 14:05:56;08:32:31;89,9;78,1;77,2;77,3;50,1;225,4;13,25;2505,3;17,79;23,8;998,2;ON;77,15;
2026-07-25 14:06:05;08:32:40;89,9;78,1;77,2;77,3;50,1;225,4;13,25;2505,3;17,79;23,8;998,2;ON;77,15;
2026-07-25 14:06:15;08:32:50;89,9;78,1;77,2;77,3;49,9;225,4;13,25;2505,3;17,80;23,8;998,2;ON;77,15;
2026-07-25 14:06:24;08:32:59;89,9;78,1;77,2;77,3;49,9;225,4;13,25;2505,3;17,81;23,8;998,2;ON;77,15;
2026-07-25 14:06:33;08:33:08;89,9;78,1;77,2;77,3;49,8;225,4;13,25;2505,3;17,81;23,8;998,2;ON;77,15;
2026-07-25 14:06:42;08:33:17;89,9;78,1;77,2;77,3;49,8;225,4;13,25;2505,3;17,82;23,8;998,2;ON;77,15;
2026-07-25 14:06:51;08:33:26;89,9;78,1;77,3;77,3;49,7;225,4;13,25;2505,3;17,83;23,8;998,2;ON;77,15;
2026-07-25 14:07:00;08:33:35;89,9;78,1;77,2;77,3;49,6;225,4;13,25;2505,3;17,83;23,8;998,2;ON;77,15;
2026-07-25 14:07:09;08:33:44;89,9;78,1;77,2;77,3;49,5;225,4;13,25;2505,3;17,84;23,8;998,2;ON;77,15;
2026-07-25 14:07:18;08:33:53;89,9;78,1;77,2;77,3;49,5;225,4;13,25;2505,3;17,84;23,8;998,2;ON;77,15;
2026-07-25 14:07:27;08:34:02;89,9;78,1;77,2;77,3;49,4;225,4;13,25;2505,3;17,85;23,8;998,2;ON;77,15;
2026-07-25 14:07:37;08:34:12;89,9;78,1;77,2;77,3;49,3;225,4;13,25;2505,3;17,86;23,8;998,2;ON;77,15;
2026-07-25 14:07:46;08:34:21;89,9;78,1;77,2;77,3;49,3;225,4;13,25;2505,3;17,86;23,8;998,2;ON;77,15;
2026-07-25 14:07:55;08:34:30;89,9;78,1;77,2;77,3;49,3;225,4;13,25;2505,3;17,87;23,8;998,2;ON;77,15;
2026-07-25 14:08:04;08:34:39;90,0;78,1;77,2;77,3;49,2;225,4;13,25;2505,3;17,88;23,8;998,2;ON;77,15;
2026-07-25 14:08:13;08:34:48;89,9;78,1;77,2;77,3;49,2;225,4;13,25;2505,3;17,88;23,8;998,2;ON;77,15;
2026-07-25 14:08:22;08:34:57;90,0;78,1;77,2;77,3;49,2;225,4;13,25;2505,3;17,89;23,8;998,2;ON;77,15;
2026-07-25 14:08:31;08:35:06;90,0;78,1;77,2;77,3;49,2;225,4;13,25;2505,3;17,89;23,8;998,2;ON;77,15;
2026-07-25 14:08:40;08:35:15;90,0;78,1;77,3;77,3;49,2;225,4;13,25;2505,3;17,90;23,8;998,2;ON;77,15;
2026-07-25 14:08:49;08:35:24;90,0;78,1;77,2;77,3;49,2;225,4;13,25;2505,3;17,91;23,8;998,2;ON;77,15;
2026-07-25 14:08:58;08:35:33;90,0;78,1;77,2;77,3;49,2;225,4;13,25;2505,3;17,91;23,8;998,2;ON;77,15;
2026-07-25 14:09:07;08:35:42;90,0;78,1;77,2;77,3;49,2;225,4;13,25;2505,3;17,92;23,8;998,2;ON;77,15;
2026-07-25 14:09:16;08:35:51;90,0;78,1;77,2;77,3;49,1;225,4;13,25;2505,3;17,93;23,8;998,2;ON;77,15;
2026-07-25 14:09:25;08:36:00;90,1;78,1;77,3;77,3;49,2;225,4;13,25;2505,3;17,93;23,8;998,2;ON;77,15;
2026-07-25 14:09:34;08:36:09;90,0;78,1;77,2;77,3;49,2;225,4;13,25;2505,3;17,94;23,8;998,2;ON;77,15;
2026-07-25 14:09:43;08:36:18;90,1;78,1;77,2;77,3;49,3;225,4;13,25;2505,3;17,95;23,8;998,2;ON;77,15;
2026-07-25 14:09:52;08:36:27;90,1;78,0;77,2;77,3;49,3;225,4;13,25;2505,3;17,95;23,8;998,2;ON;77,15;
2026-07-25 14:10:01;08:36:36;90,1;78,0;77,2;77,3;49,3;225,4;13,25;2505,3;17,96;23,8;998,2;ON;77,15;
2026-07-25 14:10:11;08:36:46;90,1;78,0;77,3;77,3;49,3;225,4;13,25;2505,3;17,96;23,8;998,2;ON;77,15;
2026-07-25 14:10:20;08:36:55;90,1;78,0;77,2;77,3;49,3;225,4;13,25;2505,3;17,97;23,8;998,2;ON;77,15;
2026-07-25 14:10:29;08:37:04;90,1;78,0;77,2;77,3;49,3;225,4;13,25;2505,3;17,98;23,8;998,2;ON;77,15;
2026-07-25 14:10:38;08:37:13;90,1;78,0;77,2;77,3;49,3;225,4;13,25;2505,3;17,98;23,8;998,2;ON;77,15;
2026-07-25 14:10:47;08:37:22;90,1;78,0;77,2;77,3;49,3;225,4;13,25;2505,3;17,99;23,8;998,2;ON;77,15;
2026-07-25 14:10:56;08:37:31;90,1;78,0;77,2;77,3;49,3;225,4;13,25;2505,3;18,00;23,8;998,2;ON;77,15;
2026-07-25 14:11:05;08:37:40;90,1;78,0;77,2;77,3;49,4;225,4;13,25;2505,3;18,00;23,8;998,2;ON;77,15;
2026-07-25 14:11:14;08:37:49;90,1;78,0;77,2;77,3;49,4;225,4;13,25;2505,3;18,01;23,8;998,2;ON;77,15;
2026-07-25 14:11:23;08:37:58;90,1;78,0;77,2;77,3;49,4;225,4;13,25;2505,3;18,01;23,8;998,2;ON;77,15;
2026-07-25 14:11:32;08:38:07;90,1;78,0;77,2;77,3;49,4;225,4;13,25;2505,3;18,02;23,8;998,2;ON;77,15;
2026-07-25 14:11:41;08:38:16;90,1;78,0;77,2;77,3;49,4;225,4;13,25;2505,3;18,03;23,8;998,2;ON;77,15;
2026-07-25 14:11:50;08:38:25;90,1;78,0;77,2;77,3;49,4;225,4;13,25;2505,3;18,03;23,8;998,2;ON;77,15;
2026-07-25 14:11:59;08:38:34;90,1;78,0;77,2;77,3;49,4;225,4;13,25;2505,3;18,04;23,8;998,2;ON;77,15;
2026-07-25 14:12:08;08:38:43;90,1;78,0;77,2;77,3;49,5;225,4;13,25;2505,3;18,05;23,8;998,2;ON;77,15;
2026-07-25 14:12:17;08:38:52;90,1;78,0;77,2;77,3;49,6;225,4;13,25;2505,3;18,05;23,8;998,2;ON;77,15;
2026-07-25 14:12:26;08:39:01;90,1;78,0;77,2;77,3;49,6;225,4;13,25;2505,3;18,06;23,8;998,2;ON;77,15;
2026-07-25 14:12:35;08:39:10;90,1;78,0;77,2;77,3;49,6;225,4;13,25;2505,3;18,06;23,8;998,2;ON;77,15;
2026-07-25 14:12:44;08:39:19;90,2;78,0;77,2;77,3;49,6;225,4;13,25;2505,3;18,07;23,8;998,2;ON;77,15;
2026-07-25 14:12:53;08:39:28;90,2;78,1;77,2;77,3;49,7;225,4;13,25;2505,3;18,08;23,8;998,2;ON;77,15;
2026-07-25 14:13:03;08:39:38;90,2;78,1;77,2;77,3;49,7;225,4;13,25;2505,3;18,08;23,8;998,2;ON;77,15;
2026-07-25 14:13:12;08:39:47;90,2;78,0;77,2;77,3;49,7;225,4;13,25;2505,3;18,09;23,8;998,2;ON;77,15;
2026-07-25 14:13:21;08:39:56;90,2;78,1;77,2;77,3;49,8;225,4;13,25;2505,3;18,10;23,8;998,2;ON;77,15;
2026-07-25 14:13:30;08:40:05;90,2;78,1;77,2;77,3;49,8;225,4;13,25;2505,3;18,10;23,8;998,2;ON;77,15;
2026-07-25 14:13:39;08:40:14;90,2;78,1;77,2;77,3;49,8;225,4;13,25;2505,3;18,11;23,8;998,2;ON;77,15;
2026-07-25 14:13:48;08:40:23;90,2;78,1;77,2;77,3;49,8;225,4;13,25;2505,3;18,12;23,8;998,2;ON;77,15;
2026-07-25 14:13:57;08:40:32;90,2;78,1;77,2;77,3;49,8;225,4;13,25;2505,3;18,12;23,8;998,2;ON;77,15;
2026-07-25 14:14:06;08:40:41;90,2;78,1;77,2;77,3;49,9;225,4;13,25;2505,3;18,13;23,8;998,2;ON;77,15;
2026-07-25 14:14:15;08:40:50;90,2;78,1;77,2;77,3;49,9;225,4;13,25;2505,3;18,13;23,8;998,2;ON;77,15;
2026-07-25 14:14:24;08:40:59;90,2;78,1;77,2;77,3;49,9;225,4;13,25;2505,3;18,14;23,8;998,2;ON;77,15;
2026-07-25 14:14:33;08:41:08;90,2;78,1;77,2;77,3;50,0;225,4;13,25;2505,3;18,15;23,8;998,2;ON;77,15;
2026-07-25 14:14:42;08:41:17;90,2;78,1;77,2;77,3;49,9;225,4;13,25;2505,3;18,15;23,8;998,2;ON;77,15;
2026-07-25 14:14:51;08:41:26;90,2;78,1;77,2;77,3;49,9;225,4;13,25;2505,3;18,16;23,8;998,2;ON;77,15;
2026-07-25 14:15:00;08:41:35;90,2;78,1;77,3;77,3;49,9;225,4;13,25;2505,3;18,17;23,8;998,2;ON;77,15;
2026-07-25 14:15:09;08:41:44;90,2;78,1;77,2;77,3;50,1;225,4;13,25;2505,3;18,17;23,8;998,2;ON;77,15;
2026-07-25 14:15:18;08:41:53;90,2;78,1;77,2;77,3;50,1;225,4;13,25;2505,3;18,18;23,8;998,2;ON;77,15;
2026-07-25 14:15:27;08:42:02;90,2;78,1;77,2;77,3;50,1;225,4;13,25;2505,3;18,18;23,8;998,2;ON;77,15;
2026-07-25 14:15:36;08:42:11;90,3;78,1;77,3;77,3;50,1;225,4;13,25;2505,3;18,19;23,8;998,2;ON;77,15;
2026-07-25 14:15:45;08:42:20;90,3;78,1;77,2;77,3;50,1;225,4;13,25;2505,3;18,20;23,8;998,2;ON;77,15;
2026-07-25 14:15:54;08:42:29;90,3;78,1;77,2;77,3;50,2;225,4;13,25;2505,3;18,20;23,8;998,2;ON;77,15;
2026-07-25 14:16:04;08:42:39;90,3;78,0;77,2;77,3;50,4;225,4;13,25;2505,3;18,21;23,8;998,2;ON;77,15;
2026-07-25 14:16:13;08:42:48;90,3;78,1;77,3;77,3;50,4;225,4;13,25;2505,3;18,22;23,8;998,2;ON;77,15;
2026-07-25 14:16:22;08:42:57;90,3;78,1;77,2;77,3;50,4;225,4;13,25;2505,3;18,22;23,8;998,2;ON;77,15;
2026-07-25 14:16:31;08:43:06;90,3;78,0;77,2;77,3;50,5;225,4;13,25;2505,3;18,23;23,8;998,2;ON;77,15;
2026-07-25 14:16:40;08:43:15;90,3;78,0;77,2;77,3;50,5;225,4;13,25;2505,3;18,24;24,0;998,1;ON;77,15;
2026-07-25 14:16:49;08:43:24;90,3;78,1;77,2;77,3;50,6;225,4;13,25;2505,3;18,24;24,0;998,1;ON;77,15;
2026-07-25 14:16:58;08:43:33;90,3;78,1;77,2;77,3;50,6;225,4;13,25;2505,3;18,25;24,0;998,1;ON;77,15;
2026-07-25 14:17:07;08:43:42;90,3;78,1;77,2;77,3;50,8;225,4;13,25;2505,3;18,25;24,0;998,1;ON;77,15;
2026-07-25 14:17:16;08:43:51;90,4;78,1;77,3;77,3;50,9;225,4;13,25;2505,3;18,26;24,0;998,1;ON;77,15;
2026-07-25 14:17:25;08:44:00;90,4;78,1;77,2;77,3;51,0;225,4;13,25;2505,3;18,27;24,0;998,1;ON;77,15;
2026-07-25 14:17:34;08:44:09;90,4;78,1;77,2;77,3;51,1;225,4;13,25;2505,3;18,27;24,0;998,1;ON;77,15;
2026-07-25 14:17:43;08:44:18;90,4;78,1;77,2;77,3;51,1;225,4;13,25;2505,3;18,28;24,0;998,1;ON;77,15;
2026-07-25 14:17:52;08:44:27;90,4;78,1;77,3;77,3;51,2;225,4;13,25;2505,3;18,29;24,0;998,1;ON;77,15;
2026-07-25 14:18:01;08:44:36;90,4;78,1;77,2;77,3;51,2;225,4;13,25;2505,3;18,29;24,0;998,1;ON;77,15;
2026-07-25 14:18:11;08:44:46;90,4;78,1;77,2;77,3;51,2;225,4;13,25;2505,3;18,30;24,0;998,1;ON;77,15;
2026-07-25 14:18:20;08:44:55;90,4;78,0;77,2;77,3;51,3;225,4;13,25;2505,3;18,30;24,0;998,1;ON;77,15;
2026-07-25 14:18:29;08:45:04;90,4;78,0;77,2;77,3;51,4;225,4;13,25;2505,3;18,31;24,0;998,1;ON;77,15;
2026-07-25 14:18:38;08:45:13;90,4;78,0;77,2;77,3;51,5;225,4;13,25;2505,3;18,32;24,0;998,1;ON;77,15;
2026-07-25 14:18:47;08:45:22;90,4;78,0;77,2;77,3;51,6;225,4;13,25;2505,3;18,32;24,0;998,1;ON;77,15;
2026-07-25 14:18:56;08:45:31;90,4;78,0;77,2;77,3;51,7;225,4;13,25;2505,3;18,33;24,0;998,1;ON;77,15;
2026-07-25 14:19:05;08:45:40;90,4;78,0;77,2;77,3;51,8;225,4;13,25;2505,3;18,34;24,0;998,1;ON;77,15;
2026-07-25 14:19:14;08:45:49;90,4;78,0;77,2;77,3;51,9;225,4;13,25;2505,3;18,34;24,0;998,1;ON;77,15;
2026-07-25 14:19:23;08:45:58;90,4;78,0;77,2;77,3;52,0;225,4;13,25;2505,3;18,35;24,0;998,1;ON;77,15;
2026-07-25 14:19:32;08:46:07;90,4;78,0;77,2;77,3;52,2;225,4;13,25;2505,3;18,35;24,0;998,1;ON;77,15;
2026-07-25 14:19:41;08:46:16;90,4;78,0;77,2;77,3;52,3;225,4;13,25;2505,3;18,36;24,0;998,1;ON;77,15;
2026-07-25 14:19:50;08:46:25;90,4;78,0;77,3;77,3;52,4;225,4;13,25;2505,3;18,37;24,0;998,1;ON;77,15;
2026-07-25 14:19:59;08:46:34;90,4;78,0;77,2;77,3;52,5;225,4;13,25;2505,3;18,37;24,0;998,1;ON;77,15;
2026-07-25 14:20:08;08:46:43;90,4;78,0;77,2;77,3;52,6;225,4;13,25;2505,3;18,38;24,0;998,1;ON;77,15;
2026-07-25 14:20:18;08:46:53;90,4;78,0;77,2;77,3;52,8;225,4;13,25;2505,3;18,39;24,0;998,1;ON;77,15;
2026-07-25 14:20:27;08:47:02;90,5;78,0;77,2;77,3;52,9;225,4;13,25;2505,3;18,39;24,0;998,1;ON;77,15;
2026-07-25 14:20:36;08:47:11;90,5;78,0;77,2;77,3;53,0;225,4;13,25;2505,3;18,40;24,0;998,1;ON;77,15;
2026-07-25 14:20:45;08:47:20;90,5;78,0;77,2;77,3;53,1;225,4;13,25;2505,3;18,41;24,0;998,1;ON;77,15;
2026-07-25 14:20:54;08:47:29;90,5;78,0;77,2;77,3;53,2;225,4;13,25;2505,3;18,41;24,0;998,1;ON;77,15;
2026-07-25 14:21:03;08:47:38;90,5;78,0;77,2;77,3;53,4;225,4;13,25;2505,3;18,42;24,0;998,1;ON;77,15;
2026-07-25 14:21:12;08:47:47;90,5;78,0;77,2;77,3;53,4;225,4;13,25;2505,3;18,42;24,0;998,1;ON;77,15;
2026-07-25 14:21:21;08:47:56;90,5;78,0;77,3;77,3;53,6;225,4;13,25;2505,3;18,43;24,0;998,1;ON;77,15;
2026-07-25 14:21:30;08:48:05;90,5;78,0;77,2;77,3;53,7;225,4;13,25;2505,3;18,44;24,0;998,1;ON;77,15;
2026-07-25 14:21:39;08:48:14;90,6;78,0;77,2;77,3;53,8;225,4;13,25;2505,3;18,44;24,0;998,1;ON;77,15;
2026-07-25 14:21:48;08:48:23;90,6;78,0;77,2;77,3;53,9;225,4;13,25;2505,3;18,45;24,0;998,1;ON;77,15;
2026-07-25 14:21:58;08:48:33;90,6;78,0;77,2;77,3;54,1;225,4;13,25;2505,3;18,46;24,0;998,1;ON;77,15;
2026-07-25 14:22:07;08:48:42;90,6;78,0;77,2;77,3;54,2;225,4;13,25;2505,3;18,46;24,0;998,1;ON;77,15;
2026-07-25 14:22:16;08:48:51;90,6;78,0;77,2;77,3;54,3;225,4;13,25;2505,3;18,47;24,0;998,1;ON;77,15;
2026-07-25 14:22:25;08:49:00;90,6;78,0;77,2;77,3;54,4;225,4;13,25;2505,3;18,48;24,0;998,1;ON;77,15;
2026-07-25 14:22:34;08:49:09;90,6;78,0;77,2;77,3;54,2;225,4;13,25;2505,3;18,48;24,0;998,1;ON;77,15;
2026-07-25 14:22:43;08:49:18;90,6;78,0;77,2;77,3;53,7;225,4;13,25;2505,3;18,49;24,0;998,1;ON;77,15;
2026-07-25 14:22:52;08:49:27;90,6;78,0;77,2;77,3;53,1;225,4;13,25;2505,3;18,49;24,0;998,1;ON;77,15;
2026-07-25 14:23:01;08:49:36;90,6;78,0;77,2;77,3;52,6;225,4;13,25;2505,3;18,50;24,0;998,1;ON;77,15;
2026-07-25 14:23:10;08:49:45;90,6;78,0;77,3;77,3;52,1;225,4;13,25;2505,3;18,51;24,0;998,1;ON;77,15;
2026-07-25 14:23:19;08:49:54;90,6;78,0;77,2;77,3;51,6;225,4;13,25;2505,3;18,51;24,0;998,1;ON;77,15;
2026-07-25 14:23:28;08:50:03;90,6;78,0;77,2;77,3;51,1;225,4;13,25;2505,3;18,52;24,0;998,1;ON;77,15;
2026-07-25 14:23:37;08:50:12;90,6;78,0;77,2;77,3;50,8;225,4;13,25;2505,3;18,53;24,0;998,1;ON;77,15;
2026-07-25 14:23:46;08:50:21;90,6;78,0;77,2;77,3;50,4;225,4;13,25;2505,3;18,53;24,0;998,1;ON;77,15;
2026-07-25 14:23:55;08:50:30;90,6;78,0;77,2;77,3;50,2;225,4;13,25;2505,3;18,54;24,0;998,1;ON;77,15;
2026-07-25 14:24:04;08:50:39;90,7;78,0;77,3;77,3;50,2;225,4;13,25;2505,3;18,54;24,0;998,1;ON;77,15;
2026-07-25 14:24:13;08:50:48;90,7;78,0;77,2;77,3;50,1;225,4;13,25;2505,3;18,55;24,0;998,1;ON;77,15;
2026-07-25 14:24:22;08:50:57;90,7;78,0;77,2;77,3;49,8;225,4;13,25;2505,3;18,56;24,0;998,1;ON;77,15;
2026-07-25 14:24:31;08:51:06;90,7;78,0;77,2;77,3;49,7;225,4;13,25;2505,3;18,56;24,0;998,1;ON;77,15;
2026-07-25 14:24:40;08:51:15;90,7;78,0;77,2;77,3;49,6;225,4;13,25;2505,3;18,57;24,0;998,1;ON;77,15;
2026-07-25 14:24:50;08:51:25;90,7;78,0;77,2;77,3;49,5;225,4;13,25;2505,3;18,58;24,0;998,1;ON;77,15;
2026-07-25 14:24:59;08:51:34;90,7;78,0;77,3;77,3;49,4;225,4;13,25;2505,3;18,58;24,0;998,1;ON;77,15;
2026-07-25 14:25:08;08:51:43;90,7;78,0;77,2;77,3;49,2;225,4;13,25;2505,3;18,59;24,0;998,1;ON;77,15;
2026-07-25 14:25:17;08:51:52;90,7;78,0;77,2;77,3;49,2;225,4;13,25;2505,3;18,59;24,0;998,1;ON;77,15;
2026-07-25 14:25:26;08:52:01;90,7;78,0;77,2;77,3;49,1;225,4;13,25;2505,3;18,60;24,0;998,1;ON;77,15;
2026-07-25 14:25:35;08:52:10;90,8;78,0;77,2;77,3;49,1;225,4;13,25;2505,3;18,61;24,0;998,1;ON;77,15;
2026-07-25 14:25:44;08:52:19;90,8;78,0;77,2;77,3;48,9;225,4;13,25;2505,3;18,61;24,0;998,1;ON;77,15;
2026-07-25 14:25:53;08:52:28;90,8;78,0;77,2;77,3;48,9;225,4;13,25;2505,3;18,62;24,0;998,1;ON;77,15;
2026-07-25 14:26:02;08:52:37;90,8;78,0;77,2;77,3;48,9;225,4;13,25;2505,3;18,63;24,0;998,1;ON;77,15;
2026-07-25 14:26:11;08:52:46;90,8;78,0;77,2;77,3;48,9;225,4;13,25;2505,3;18,63;24,0;998,1;ON;77,15;
2026-07-25 14:26:20;08:52:55;90,8;78,0;77,2;77,3;49,0;225,4;13,25;2505,3;18,64;24,0;998,1;ON;77,15;
2026-07-25 14:26:29;08:53:04;90,8;78,0;77,2;77,3;49,0;225,4;13,25;2505,3;18,64;24,0;998,1;ON;77,15;
2026-07-25 14:26:38;08:53:13;90,8;78,0;77,3;77,3;48,9;225,4;13,25;2505,3;18,65;24,0;998,1;ON;77,15;
2026-07-25 14:26:47;08:53:22;90,8;78,0;77,2;77,3;48,9;225,4;13,25;2505,3;18,66;24,0;998,1;ON;77,15;
2026-07-25 14:26:56;08:53:31;90,8;78,0;77,2;77,3;48,9;225,4;13,25;2505,3;18,66;24,0;998,1;ON;77,15;
2026-07-25 14:27:05;08:53:40;90,8;78,0;77,2;77,3;48,9;225,4;13,25;2505,3;18,67;24,0;998,1;ON;77,15;
2026-07-25 14:27:14;08:53:49;90,8;78,0;77,2;77,3;48,9;225,4;13,25;2505,3;18,68;24,0;998,1;ON;77,15;
2026-07-25 14:27:23;08:53:58;90,8;78,0;77,2;77,3;48,9;225,4;13,25;2505,3;18,68;24,0;998,1;ON;77,15;
2026-07-25 14:27:32;08:54:07;90,8;78,0;77,2;77,3;48,9;225,4;13,25;2505,3;18,69;24,0;998,1;ON;77,15;
2026-07-25 14:27:41;08:54:16;90,8;78,0;77,2;77,3;48,9;225,4;13,25;2505,3;18,70;24,0;998,1;ON;77,15;
2026-07-25 14:27:51;08:54:26;90,8;78,0;77,2;77,3;48,9;225,4;13,25;2505,3;18,70;24,0;998,1;ON;77,15;
2026-07-25 14:28:00;08:54:35;90,8;78,0;77,3;77,3;48,9;225,4;13,25;2505,3;18,71;24,0;998,1;ON;77,15;
2026-07-25 14:28:09;08:54:44;90,8;78,0;77,2;77,3;48,9;225,4;13,25;2505,3;18,71;24,0;998,1;ON;77,15;
2026-07-25 14:28:18;08:54:53;90,8;78,0;77,2;77,3;48,9;225,4;13,25;2505,3;18,72;24,0;998,1;ON;77,15;
2026-07-25 14:28:27;08:55:02;90,9;78,0;77,2;77,3;49,0;225,4;13,25;2505,3;18,73;24,0;998,1;ON;77,15;
2026-07-25 14:28:36;08:55:11;90,9;78,0;77,2;77,3;48,9;225,4;13,25;2505,3;18,73;24,0;998,1;ON;77,15;
2026-07-25 14:28:45;08:55:20;90,9;78,0;77,2;77,3;48,9;225,4;13,25;2505,3;18,74;24,0;998,1;ON;77,15;
2026-07-25 14:28:54;08:55:29;90,9;78,0;77,2;77,3;49,0;225,4;13,25;2505,3;18,75;24,0;998,1;ON;77,15;
2026-07-25 14:29:03;08:55:38;90,9;78,0;77,2;77,3;49,0;225,4;13,25;2505,3;18,75;24,0;998,1;ON;77,15;
2026-07-25 14:29:12;08:55:47;90,9;78,0;77,2;77,3;49,0;225,4;13,25;2505,3;18,76;24,0;998,1;ON;77,15;
2026-07-25 14:29:21;08:55:56;90,9;78,0;77,2;77,3;48,9;225,4;13,25;2505,3;18,76;24,0;998,1;ON;77,15;
2026-07-25 14:29:30;08:56:05;90,9;78,0;77,2;77,3;48,9;225,4;13,25;2505,3;18,77;24,0;998,1;ON;77,15;
2026-07-25 14:29:39;08:56:14;90,9;78,0;77,2;77,3;49,0;225,4;13,25;2505,3;18,78;24,0;998,1;ON;77,15;
2026-07-25 14:29:48;08:56:23;90,9;78,0;77,2;77,3;49,1;225,4;13,25;2505,3;18,78;24,0;998,1;ON;77,15;
2026-07-25 14:29:57;08:56:32;90,9;78,0;77,2;77,3;49,2;225,4;13,25;2505,3;18,79;24,0;998,1;ON;77,15;
2026-07-25 14:30:06;08:56:41;90,9;78,0;77,2;77,3;49,2;225,4;13,25;2505,3;18,80;24,0;998,1;ON;77,15;
2026-07-25 14:30:15;08:56:50;90,9;78,0;77,2;77,3;49,2;225,4;13,25;2505,3;18,80;24,0;998,1;ON;77,15;
2026-07-25 14:30:24;08:56:59;90,9;78,0;77,2;77,3;49,2;225,4;13,25;2505,3;18,81;24,0;998,1;ON;77,15;
2026-07-25 14:30:33;08:57:08;90,9;78,0;77,2;77,3;49,3;225,4;13,25;2505,3;18,81;24,0;998,1;ON;77,15;
2026-07-25 14:30:42;08:57:17;90,9;78,0;77,2;77,3;49,4;225,4;13,25;2505,3;18,82;24,0;998,1;ON;77,15;
2026-07-25 14:30:52;08:57:27;91,0;78,0;77,2;77,3;49,4;225,4;13,25;2505,3;18,83;24,0;998,1;ON;77,15;
2026-07-25 14:31:01;08:57:36;91,0;78,0;77,2;77,3;49,5;225,4;13,25;2505,3;18,83;24,0;998,1;ON;77,15;
2026-07-25 14:31:10;08:57:45;91,0;78,0;77,2;77,3;49,6;225,4;13,25;2505,3;18,84;24,0;998,1;ON;77,15;
2026-07-25 14:31:19;08:57:54;91,0;78,0;77,2;77,3;49,6;225,4;13,25;2505,3;18,85;24,0;998,1;ON;77,15;
2026-07-25 14:31:28;08:58:03;91,0;78,0;77,2;77,3;49,5;225,4;13,25;2505,3;18,85;24,0;998,1;ON;77,15;
2026-07-25 14:31:37;08:58:12;91,0;78,0;77,2;77,3;49,5;225,4;13,25;2505,3;18,86;24,0;998,1;ON;77,15;
2026-07-25 14:31:46;08:58:21;91,0;78,0;77,2;77,3;49,6;225,4;13,25;2505,3;18,87;24,0;998,1;ON;77,15;
2026-07-25 14:31:55;08:58:30;91,0;78,0;77,2;77,3;49,6;225,4;13,25;2505,3;18,87;24,0;998,1;ON;77,15;
2026-07-25 14:32:04;08:58:39;91,0;78,0;77,2;77,3;49,6;225,4;13,25;2505,3;18,88;24,1;998,1;ON;77,15;
2026-07-25 14:32:13;08:58:48;91,0;78,0;77,2;77,3;49,7;225,4;13,25;2505,3;18,88;24,1;998,1;ON;77,15;
2026-07-25 14:32:22;08:58:57;91,0;78,0;77,2;77,3;49,7;225,4;13,25;2505,3;18,89;24,1;998,1;ON;77,15;
2026-07-25 14:32:31;08:59:06;91,0;78,0;77,2;77,3;49,8;225,4;13,25;2505,3;18,90;24,1;998,1;ON;77,15;
2026-07-25 14:32:40;08:59:15;91,0;78,0;77,2;77,3;49,8;225,4;13,25;2505,3;18,90;24,1;998,1;ON;77,15;
2026-07-25 14:32:49;08:59:24;91,0;78,0;77,2;77,3;49,9;225,4;13,25;2505,3;18,91;24,1;998,1;ON;77,15;
2026-07-25 14:32:59;08:59:34;91,1;78,1;77,2;77,3;50,0;225,4;13,25;2505,3;18,92;24,1;998,1;ON;77,15;
2026-07-25 14:33:08;08:59:43;91,1;78,0;77,2;77,3;50,0;225,4;13,25;2505,3;18,92;24,1;998,1;ON;77,15;
2026-07-25 14:33:17;08:59:52;91,1;78,0;77,2;77,3;49,9;225,4;13,25;2505,3;18,93;24,1;998,1;ON;77,15;
2026-07-25 14:33:26;09:00:01;91,1;78,0;77,2;77,3;50,0;225,4;13,25;2505,3;18,93;24,1;998,1;ON;77,15;
2026-07-25 14:33:35;09:00:10;91,1;78,0;77,2;77,3;50,1;225,4;13,25;2505,3;18,94;24,1;998,1;ON;77,15;
2026-07-25 14:33:44;09:00:19;91,1;78,0;77,2;77,3;50,1;225,4;13,25;2505,3;18,95;24,1;998,1;ON;77,15;
2026-07-25 14:33:53;09:00:28;91,1;78,0;77,2;77,3;50,1;225,4;13,25;2505,3;18,95;24,1;998,1;ON;77,15;
2026-07-25 14:34:02;09:00:37;91,1;78,0;77,2;77,3;50,2;225,4;13,25;2505,3;18,96;24,1;998,1;ON;77,15;
2026-07-25 14:34:11;09:00:46;91,1;78,0;77,3;77,3;50,2;225,4;13,25;2505,3;18,97;24,1;998,1;ON;77,15;
2026-07-25 14:34:20;09:00:55;91,1;78,0;77,2;77,3;50,2;225,4;13,25;2505,3;18,97;24,1;998,1;ON;77,15;
2026-07-25 14:34:29;09:01:04;91,1;78,0;77,2;77,3;50,3;225,4;13,25;2505,3;18,98;24,1;998,1;ON;77,15;
2026-07-25 14:34:38;09:01:13;91,1;78,0;77,2;77,3;50,4;225,4;13,25;2505,3;18,99;24,1;998,1;ON;77,15;
2026-07-25 14:34:47;09:01:22;91,1;78,0;77,3;77,3;50,4;225,4;13,25;2505,3;18,99;24,1;998,1;ON;77,15;
2026-07-25 14:34:56;09:01:31;91,1;78,0;77,2;77,3;50,5;225,4;13,25;2505,3;19,00;24,1;998,1;ON;77,15;
2026-07-25 14:35:05;09:01:40;91,2;78,0;77,2;77,3;50,5;225,4;13,25;2505,3;19,00;24,1;998,1;ON;77,15;
2026-07-25 14:35:14;09:01:49;91,1;78,0;77,2;77,3;50,6;225,4;13,25;2505,3;19,01;24,1;998,1;ON;77,15;
2026-07-25 14:35:23;09:01:58;91,2;78,0;77,2;77,3;50,7;225,4;13,25;2505,3;19,02;24,1;998,1;ON;77,15;
2026-07-25 14:35:32;09:02:07;91,2;78,0;77,2;77,3;50,6;225,4;13,25;2505,3;19,02;24,1;998,1;ON;77,15;
2026-07-25 14:35:41;09:02:16;91,2;78,0;77,2;77,3;50,7;225,4;13,25;2505,3;19,03;24,1;998,1;ON;77,15;
2026-07-25 14:35:50;09:02:25;91,2;78,0;77,2;77,3;50,8;225,4;13,25;2505,3;19,04;24,1;998,1;ON;77,15;
2026-07-25 14:35:59;09:02:34;91,2;78,0;77,2;77,3;50,8;225,4;13,25;2505,3;19,04;24,1;998,1;ON;77,15;
2026-07-25 14:36:08;09:02:43;91,2;78,0;77,2;77,3;50,9;225,4;13,25;2505,3;19,05;24,1;998,1;ON;77,15;
2026-07-25 14:36:17;09:02:52;91,2;78,0;77,2;77,3;50,9;225,4;13,25;2505,3;19,05;24,1;998,1;ON;77,15;
2026-07-25 14:36:26;09:03:01;91,2;78,0;77,2;77,3;51,1;225,4;13,25;2505,3;19,06;24,1;998,1;ON;77,15;
2026-07-25 14:36:35;09:03:10;91,2;78,0;77,2;77,3;51,2;225,4;13,25;2505,3;19,07;24,1;998,1;ON;77,15;
2026-07-25 14:36:45;09:03:20;91,2;78,0;77,2;77,3;51,2;225,4;13,25;2505,3;19,07;24,1;998,1;ON;77,15;
2026-07-25 14:36:54;09:03:29;91,2;78,0;77,2;77,3;51,2;225,4;13,25;2505,3;19,08;24,1;998,1;ON;77,15;
2026-07-25 14:37:03;09:03:38;91,2;78,0;77,2;77,3;51,3;225,4;13,25;2505,3;19,09;24,1;998,1;ON;77,15;
2026-07-25 14:37:12;09:03:47;91,2;78,0;77,2;77,3;51,4;225,4;13,25;2505,3;19,09;24,1;998,1;ON;77,15;
2026-07-25 14:37:21;09:03:56;91,2;78,0;77,2;77,3;51,5;225,4;13,25;2505,3;19,10;24,1;998,1;ON;77,15;
2026-07-25 14:37:30;09:04:05;91,2;78,0;77,2;77,3;51,6;225,4;13,25;2505,3;19,11;24,1;998,1;ON;77,15;
2026-07-25 14:37:39;09:04:14;91,2;78,0;77,2;77,3;51,7;225,4;13,25;2505,3;19,11;24,1;998,1;ON;77,15;
2026-07-25 14:37:48;09:04:23;91,2;78,0;77,2;77,3;51,8;225,4;13,25;2505,3;19,12;24,1;998,1;ON;77,15;
2026-07-25 14:37:57;09:04:32;91,2;78,0;77,3;77,3;51,9;225,4;13,25;2505,3;19,12;24,1;998,1;ON;77,15;
2026-07-25 14:38:06;09:04:41;91,3;78,0;77,2;77,3;52,0;225,4;13,25;2505,3;19,13;24,1;998,1;ON;77,15;
2026-07-25 14:38:15;09:04:50;91,3;78,0;77,2;77,3;52,1;225,4;13,25;2505,3;19,14;24,1;998,1;ON;77,15;
2026-07-25 14:38:24;09:04:59;91,3;78,0;77,2;77,3;52,1;225,4;13,25;2505,3;19,14;24,1;998,1;ON;77,15;
2026-07-25 14:38:33;09:05:08;91,3;78,0;77,2;77,3;52,1;225,4;13,25;2505,3;19,15;24,1;998,1;ON;77,15;
2026-07-25 14:38:42;09:05:17;91,3;78,0;77,2;77,3;52,2;225,4;13,25;2505,3;19,16;24,1;998,1;ON;77,15;
2026-07-25 14:38:51;09:05:26;91,3;78,0;77,2;77,3;52,2;225,4;13,25;2505,3;19,16;24,1;998,1;ON;77,15;
2026-07-25 14:39:00;09:05:35;91,3;78,0;77,2;77,3;52,4;225,4;13,25;2505,3;19,17;24,1;998,1;ON;77,15;
2026-07-25 14:39:09;09:05:44;91,3;78,0;77,2;77,3;52,6;225,4;13,25;2505,3;19,17;24,1;998,1;ON;77,15;
2026-07-25 14:39:19;09:05:54;91,4;78,0;77,2;77,3;52,7;225,4;13,25;2505,3;19,18;24,1;998,1;ON;77,15;
2026-07-25 14:39:28;09:06:03;91,4;78,0;77,3;77,3;52,7;225,4;13,25;2505,3;19,19;24,1;998,1;ON;77,15;
2026-07-25 14:39:37;09:06:12;91,4;78,0;77,2;77,3;52,8;225,4;13,25;2505,3;19,19;24,1;998,1;ON;77,15;
2026-07-25 14:39:46;09:06:21;91,4;78,0;77,2;77,3;52,9;225,4;13,25;2505,3;19,20;24,1;998,1;ON;77,15;
2026-07-25 14:39:55;09:06:30;91,4;78,0;77,2;77,3;53,1;225,4;13,25;2505,3;19,21;24,1;998,1;ON;77,15;
2026-07-25 14:40:04;09:06:39;91,4;78,0;77,2;77,3;53,2;225,4;13,25;2505,3;19,21;24,1;998,1;ON;77,15;
2026-07-25 14:40:13;09:06:48;91,4;78,0;77,2;77,3;53,3;225,4;13,25;2505,3;19,22;24,1;998,1;ON;77,15;
2026-07-25 14:40:22;09:06:57;91,4;78,0;77,2;77,3;53,4;225,4;13,25;2505,3;19,22;24,1;998,1;ON;77,15;
2026-07-25 14:40:31;09:07:06;91,4;78,0;77,2;77,3;53,6;225,4;13,25;2505,3;19,23;24,1;998,1;ON;77,15;
2026-07-25 14:40:40;09:07:15;91,4;78,0;77,2;77,3;53,6;225,4;13,25;2505,3;19,24;24,1;998,1;ON;77,15;
2026-07-25 14:40:49;09:07:24;91,4;78,0;77,2;77,3;53,8;225,4;13,25;2505,3;19,24;24,1;998,1;ON;77,15;
2026-07-25 14:40:58;09:07:33;91,4;78,0;77,2;77,3;53,9;225,4;13,25;2505,3;19,25;24,1;998,1;ON;77,15;
2026-07-25 14:41:07;09:07:42;91,4;78,1;77,2;77,3;54,0;225,4;13,25;2505,3;19,26;24,1;998,1;ON;77,15;
2026-07-25 14:41:16;09:07:51;91,4;78,1;77,2;77,3;54,2;225,4;13,25;2505,3;19,26;24,1;998,1;ON;77,15;
2026-07-25 14:41:26;09:08:01;91,4;78,1;77,2;77,3;54,4;225,4;13,25;2505,3;19,27;24,1;998,1;ON;77,15;
2026-07-25 14:41:35;09:08:10;91,4;78,0;77,2;77,3;54,6;225,4;13,25;2505,3;19,28;24,1;998,1;ON;77,15;
2026-07-25 14:41:44;09:08:19;91,4;78,1;77,2;77,3;54,2;225,4;13,25;2505,3;19,28;24,1;998,1;ON;77,15;
2026-07-25 14:41:53;09:08:28;91,4;78,1;77,2;77,3;53,8;225,4;13,25;2505,3;19,29;24,1;998,1;ON;77,15;
2026-07-25 14:42:02;09:08:37;91,5;78,1;77,2;77,3;53,2;225,4;13,25;2505,3;19,29;24,1;998,1;ON;77,15;
2026-07-25 14:42:11;09:08:46;91,5;78,1;77,2;77,3;52,7;225,4;13,25;2505,3;19,30;24,1;998,1;ON;77,15;
2026-07-25 14:42:20;09:08:55;91,5;78,1;77,2;77,3;52,1;225,4;13,25;2505,3;19,31;24,1;998,1;ON;77,15;
2026-07-25 14:42:29;09:09:04;91,5;78,1;77,2;77,3;51,7;225,4;13,25;2505,3;19,31;24,1;998,1;ON;77,15;
2026-07-25 14:42:38;09:09:13;91,5;78,1;77,2;77,3;51,3;225,4;13,25;2505,3;19,32;24,1;998,1;ON;77,15;
2026-07-25 14:42:47;09:09:22;91,5;78,1;77,2;77,3;51,0;225,4;13,25;2505,3;19,33;24,1;998,1;ON;77,15;
2026-07-25 14:42:56;09:09:31;91,5;78,1;77,3;77,3;50,8;225,4;13,25;2505,3;19,33;24,1;998,1;ON;77,15;
2026-07-25 14:43:05;09:09:40;91,6;78,1;77,2;77,3;50,6;225,4;13,25;2505,3;19,34;24,1;998,1;ON;77,15;
2026-07-25 14:43:14;09:09:49;91,5;78,1;77,2;77,3;50,3;225,4;13,25;2505,3;19,34;24,1;998,1;ON;77,15;
2026-07-25 14:43:23;09:09:58;91,6;78,1;77,2;77,3;50,2;225,4;13,25;2505,3;19,35;24,1;998,1;ON;77,15;
2026-07-25 14:43:32;09:10:07;91,6;78,1;77,2;77,3;50,0;225,4;13,25;2505,3;19,36;24,1;998,1;ON;77,15;
2026-07-25 14:43:41;09:10:16;91,6;78,1;77,2;77,3;49,8;225,4;13,25;2505,3;19,36;24,1;998,1;ON;77,15;
2026-07-25 14:43:51;09:10:26;91,6;78,1;77,2;77,3;49,6;225,4;13,25;2505,3;19,37;24,1;998,1;ON;77,15;
2026-07-25 14:44:00;09:10:35;91,6;78,1;77,2;77,3;49,6;225,4;13,25;2505,3;19,38;24,1;998,1;ON;77,15;
2026-07-25 14:44:09;09:10:44;91,6;78,1;77,2;77,3;49,4;225,4;13,25;2505,3;19,38;24,1;998,1;ON;77,15;
2026-07-25 14:44:18;09:10:53;91,6;78,1;77,2;77,3;49,2;225,4;13,25;2505,3;19,39;24,1;998,1;ON;77,15;
2026-07-25 14:44:27;09:11:02;91,6;78,1;77,2;77,3;49,2;225,4;13,25;2505,3;19,39;24,1;998,1;ON;77,15;
2026-07-25 14:44:36;09:11:11;91,6;78,1;77,2;77,3;49,6;225,4;13,25;2505,3;19,40;24,1;998,1;ON;77,15;
2026-07-25 14:44:45;09:11:20;91,6;78,1;77,2;77,3;49,8;225,4;13,25;2505,3;19,41;24,1;998,1;ON;77,15;
2026-07-25 14:44:54;09:11:29;91,6;78,1;77,2;77,3;49,7;225,4;13,25;2505,3;19,41;24,1;998,1;ON;77,15;
2026-07-25 14:45:03;09:11:38;91,6;78,1;77,2;77,3;49,6;225,4;13,25;2505,3;19,42;24,1;998,1;ON;77,15;
2026-07-25 14:45:12;09:11:47;91,6;78,1;77,2;77,3;49,6;225,4;13,25;2505,3;19,43;24,1;998,1;ON;77,15;
2026-07-25 14:45:21;09:11:56;91,6;78,1;77,2;77,3;49,5;225,4;13,25;2505,3;19,43;24,1;998,1;ON;77,15;
2026-07-25 14:45:30;09:12:05;91,6;78,1;77,2;77,3;49,4;225,4;13,25;2505,3;19,44;24,1;998,1;ON;77,15;
2026-07-25 14:45:41;09:12:16;91,7;78,1;77,3;77,3;49,4;225,4;13,25;2505,3;19,45;24,1;998,1;ON;77,15;
2026-07-25 14:45:50;09:12:25;91,7;78,1;77,2;77,3;49,3;225,4;13,25;2505,3;19,45;24,1;998,1;ON;77,15;
2026-07-25 14:45:59;09:12:34;91,7;78,1;77,2;77,3;49,3;225,4;13,25;2505,3;19,46;24,1;998,1;ON;77,15;
2026-07-25 14:46:08;09:12:43;91,7;78,1;77,2;77,3;49,3;225,4;13,25;2505,3;19,47;24,1;998,1;ON;77,15;
2026-07-25 14:46:17;09:12:52;91,7;78,1;77,2;77,3;49,2;225,4;13,25;2505,3;19,47;24,1;998,1;ON;77,15;
2026-07-25 14:46:26;09:13:01;91,7;78,1;77,2;77,3;49,2;225,4;13,25;2505,3;19,48;24,1;998,1;ON;77,15;
2026-07-25 14:46:35;09:13:10;91,7;78,1;77,2;77,3;49,2;225,4;13,25;2505,3;19,48;24,1;998,1;ON;77,15;
2026-07-25 14:46:45;09:13:20;91,7;78,1;77,2;77,3;49,2;225,4;13,25;2505,3;19,49;24,1;998,1;ON;77,15;
2026-07-25 14:46:54;09:13:29;91,7;78,1;77,2;77,3;49,2;225,4;13,25;2505,3;19,50;24,1;998,1;ON;77,15;
2026-07-25 14:47:03;09:13:38;91,8;78,1;77,2;77,3;49,2;225,4;13,25;2505,3;19,50;24,1;998,1;ON;77,15;
2026-07-25 14:47:12;09:13:47;91,8;78,1;77,3;77,3;49,3;225,4;13,25;2505,3;19,51;24,1;998,1;ON;77,15;
2026-07-25 14:47:21;09:13:56;91,8;78,1;77,2;77,3;49,4;225,4;13,25;2505,3;19,52;24,3;998,0;ON;77,15;
2026-07-25 14:47:30;09:14:05;91,8;78,1;77,3;77,3;49,4;225,4;13,25;2505,3;19,52;24,3;998,0;ON;77,15;
2026-07-25 14:47:39;09:14:14;91,8;78,1;77,2;77,3;49,5;225,4;13,25;2505,3;19,53;24,3;998,0;ON;77,15;
2026-07-25 14:47:48;09:14:23;91,8;78,1;77,2;77,3;49,5;225,4;13,25;2505,3;19,54;24,3;998,0;ON;77,15;
2026-07-25 14:47:57;09:14:32;91,8;78,1;77,3;77,3;49,6;225,4;13,25;2505,3;19,54;24,3;998,0;ON;77,15;
2026-07-25 14:48:06;09:14:41;91,8;78,1;77,2;77,3;49,6;225,4;13,25;2505,3;19,55;24,3;998,0;ON;77,15;
2026-07-25 14:48:15;09:14:50;91,8;78,1;77,2;77,3;49,6;225,4;13,25;2505,3;19,55;24,3;998,0;ON;77,15;
2026-07-25 14:48:24;09:14:59;91,8;78,1;77,2;77,3;49,6;225,4;13,25;2505,3;19,56;24,3;998,0;ON;77,15;
2026-07-25 14:48:33;09:15:08;91,8;78,1;77,2;77,3;49,6;225,4;13,25;2505,3;19,57;24,3;998,0;ON;77,15;
2026-07-25 14:48:43;09:15:18;91,8;78,1;77,2;77,3;49,7;225,4;13,25;2505,3;19,57;24,3;998,0;ON;77,15;
2026-07-25 14:48:52;09:15:27;91,8;78,1;77,2;77,3;49,7;225,4;13,25;2505,3;19,58;24,3;998,0;ON;77,15;
2026-07-25 14:49:01;09:15:36;91,8;78,1;77,2;77,3;49,7;225,4;13,25;2505,3;19,59;24,3;998,0;ON;77,15;
2026-07-25 14:49:10;09:15:45;91,8;78,1;77,3;77,3;49,7;225,4;13,25;2505,3;19,59;24,3;998,0;ON;77,15;
2026-07-25 14:49:19;09:15:54;91,8;78,1;77,2;77,3;49,7;225,4;13,25;2505,3;19,60;24,3;998,0;ON;77,15;
2026-07-25 14:49:28;09:16:03;91,9;78,1;77,2;77,3;49,8;225,4;13,25;2505,3;19,60;24,3;998,0;ON;77,15;
2026-07-25 14:49:37;09:16:12;91,9;78,1;77,2;77,3;49,8;225,4;13,25;2505,3;19,61;24,3;998,0;ON;77,15;
2026-07-25 14:49:46;09:16:21;91,9;78,1;77,2;77,3;49,8;225,4;13,25;2505,3;19,62;24,3;998,0;ON;77,15;
2026-07-25 14:49:55;09:16:30;91,9;78,1;77,2;77,3;49,8;225,4;13,25;2505,3;19,62;24,3;998,0;ON;77,15;
2026-07-25 14:50:04;09:16:39;91,9;78,1;77,2;77,3;49,8;225,4;13,25;2505,3;19,63;24,3;998,0;ON;77,15;
2026-07-25 14:50:13;09:16:48;91,9;78,1;77,2;77,3;49,8;225,4;13,25;2505,3;19,64;24,3;998,0;ON;77,15;
2026-07-25 14:50:22;09:16:57;91,9;78,1;77,2;77,3;49,8;225,4;13,25;2505,3;19,64;24,3;998,0;ON;77,15;
2026-07-25 14:50:31;09:17:06;91,9;78,1;77,2;77,3;49,8;225,4;13,25;2505,3;19,65;24,3;998,0;ON;77,15;
2026-07-25 14:50:40;09:17:15;91,9;78,1;77,2;77,3;49,9;225,4;13,25;2505,3;19,65;24,3;998,0;ON;77,15;
2026-07-25 14:50:49;09:17:24;91,9;78,1;77,2;77,3;49,9;225,4;13,25;2505,3;19,66;24,3;998,0;ON;77,15;
2026-07-25 14:50:58;09:17:33;91,9;78,1;77,2;77,3;50,0;225,4;13,25;2505,3;19,67;24,3;998,0;ON;77,15;
2026-07-25 14:51:07;09:17:42;91,9;78,1;77,2;77,3;50,0;225,4;13,25;2505,3;19,67;24,3;998,0;ON;77,15;
2026-07-25 14:51:16;09:17:51;91,9;78,1;77,2;77,3;50,1;225,4;13,25;2505,3;19,68;24,3;998,0;ON;77,15;
2026-07-25 14:51:25;09:18:00;91,9;78,1;77,2;77,3;50,1;225,4;13,25;2505,3;19,69;24,3;998,0;ON;77,15;
2026-07-25 14:51:34;09:18:09;91,9;78,1;77,2;77,3;50,2;225,4;13,25;2505,3;19,69;24,3;998,0;ON;77,15;
2026-07-25 14:51:43;09:18:18;92,0;78,1;77,2;77,3;50,2;225,4;13,25;2505,3;19,70;24,3;998,0;ON;77,15;
2026-07-25 14:51:52;09:18:27;92,0;78,1;77,2;77,3;50,2;225,4;13,25;2505,3;19,71;24,3;998,0;ON;77,15;
2026-07-25 14:52:02;09:18:37;92,0;78,1;77,2;77,3;50,2;225,4;13,25;2505,3;19,71;24,3;998,0;ON;77,15;
2026-07-25 14:52:11;09:18:46;92,0;78,1;77,2;77,3;50,2;225,4;13,25;2505,3;19,72;24,3;998,0;ON;77,15;
2026-07-25 14:52:20;09:18:55;92,0;78,1;77,2;77,3;50,3;225,4;13,25;2505,3;19,72;24,3;998,0;ON;77,15;
2026-07-25 14:52:29;09:19:04;92,0;78,1;77,2;77,3;50,4;225,4;13,25;2505,3;19,73;24,3;998,0;ON;77,15;
2026-07-25 14:52:38;09:19:13;92,0;78,1;77,2;77,3;50,4;225,4;13,25;2505,3;19,74;24,3;998,0;ON;77,15;
2026-07-25 14:52:47;09:19:22;92,0;78,1;77,2;77,3;50,4;225,4;13,25;2505,3;19,74;24,3;998,0;ON;77,15;
2026-07-25 14:52:56;09:19:31;92,1;78,1;77,2;77,3;50,5;225,4;13,25;2505,3;19,75;24,3;998,0;ON;77,15;
2026-07-25 14:53:05;09:19:40;92,0;78,1;77,2;77,3;50,5;225,4;13,25;2505,3;19,76;24,3;998,0;ON;77,15;
2026-07-25 14:53:14;09:19:49;92,1;78,1;77,2;77,3;50,6;225,4;13,25;2505,3;19,76;24,3;998,0;ON;77,15;
2026-07-25 14:53:23;09:19:58;92,1;78,1;77,2;77,3;50,6;225,4;13,25;2505,3;19,77;24,3;998,0;ON;77,15;
2026-07-25 14:53:32;09:20:07;92,1;78,1;77,2;77,3;50,6;225,4;13,25;2505,3;19,77;24,3;998,0;ON;77,15;
2026-07-25 14:53:41;09:20:16;92,1;78,1;77,2;77,3;50,6;225,4;13,25;2505,3;19,78;24,3;998,0;ON;77,15;
2026-07-25 14:53:50;09:20:25;92,1;78,1;77,2;77,3;50,5;225,4;13,25;2505,3;19,79;24,3;998,0;ON;77,15;
2026-07-25 14:53:59;09:20:34;92,1;78,1;77,2;77,3;50,5;225,4;13,25;2505,3;19,79;24,3;998,0;ON;77,15;
2026-07-25 14:54:09;09:20:44;92,1;78,1;77,2;77,3;50,6;227,7;13,38;2556,7;19,80;24,3;998,0;ON;77,15;
2026-07-25 14:54:18;09:20:53;92,1;78,1;77,2;77,3;50,6;227,7;13,38;2556,7;19,81;24,3;998,0;ON;77,15;
2026-07-25 14:54:27;09:21:02;92,1;78,1;77,2;77,3;50,6;227,7;13,38;2556,7;19,81;24,3;998,0;ON;77,15;
2026-07-25 14:54:36;09:21:11;92,1;78,1;77,2;77,3;50,6;227,7;13,38;2556,7;19,82;24,3;998,0;ON;77,15;
2026-07-25 14:54:45;09:21:20;92,1;78,1;77,2;77,3;50,6;227,7;13,38;2556,7;19,83;24,3;998,0;ON;77,15;
2026-07-25 14:54:54;09:21:29;92,1;78,1;77,2;77,3;50,6;227,7;13,38;2556,7;19,83;24,3;998,0;ON;77,15;
2026-07-25 14:55:03;09:21:38;92,1;78,1;77,2;77,3;50,7;227,7;13,38;2556,7;19,84;24,3;998,0;ON;77,15;
2026-07-25 14:55:12;09:21:47;92,1;78,1;77,2;77,3;50,7;227,7;13,38;2556,7;19,84;24,3;998,0;ON;77,15;
2026-07-25 14:55:21;09:21:56;92,1;78,1;77,2;77,3;50,8;227,7;13,38;2556,7;19,85;24,3;998,0;ON;77,15;
2026-07-25 14:55:30;09:22:05;92,2;78,1;77,2;77,3;50,9;227,7;13,38;2556,7;19,86;24,3;998,0;ON;77,15;
2026-07-25 14:55:39;09:22:14;92,2;78,1;77,2;77,3;50,9;227,7;13,38;2556,7;19,86;24,3;998,0;ON;77,15;
2026-07-25 14:55:48;09:22:23;92,2;78,1;77,2;77,3;50,9;227,7;13,38;2556,7;19,87;24,3;998,0;ON;77,15;
2026-07-25 14:55:57;09:22:32;92,2;78,1;77,2;77,3;50,9;227,7;13,38;2556,7;19,88;24,3;998,0;ON;77,15;
2026-07-25 14:56:06;09:22:41;92,2;78,1;77,2;77,3;51,0;227,7;13,38;2556,7;19,88;24,3;998,0;ON;77,15;
2026-07-25 14:56:15;09:22:50;92,2;78,1;77,2;77,3;51,0;227,7;13,38;2556,7;19,89;24,3;998,0;ON;77,15;
2026-07-25 14:56:24;09:22:59;92,2;78,1;77,2;77,3;51,1;227,7;13,38;2556,7;19,90;24,3;998,0;ON;77,15;
2026-07-25 14:56:33;09:23:08;92,2;78,1;77,2;77,3;51,2;227,7;13,38;2556,7;19,90;24,3;998,0;ON;77,15;
2026-07-25 14:56:42;09:23:17;92,2;78,1;77,2;77,3;51,4;227,7;13,38;2556,7;19,91;24,3;998,0;ON;77,15;
2026-07-25 14:56:51;09:23:26;92,2;78,1;77,2;77,3;51,4;227,7;13,38;2556,7;19,92;24,3;998,0;ON;77,15;
2026-07-25 14:57:00;09:23:35;92,2;78,1;77,2;77,3;51,6;227,7;13,38;2556,7;19,92;24,3;998,0;ON;77,15;
2026-07-25 14:57:09;09:23:44;92,2;78,1;77,2;77,3;51,7;227,7;13,38;2556,7;19,93;24,3;998,0;ON;77,15;
2026-07-25 14:57:18;09:23:53;92,2;78,1;77,2;77,3;51,8;227,7;13,38;2556,7;19,93;24,3;998,0;ON;77,15;
2026-07-25 14:57:27;09:24:02;92,2;78,1;77,2;77,3;51,9;227,7;13,38;2556,7;19,94;24,3;998,0;ON;77,15;
2026-07-25 14:57:36;09:24:11;92,2;78,1;77,2;77,3;51,9;227,7;13,38;2556,7;19,95;24,3;998,0;ON;77,15;
2026-07-25 14:57:46;09:24:21;92,2;78,1;77,2;77,3;52,0;227,7;13,38;2556,7;19,95;24,3;998,0;ON;77,15;
2026-07-25 14:57:55;09:24:30;92,2;78,1;77,2;77,3;52,1;227,7;13,38;2556,7;19,96;24,3;998,0;ON;77,15;
2026-07-25 14:58:04;09:24:39;92,3;78,1;77,2;77,3;52,2;227,7;13,38;2556,7;19,97;24,3;998,0;ON;77,15;
2026-07-25 14:58:13;09:24:48;92,3;78,1;77,2;77,3;52,3;227,7;13,38;2556,7;19,97;24,3;998,0;ON;77,15;
2026-07-25 14:58:22;09:24:57;92,3;78,1;77,2;77,3;52,4;227,7;13,38;2556,7;19,98;24,3;998,0;ON;77,15;
2026-07-25 14:58:31;09:25:06;92,3;78,1;77,2;77,3;52,5;227,7;13,38;2556,7;19,99;24,3;998,0;ON;77,15;
2026-07-25 14:58:40;09:25:15;92,3;78,1;77,2;77,3;52,6;227,7;13,38;2556,7;19,99;24,3;998,0;ON;77,15;
2026-07-25 14:58:49;09:25:24;92,4;78,1;77,2;77,3;52,7;227,7;13,38;2556,7;20,00;24,3;998,0;ON;77,15;
2026-07-25 14:58:58;09:25:33;92,3;78,1;77,2;77,3;52,8;227,7;13,38;2556,7;20,01;24,3;998,0;ON;77,15;
2026-07-25 14:59:07;09:25:42;92,3;78,1;77,2;77,3;52,9;227,7;13,38;2556,7;20,01;24,3;998,0;ON;77,15;
2026-07-25 14:59:16;09:25:51;92,4;78,1;77,2;77,3;53,2;227,7;13,38;2556,7;20,02;24,3;998,0;ON;77,15;
2026-07-25 14:59:25;09:26:00;92,4;78,1;77,2;77,3;53,3;227,7;13,38;2556,7;20,02;24,3;998,0;ON;77,15;
2026-07-25 14:59:34;09:26:09;92,4;78,1;77,2;77,3;53,4;227,7;13,38;2556,7;20,03;24,3;998,0;ON;77,15;
2026-07-25 14:59:43;09:26:18;92,4;78,1;77,2;77,3;53,5;227,7;13,38;2556,7;20,04;24,3;998,0;ON;77,15;
2026-07-25 14:59:52;09:26:27;92,4;78,1;77,2;77,3;53,6;227,7;13,38;2556,7;20,04;24,3;998,0;ON;77,15;
2026-07-25 15:00:01;09:26:36;92,4;78,1;77,2;77,3;53,8;227,7;13,38;2556,7;20,05;24,3;998,0;ON;77,15;
2026-07-25 15:00:10;09:26:45;92,4;78,1;77,2;77,3;54,0;227,7;13,38;2556,7;20,06;24,3;998,0;ON;77,15;
2026-07-25 15:00:19;09:26:54;92,4;78,1;77,2;77,3;54,1;227,7;13,38;2556,7;20,06;24,3;998,0;ON;77,15;
2026-07-25 15:00:29;09:27:04;92,4;78,1;77,2;77,3;54,2;227,7;13,38;2556,7;20,07;24,3;998,0;ON;77,15;
2026-07-25 15:00:38;09:27:13;92,4;78,1;77,2;77,3;54,2;227,7;13,38;2556,7;20,08;24,3;998,0;ON;77,15;
2026-07-25 15:00:47;09:27:22;92,4;78,1;77,2;77,3;53,9;227,7;13,38;2556,7;20,08;24,3;998,0;ON;77,15;
2026-07-25 15:00:56;09:27:31;92,4;78,1;77,2;77,3;53,4;227,7;13,38;2556,7;20,09;24,3;998,0;ON;77,15;
2026-07-25 15:01:05;09:27:40;92,4;78,1;77,2;77,3;52,8;227,7;13,38;2556,7;20,10;24,3;998,0;ON;77,15;
2026-07-25 15:01:14;09:27:49;92,4;78,1;77,2;77,3;52,2;227,7;13,38;2556,7;20,10;24,3;998,0;ON;77,15;
2026-07-25 15:01:23;09:27:58;92,4;78,1;77,3;77,3;51,8;227,7;13,38;2556,7;20,11;24,3;998,0;ON;77,15;
2026-07-25 15:01:32;09:28:07;92,5;78,1;77,2;77,3;51,4;227,7;13,38;2556,7;20,11;24,3;998,0;ON;77,15;
2026-07-25 15:01:41;09:28:16;92,5;78,1;77,2;77,3;51,0;227,7;13,38;2556,7;20,12;24,3;998,0;ON;77,15;
2026-07-25 15:01:50;09:28:25;92,5;78,1;77,2;77,3;50,7;227,7;13,38;2556,7;20,13;24,3;998,0;ON;77,15;
2026-07-25 15:01:59;09:28:34;92,5;78,1;77,2;77,3;50,4;227,7;13,38;2556,7;20,13;24,3;998,0;ON;77,15;
2026-07-25 15:02:08;09:28:43;92,5;78,1;77,2;77,3;50,2;227,7;13,38;2556,7;20,14;24,3;998,0;ON;77,15;
2026-07-25 15:02:17;09:28:52;92,5;78,1;77,2;77,3;49,9;227,7;13,38;2556,7;20,15;24,3;998,0;ON;77,15;
2026-07-25 15:02:26;09:29:01;92,5;78,1;77,2;77,3;49,7;227,7;13,38;2556,7;20,15;24,3;998,0;ON;77,15;
2026-07-25 15:02:36;09:29:11;92,5;78,1;77,2;77,3;49,5;227,7;13,38;2556,7;20,16;24,3;998,0;ON;77,15;
2026-07-25 15:02:45;09:29:20;92,6;78,1;77,2;77,3;49,6;227,7;13,38;2556,7;20,17;24,4;997,9;ON;77,15;
2026-07-25 15:02:54;09:29:29;92,6;78,1;77,2;77,3;49,4;227,7;13,38;2556,7;20,17;24,4;997,9;ON;77,15;
2026-07-25 15:03:03;09:29:38;92,6;78,1;77,2;77,3;49,4;227,7;13,38;2556,7;20,18;24,4;997,9;ON;77,15;
2026-07-25 15:03:12;09:29:47;92,6;78,1;77,2;77,3;49,3;227,7;13,38;2556,7;20,19;24,4;997,9;ON;77,15;
2026-07-25 15:03:21;09:29:56;92,6;78,1;77,2;77,3;49,2;227,7;13,38;2556,7;20,19;24,4;997,9;ON;77,15;
2026-07-25 15:03:30;09:30:05;92,6;78,1;77,2;77,3;49,2;227,7;13,38;2556,7;20,20;24,4;997,9;ON;77,15;
2026-07-25 15:03:39;09:30:14;92,6;78,1;77,2;77,3;49,2;227,7;13,38;2556,7;20,21;24,4;997,9;ON;77,15;
2026-07-25 15:03:48;09:30:23;92,6;78,1;77,2;77,3;49,2;227,7;13,38;2556,7;20,21;24,4;997,9;ON;77,15;
2026-07-25 15:03:57;09:30:32;92,6;78,1;77,2;77,3;49,1;227,7;13,38;2556,7;20,22;24,4;997,9;ON;77,15;
2026-07-25 15:04:06;09:30:41;92,6;78,1;77,3;77,3;49,0;227,7;13,38;2556,7;20,22;24,4;997,9;ON;77,15;
2026-07-25 15:04:15;09:30:50;92,6;78,1;77,2;77,3;48,9;227,7;13,38;2556,7;20,23;24,4;997,9;ON;77,15;
2026-07-25 15:04:24;09:30:59;92,6;78,1;77,2;77,3;48,9;227,7;13,38;2556,7;20,24;24,4;997,9;ON;77,15;
2026-07-25 15:04:33;09:31:08;92,6;78,1;77,2;77,3;48,8;227,7;13,38;2556,7;20,24;24,4;997,9;ON;77,15;
2026-07-25 15:04:43;09:31:18;92,6;78,1;77,2;77,3;48,8;227,7;13,38;2556,7;20,25;24,4;997,9;ON;77,15;
2026-07-25 15:04:52;09:31:27;92,6;78,1;77,2;77,3;48,8;227,7;13,38;2556,7;20,26;24,4;997,9;ON;77,15;
2026-07-25 15:05:01;09:31:36;92,6;78,1;77,2;77,3;48,9;227,7;13,38;2556,7;20,26;24,4;997,9;ON;77,15;
2026-07-25 15:05:10;09:31:45;92,7;78,1;77,2;77,3;48,8;227,7;13,38;2556,7;20,27;24,4;997,9;ON;77,15;
2026-07-25 15:05:19;09:31:54;92,7;78,1;77,2;77,3;48,8;227,7;13,38;2556,7;20,28;24,4;997,9;ON;77,15;
2026-07-25 15:05:28;09:32:03;92,7;78,1;77,2;77,3;48,8;227,7;13,38;2556,7;20,28;24,4;997,9;ON;77,15;
2026-07-25 15:05:37;09:32:12;92,7;78,1;77,2;77,3;48,8;227,7;13,38;2556,7;20,29;24,4;997,9;ON;77,15;
2026-07-25 15:05:46;09:32:21;92,7;78,1;77,2;77,3;48,7;227,7;13,38;2556,7;20,30;24,4;997,9;ON;77,15;
2026-07-25 15:05:55;09:32:30;92,7;78,1;77,2;77,3;48,7;227,7;13,38;2556,7;20,30;24,4;997,9;ON;77,15;
2026-07-25 15:06:04;09:32:39;92,8;78,1;77,2;77,3;48,7;227,7;13,38;2556,7;20,31;24,4;997,9;ON;77,15;
2026-07-25 15:06:13;09:32:48;92,8;78,1;77,2;77,3;48,7;227,7;13,38;2556,7;20,31;24,4;997,9;ON;77,15;
2026-07-25 15:06:22;09:32:57;92,8;78,1;77,2;77,3;48,7;227,7;13,38;2556,7;20,32;24,4;997,9;ON;77,15;
2026-07-25 15:06:31;09:33:06;92,8;78,1;77,2;77,3;48,7;227,7;13,38;2556,7;20,33;24,4;997,9;ON;77,15;
2026-07-25 15:06:40;09:33:15;92,8;78,1;77,2;77,3;48,7;227,7;13,38;2556,7;20,33;24,4;997,9;ON;77,15;
2026-07-25 15:06:49;09:33:24;92,8;78,1;77,2;77,3;48,6;227,7;13,38;2556,7;20,34;24,4;997,9;ON;77,15;
2026-07-25 15:06:58;09:33:33;92,8;78,1;77,2;77,3;48,7;227,7;13,38;2556,7;20,35;24,4;997,9;ON;77,15;
2026-07-25 15:07:07;09:33:42;92,8;78,1;77,2;77,3;48,8;227,7;13,38;2556,7;20,35;24,4;997,9;ON;77,15;
2026-07-25 15:07:16;09:33:51;92,8;78,1;77,2;77,3;48,8;227,7;13,38;2556,7;20,36;24,4;997,9;ON;77,15;
2026-07-25 15:07:25;09:34:00;92,8;78,1;77,2;77,3;48,8;227,7;13,38;2556,7;20,37;24,4;997,9;ON;77,15;
2026-07-25 15:07:34;09:34:09;92,8;78,1;77,2;77,3;48,9;227,7;13,38;2556,7;20,37;24,4;997,9;ON;77,15;
2026-07-25 15:07:43;09:34:18;92,8;78,1;77,2;77,3;48,9;227,7;13,38;2556,7;20,38;24,4;997,9;ON;77,15;
2026-07-25 15:07:52;09:34:27;92,8;78,1;77,2;77,3;48,9;227,7;13,38;2556,7;20,39;24,4;997,9;ON;77,15;
2026-07-25 15:08:01;09:34:36;92,8;78,1;77,2;77,3;48,9;227,7;13,38;2556,7;20,39;24,4;997,9;ON;77,15;
2026-07-25 15:08:10;09:34:45;92,9;78,1;77,2;77,3;48,9;227,7;13,38;2556,7;20,40;24,4;997,9;ON;77,15;
2026-07-25 15:08:19;09:34:54;92,8;78,1;77,2;77,3;48,9;227,7;13,38;2556,7;20,40;24,4;997,9;ON;77,15;
2026-07-25 15:08:29;09:35:04;92,9;78,1;77,2;77,3;48,9;227,7;13,38;2556,7;20,41;24,4;997,9;ON;77,15;
2026-07-25 15:08:38;09:35:13;92,9;78,1;77,2;77,3;49,0;227,7;13,38;2556,7;20,42;24,4;997,9;ON;77,15;
2026-07-25 15:08:47;09:35:22;92,9;78,1;77,2;77,3;49,0;227,7;13,38;2556,7;20,42;24,4;997,9;ON;77,15;
2026-07-25 15:08:56;09:35:31;92,9;78,1;77,2;77,3;48,9;227,7;13,38;2556,7;20,43;24,4;997,9;ON;77,15;
2026-07-25 15:09:05;09:35:40;92,9;78,1;77,2;77,3;48,9;227,7;13,38;2556,7;20,44;24,4;997,9;ON;77,15;
2026-07-25 15:09:14;09:35:49;92,9;78,1;77,2;77,3;48,9;227,7;13,38;2556,7;20,44;24,4;997,9;ON;77,15;
2026-07-25 15:09:23;09:35:58;92,9;78,1;77,2;77,3;49,0;227,7;13,38;2556,7;20,45;24,4;997,9;ON;77,15;
2026-07-25 15:09:32;09:36:07;92,9;78,1;77,2;77,3;49,1;227,7;13,38;2556,7;20,46;24,4;997,9;ON;77,15;
2026-07-25 15:09:41;09:36:16;92,9;78,1;77,2;77,3;49,1;227,7;13,38;2556,7;20,46;24,4;997,9;ON;77,15;
2026-07-25 15:09:50;09:36:25;92,9;78,1;77,2;77,3;49,1;227,7;13,38;2556,7;20,47;24,4;997,9;ON;77,15;
2026-07-25 15:09:59;09:36:34;92,9;78,1;77,2;77,3;49,2;227,7;13,38;2556,7;20,48;24,4;997,9;ON;77,15;
2026-07-25 15:10:08;09:36:43;92,9;78,1;77,2;77,3;49,2;227,7;13,38;2556,7;20,48;24,4;997,9;ON;77,15;
2026-07-25 15:10:17;09:36:52;92,9;78,1;77,2;77,3;49,2;227,7;13,38;2556,7;20,49;24,4;997,9;ON;77,15;
2026-07-25 15:10:26;09:37:01;92,9;78,1;77,2;77,3;49,2;227,7;13,38;2556,7;20,49;24,4;997,9;ON;77,15;
2026-07-25 15:10:35;09:37:10;93,0;78,1;77,2;77,3;49,2;227,7;13,38;2556,7;20,50;24,4;997,9;ON;77,15;
2026-07-25 15:10:44;09:37:19;93,0;78,1;77,2;77,3;49,2;227,7;13,38;2556,7;20,51;24,4;997,9;ON;77,15;
2026-07-25 15:10:53;09:37:28;93,0;78,1;77,2;77,3;49,2;227,7;13,38;2556,7;20,51;24,4;997,9;ON;77,15;
2026-07-25 15:11:03;09:37:38;93,0;78,1;77,2;77,3;49,3;227,7;13,38;2556,7;20,52;24,4;997,9;ON;77,15;
2026-07-25 15:11:12;09:37:47;93,0;78,1;77,2;77,3;49,4;227,7;13,38;2556,7;20,53;24,4;997,9;ON;77,15;
2026-07-25 15:11:21;09:37:56;93,0;78,1;77,2;77,3;49,3;227,7;13,38;2556,7;20,53;24,4;997,9;ON;77,15;
2026-07-25 15:11:30;09:38:05;93,0;78,1;77,2;77,3;49,4;227,7;13,38;2556,7;20,54;24,4;997,9;ON;77,15;
2026-07-25 15:11:39;09:38:14;93,0;78,1;77,2;77,3;49,4;227,7;13,38;2556,7;20,55;24,4;997,9;ON;77,15;
2026-07-25 15:11:48;09:38:23;93,1;78,1;77,2;77,3;49,5;227,7;13,38;2556,7;20,55;24,4;997,9;ON;77,15;
2026-07-25 15:11:57;09:38:32;93,1;78,1;77,2;77,3;49,5;227,7;13,38;2556,7;20,56;24,4;997,9;ON;77,15;
2026-07-25 15:12:06;09:38:41;93,1;78,1;77,2;77,3;49,5;227,7;13,38;2556,7;20,56;24,4;997,9;ON;77,15;
2026-07-25 15:12:15;09:38:50;93,1;78,1;77,3;77,3;49,5;227,7;13,38;2556,7;20,57;24,4;997,9;ON;77,15;
2026-07-25 15:12:24;09:38:59;93,1;78,1;77,2;77,3;49,6;227,7;13,38;2556,7;20,58;24,4;997,9;ON;77,15;
2026-07-25 15:12:33;09:39:08;93,1;78,1;77,2;77,3;49,6;227,7;13,38;2556,7;20,58;24,4;997,9;ON;77,15;
2026-07-25 15:12:42;09:39:17;93,1;78,1;77,2;77,3;49,6;227,7;13,38;2556,7;20,59;24,4;997,9;ON;77,15;
2026-07-25 15:12:51;09:39:26;93,1;78,1;77,2;77,3;49,7;227,7;13,38;2556,7;20,60;24,4;997,9;ON;77,15;
2026-07-25 15:13:00;09:39:35;93,1;78,1;77,2;77,3;49,7;227,7;13,38;2556,7;20,60;24,4;997,9;ON;77,15;
2026-07-25 15:13:09;09:39:44;93,1;78,2;77,2;77,3;49,8;225,6;13,26;2507,9;20,61;24,4;997,9;ON;77,15;
2026-07-25 15:13:18;09:39:53;93,1;78,2;77,2;77,3;49,9;225,6;13,26;2507,9;20,62;24,4;997,9;ON;77,15;
2026-07-25 15:13:27;09:40:02;93,1;78,2;77,2;77,3;49,9;225,6;13,26;2507,9;20,62;24,4;997,9;ON;77,15;
2026-07-25 15:13:37;09:40:12;93,1;78,1;77,2;77,3;49,9;225,6;13,26;2507,9;20,63;24,4;997,9;ON;77,15;
2026-07-25 15:13:46;09:40:21;93,1;78,1;77,2;77,3;50,0;225,6;13,26;2507,9;20,64;24,4;997,9;ON;77,15;
2026-07-25 15:13:55;09:40:30;93,2;78,1;77,2;77,3;50,1;225,6;13,26;2507,9;20,64;24,4;997,9;ON;77,15;
2026-07-25 15:14:04;09:40:39;93,2;78,1;77,2;77,3;50,2;225,6;13,26;2507,9;20,65;24,4;997,9;ON;77,15;
2026-07-25 15:14:13;09:40:48;93,2;78,2;77,2;77,3;50,3;225,6;13,26;2507,9;20,65;24,4;997,9;ON;77,15;
2026-07-25 15:14:22;09:40:57;93,2;78,2;77,2;77,3;50,4;225,6;13,26;2507,9;20,66;24,4;997,9;ON;77,15;
2026-07-25 15:14:31;09:41:06;93,2;78,2;77,2;77,3;50,4;225,6;13,26;2507,9;20,67;24,4;997,9;ON;77,15;
2026-07-25 15:14:40;09:41:15;93,2;78,2;77,2;77,3;50,3;225,6;13,26;2507,9;20,67;24,4;997,9;ON;77,15;
2026-07-25 15:14:49;09:41:24;93,2;78,2;77,2;77,3;50,3;225,6;13,26;2507,9;20,68;24,4;997,9;ON;77,15;
2026-07-25 15:14:58;09:41:33;93,2;78,2;77,2;77,3;50,4;225,6;13,26;2507,9;20,69;24,4;997,9;ON;77,15;
2026-07-25 15:15:07;09:41:42;93,2;78,1;77,2;77,3;50,5;225,6;13,26;2507,9;20,69;24,4;997,9;ON;77,15;
2026-07-25 15:15:16;09:41:51;93,2;78,1;77,2;77,3;50,6;225,6;13,26;2507,9;20,70;24,4;997,9;ON;77,15;
2026-07-25 15:15:25;09:42:00;93,2;78,1;77,2;77,3;50,6;225,6;13,26;2507,9;20,70;24,4;997,9;ON;77,15;
2026-07-25 15:15:34;09:42:09;93,2;78,1;77,2;77,3;50,6;225,6;13,26;2507,9;20,71;24,4;997,9;ON;77,15;
2026-07-25 15:15:43;09:42:18;93,2;78,2;77,2;77,3;50,8;225,6;13,26;2507,9;20,72;24,4;997,9;ON;77,15;
2026-07-25 15:15:52;09:42:27;93,2;78,2;77,2;77,3;50,9;225,6;13,26;2507,9;20,72;24,4;997,9;ON;77,15;
2026-07-25 15:16:01;09:42:36;93,2;78,1;77,2;77,3;50,9;225,6;13,26;2507,9;20,73;24,4;997,9;ON;77,15;
2026-07-25 15:16:10;09:42:45;93,2;78,2;77,2;77,3;51,0;225,6;13,26;2507,9;20,74;24,4;997,9;ON;77,15;
2026-07-25 15:16:19;09:42:54;93,3;78,2;77,2;77,3;51,1;225,6;13,26;2507,9;20,74;24,4;997,9;ON;77,15;
2026-07-25 15:16:28;09:43:03;93,3;78,2;77,2;77,3;51,2;225,6;13,26;2507,9;20,75;24,4;997,9;ON;77,15;
2026-07-25 15:16:37;09:43:12;93,3;78,1;77,2;77,3;51,3;225,6;13,26;2507,9;20,75;24,4;997,9;ON;77,15;
2026-07-25 15:16:46;09:43:21;93,3;78,1;77,2;77,3;51,4;225,6;13,26;2507,9;20,76;24,4;997,9;ON;77,15;
2026-07-25 15:16:55;09:43:30;93,3;78,1;77,2;77,3;51,4;225,6;13,26;2507,9;20,77;24,4;997,9;ON;77,15;
2026-07-25 15:17:04;09:43:39;93,3;78,1;77,2;77,3;51,5;225,6;13,26;2507,9;20,77;24,4;997,9;ON;77,15;
2026-07-25 15:17:13;09:43:48;93,3;78,2;77,2;77,3;51,6;225,6;13,26;2507,9;20,78;24,4;997,9;ON;77,15;
2026-07-25 15:17:23;09:43:58;93,4;78,2;77,2;77,3;51,8;225,6;13,26;2507,9;20,79;24,4;997,9;ON;77,15;
2026-07-25 15:17:32;09:44:07;93,4;78,2;77,2;77,3;51,9;225,6;13,26;2507,9;20,79;24,4;997,9;ON;77,15;
2026-07-25 15:17:41;09:44:16;93,4;78,2;77,2;77,3;52,0;225,6;13,26;2507,9;20,80;24,4;997,9;ON;77,15;
2026-07-25 15:17:50;09:44:25;93,4;78,1;77,2;77,3;52,1;225,6;13,26;2507,9;20,81;24,4;997,9;ON;77,15;
2026-07-25 15:17:59;09:44:34;93,4;78,1;77,2;77,3;52,1;225,6;13,26;2507,9;20,81;24,4;997,9;ON;77,15;
2026-07-25 15:18:08;09:44:43;93,4;78,2;77,2;77,3;52,2;225,6;13,26;2507,9;20,82;24,5;997,8;ON;77,15;
2026-07-25 15:18:17;09:44:52;93,4;78,2;77,2;77,3;52,4;225,6;13,26;2507,9;20,82;24,5;997,8;ON;77,15;
2026-07-25 15:18:26;09:45:01;93,4;78,1;77,2;77,3;52,4;225,6;13,26;2507,9;20,83;24,5;997,8;ON;77,15;
2026-07-25 15:18:35;09:45:10;93,4;78,2;77,2;77,3;52,5;225,6;13,26;2507,9;20,84;24,5;997,8;ON;77,15;
2026-07-25 15:18:44;09:45:19;93,4;78,1;77,2;77,3;52,6;225,6;13,26;2507,9;20,84;24,5;997,8;ON;77,15;
2026-07-25 15:18:53;09:45:28;93,4;78,2;77,3;77,3;52,7;225,6;13,26;2507,9;20,85;24,5;997,8;ON;77,15;
2026-07-25 15:19:02;09:45:37;93,4;78,1;77,2;77,3;52,8;225,6;13,26;2507,9;20,86;24,5;997,8;ON;77,15;
2026-07-25 15:19:11;09:45:46;93,4;78,2;77,2;77,3;52,9;225,6;13,26;2507,9;20,86;24,5;997,8;ON;77,15;
2026-07-25 15:19:20;09:45:55;93,4;78,2;77,2;77,3;52,9;225,6;13,26;2507,9;20,87;24,5;997,8;ON;77,15;
2026-07-25 15:19:29;09:46:04;93,5;78,2;77,2;77,3;53,1;225,6;13,26;2507,9;20,87;24,5;997,8;ON;77,15;
2026-07-25 15:19:39;09:46:14;93,5;78,2;77,2;77,3;53,2;225,6;13,26;2507,9;20,88;24,5;997,8;ON;77,15;
2026-07-25 15:19:48;09:46:23;93,5;78,2;77,2;77,3;52,8;225,6;13,26;2507,9;20,89;24,5;997,8;ON;77,15;
2026-07-25 15:19:57;09:46:32;93,5;78,2;77,2;77,3;52,3;225,6;13,26;2507,9;20,89;24,5;997,8;ON;77,15;
2026-07-25 15:20:06;09:46:41;93,5;78,2;77,2;77,3;51,7;225,6;13,26;2507,9;20,90;24,5;997,8;ON;77,15;
2026-07-25 15:20:15;09:46:50;93,5;78,2;77,2;77,3;51,2;225,6;13,26;2507,9;20,91;24,5;997,8;ON;77,15;
2026-07-25 15:20:24;09:46:59;93,6;78,2;77,2;77,3;50,8;225,6;13,26;2507,9;20,91;24,5;997,8;ON;77,15;
2026-07-25 15:20:33;09:47:08;93,6;78,2;77,2;77,3;50,4;225,6;13,26;2507,9;20,92;24,5;997,8;ON;77,15;
2026-07-25 15:20:42;09:47:17;93,6;78,2;77,2;77,3;50,1;225,6;13,26;2507,9;20,93;24,5;997,8;ON;77,15;
2026-07-25 15:20:51;09:47:26;93,6;78,2;77,2;77,3;49,8;225,6;13,26;2507,9;20,93;24,5;997,8;ON;77,15;
2026-07-25 15:21:00;09:47:35;93,6;78,2;77,2;77,3;49,8;225,6;13,26;2507,9;20,94;24,5;997,8;ON;77,15;
2026-07-25 15:21:09;09:47:44;93,6;78,2;77,2;77,3;49,6;225,6;13,26;2507,9;20,94;24,5;997,8;ON;77,15;
2026-07-25 15:21:18;09:47:53;93,6;78,2;77,2;77,3;49,3;225,6;13,26;2507,9;20,95;24,5;997,8;ON;77,15;
2026-07-25 15:21:27;09:48:02;93,6;78,2;77,2;77,3;49,1;225,6;13,26;2507,9;20,96;24,5;997,8;ON;77,15;
2026-07-25 15:21:36;09:48:11;93,6;78,2;77,2;77,3;48,9;225,6;13,26;2507,9;20,96;24,5;997,8;ON;77,15;
2026-07-25 15:21:45;09:48:20;93,6;78,2;77,2;77,3;48,9;225,6;13,26;2507,9;20,97;24,5;997,8;ON;77,15;
2026-07-25 15:21:54;09:48:29;93,6;78,2;77,2;77,3;48,8;225,6;13,26;2507,9;20,98;24,5;997,8;ON;77,15;
2026-07-25 15:22:03;09:48:38;93,6;78,2;77,2;77,3;48,7;225,6;13,26;2507,9;20,98;24,5;997,8;ON;77,15;
2026-07-25 15:22:12;09:48:47;93,6;78,2;77,2;77,3;48,6;225,6;13,26;2507,9;20,99;24,5;997,8;ON;77,15;
2026-07-25 15:22:21;09:48:56;93,6;78,2;77,2;77,3;48,4;225,6;13,26;2507,9;20,99;24,5;997,8;ON;77,15;
2026-07-25 15:22:30;09:49:05;93,7;78,2;77,2;77,3;48,5;225,6;13,26;2507,9;21,00;24,5;997,8;ON;77,15;
2026-07-25 15:22:39;09:49:14;93,7;78,2;77,2;77,3;48,4;225,6;13,26;2507,9;21,01;24,5;997,8;ON;77,15;
2026-07-25 15:22:48;09:49:23;93,7;78,2;77,2;77,3;48,4;225,6;13,26;2507,9;21,01;24,5;997,8;ON;77,15;
2026-07-25 15:22:57;09:49:32;93,7;78,2;77,2;77,3;48,4;225,6;13,26;2507,9;21,02;24,5;997,8;ON;77,15;
2026-07-25 15:23:06;09:49:41;93,7;78,2;77,2;77,3;48,3;225,6;13,26;2507,9;21,03;24,5;997,8;ON;77,15;
2026-07-25 15:23:15;09:49:50;93,7;78,2;77,2;77,3;48,2;225,6;13,26;2507,9;21,03;24,5;997,8;ON;77,15;
2026-07-25 15:23:25;09:50:00;93,7;78,2;77,2;77,3;48,2;225,6;13,26;2507,9;21,04;24,5;997,8;ON;77,15;
2026-07-25 15:23:34;09:50:09;93,7;78,2;77,2;77,3;48,2;225,6;13,26;2507,9;21,04;24,5;997,8;ON;77,15;
2026-07-25 15:23:43;09:50:18;93,8;78,2;77,2;77,3;48,1;225,6;13,26;2507,9;21,05;24,5;997,8;ON;77,15;
2026-07-25 15:23:52;09:50:27;93,8;78,2;77,2;77,3;48,1;225,6;13,26;2507,9;21,06;24,5;997,8;ON;77,15;
2026-07-25 15:24:01;09:50:36;93,8;78,2;77,2;77,3;48,1;225,6;13,26;2507,9;21,06;24,5;997,8;ON;77,15;
2026-07-25 15:24:10;09:50:45;93,8;78,2;77,2;77,3;48,1;225,6;13,26;2507,9;21,07;24,5;997,8;ON;77,15;
2026-07-25 15:24:19;09:50:54;93,8;78,2;77,2;77,3;48,1;225,6;13,26;2507,9;21,08;24,5;997,8;ON;77,15;
2026-07-25 15:24:28;09:51:03;93,8;78,2;77,2;77,3;48,1;225,6;13,26;2507,9;21,08;24,5;997,8;ON;77,15;
2026-07-25 15:24:37;09:51:12;93,8;78,2;77,2;77,3;48,1;225,6;13,26;2507,9;21,09;24,5;997,8;ON;77,15;
2026-07-25 15:24:46;09:51:21;93,8;78,2;77,2;77,3;48,1;225,6;13,26;2507,9;21,10;24,5;997,8;ON;77,15;
2026-07-25 15:24:55;09:51:30;93,8;78,2;77,2;77,3;48,1;225,6;13,26;2507,9;21,10;24,5;997,8;ON;77,15;
2026-07-25 15:25:04;09:51:39;93,8;78,2;77,2;77,3;48,1;225,6;13,26;2507,9;21,11;24,5;997,8;ON;77,15;
2026-07-25 15:25:13;09:51:48;93,8;78,2;77,2;77,3;48,1;225,6;13,26;2507,9;21,11;24,5;997,8;ON;77,15;
2026-07-25 15:25:22;09:51:57;93,8;78,2;77,2;77,3;48,1;225,6;13,26;2507,9;21,12;24,5;997,8;ON;77,15;
2026-07-25 15:25:31;09:52:06;93,8;78,2;77,2;77,3;48,1;225,6;13,26;2507,9;21,13;24,5;997,8;ON;77,15;
2026-07-25 15:25:40;09:52:15;93,8;78,2;77,2;77,3;48,1;225,6;13,26;2507,9;21,13;24,5;997,8;ON;77,15;
2026-07-25 15:25:50;09:52:25;93,8;78,2;77,2;77,3;48,2;225,6;13,26;2507,9;21,14;24,5;997,8;ON;77,15;
2026-07-25 15:25:58;09:52:33;93,9;78,2;77,2;77,3;48,1;225,6;13,26;2507,9;21,15;24,5;997,8;ON;77,15;
2026-07-25 15:26:07;09:52:42;93,9;78,2;77,2;77,3;48,1;225,6;13,26;2507,9;21,15;24,5;997,8;ON;77,15;
2026-07-25 15:26:16;09:52:51;93,9;78,2;77,2;77,3;48,0;225,6;13,26;2507,9;21,16;24,5;997,8;ON;77,15;
2026-07-25 15:26:26;09:53:01;93,9;78,2;77,2;77,3;48,0;225,6;13,26;2507,9;21,16;24,5;997,8;ON;77,15;
2026-07-25 15:26:35;09:53:10;93,9;78,2;77,2;77,3;48,0;225,6;13,26;2507,9;21,17;24,5;997,8;ON;77,15;
2026-07-25 15:26:44;09:53:19;93,9;78,2;77,2;77,3;48,1;225,6;13,26;2507,9;21,18;24,5;997,8;ON;77,15;
2026-07-25 15:26:53;09:53:28;93,9;78,2;77,2;77,3;48,1;225,6;13,26;2507,9;21,18;24,5;997,8;ON;77,15;
2026-07-25 15:27:02;09:53:37;93,9;78,2;77,2;77,3;48,1;225,6;13,26;2507,9;21,19;24,5;997,8;ON;77,15;
2026-07-25 15:27:11;09:53:46;93,9;78,2;77,2;77,3;48,0;225,6;13,26;2507,9;21,20;24,5;997,8;ON;77,15;
2026-07-25 15:27:20;09:53:55;93,9;78,2;77,2;77,3;48,0;225,6;13,26;2507,9;21,20;24,5;997,8;ON;77,15;
2026-07-25 15:27:29;09:54:04;93,9;78,2;77,2;77,3;48,1;225,6;13,26;2507,9;21,21;24,5;997,8;ON;77,15;
2026-07-25 15:27:38;09:54:13;93,9;78,2;77,2;77,3;48,1;225,6;13,26;2507,9;21,22;24,5;997,8;ON;77,15;
2026-07-25 15:27:47;09:54:22;93,9;78,2;77,2;77,3;48,1;225,6;13,26;2507,9;21,22;24,5;997,8;ON;77,15;
2026-07-25 15:27:56;09:54:31;93,9;78,2;77,2;77,3;48,2;225,6;13,26;2507,9;21,23;24,5;997,8;ON;77,15;
2026-07-25 15:28:05;09:54:40;94,0;78,3;77,2;77,3;48,2;225,6;13,26;2507,9;21,23;24,5;997,8;ON;77,15;
2026-07-25 15:28:14;09:54:49;94,0;78,3;77,2;77,3;48,2;225,6;13,26;2507,9;21,24;24,5;997,8;ON;77,15;
2026-07-25 15:28:23;09:54:58;94,0;78,2;77,2;77,3;48,2;225,6;13,26;2507,9;21,25;24,5;997,8;ON;77,15;
2026-07-25 15:28:32;09:55:07;94,0;78,3;77,2;77,3;48,3;225,6;13,26;2507,9;21,25;24,5;997,8;ON;77,15;
2026-07-25 15:28:41;09:55:16;94,0;78,3;77,2;77,3;48,4;225,6;13,26;2507,9;21,26;24,5;997,8;ON;77,15;
2026-07-25 15:28:50;09:55:25;94,0;78,3;77,2;77,3;48,4;225,6;13,26;2507,9;21,27;24,5;997,8;ON;77,15;
2026-07-25 15:28:59;09:55:34;94,0;78,3;77,2;77,3;48,4;225,6;13,26;2507,9;21,27;24,5;997,8;ON;77,15;
2026-07-25 15:29:08;09:55:43;94,0;78,3;77,2;77,3;48,4;225,6;13,26;2507,9;21,28;24,5;997,8;ON;77,15;
2026-07-25 15:29:18;09:55:53;94,0;78,3;77,2;77,3;48,4;225,6;13,26;2507,9;21,28;24,5;997,8;ON;77,15;
2026-07-25 15:29:27;09:56:02;94,1;78,3;77,2;77,3;48,4;225,6;13,26;2507,9;21,29;24,5;997,8;ON;77,15;
2026-07-25 15:29:36;09:56:11;94,1;78,3;77,2;77,3;48,6;225,6;13,26;2507,9;21,30;24,5;997,8;ON;77,15;
2026-07-25 15:29:45;09:56:20;94,1;78,3;77,2;77,3;48,6;225,6;13,26;2507,9;21,30;24,5;997,8;ON;77,15;
2026-07-25 15:29:54;09:56:29;94,1;78,3;77,2;77,3;48,6;225,6;13,26;2507,9;21,31;24,5;997,8;ON;77,15;
2026-07-25 15:30:03;09:56:38;94,1;78,3;77,2;77,3;48,6;225,6;13,26;2507,9;21,32;24,5;997,8;ON;77,15;
2026-07-25 15:30:13;09:56:48;94,1;78,3;77,2;77,3;48,7;225,6;13,26;2507,9;21,32;24,5;997,8;ON;77,15;
2026-07-25 15:30:22;09:56:57;94,1;78,3;77,2;77,3;48,7;225,6;13,26;2507,9;21,33;24,5;997,8;ON;77,15;
2026-07-25 15:30:31;09:57:06;94,1;78,3;77,2;77,3;48,8;225,6;13,26;2507,9;21,34;24,5;997,8;ON;77,15;
2026-07-25 15:30:40;09:57:15;94,1;78,3;77,2;77,3;48,8;225,6;13,26;2507,9;21,34;24,5;997,8;ON;77,15;
2026-07-25 15:30:49;09:57:24;94,1;78,3;77,2;77,3;48,9;225,6;13,26;2507,9;21,35;24,5;997,8;ON;77,15;
2026-07-25 15:30:58;09:57:33;94,1;78,4;77,2;77,3;48,9;225,6;13,26;2507,9;21,35;24,5;997,8;ON;77,15;
2026-07-25 15:31:07;09:57:42;94,2;78,3;77,2;77,3;49,0;225,6;13,26;2507,9;21,36;24,5;997,8;ON;77,15;
2026-07-25 15:31:16;09:57:51;94,2;78,4;77,2;77,3;49,0;225,6;13,26;2507,9;21,37;24,5;997,8;ON;77,15;
2026-07-25 15:31:25;09:58:00;94,2;78,4;77,2;77,3;49,0;225,6;13,26;2507,9;21,37;24,5;997,8;ON;77,15;
2026-07-25 15:31:34;09:58:09;94,2;78,4;77,2;77,3;49,1;225,6;13,26;2507,9;21,38;24,5;997,8;ON;77,15;
2026-07-25 15:31:43;09:58:18;94,2;78,4;77,2;77,3;49,2;225,6;13,26;2507,9;21,39;24,5;997,8;ON;77,15;
2026-07-25 15:31:52;09:58:27;94,2;78,4;77,2;77,3;49,2;225,6;13,26;2507,9;21,39;24,5;997,8;ON;77,15;
2026-07-25 15:32:01;09:58:36;94,2;78,4;77,2;77,3;49,4;225,6;13,26;2507,9;21,40;24,5;997,8;ON;77,15;
2026-07-25 15:32:10;09:58:45;94,2;78,4;77,3;77,3;49,5;225,6;13,26;2507,9;21,40;24,5;997,8;ON;77,15;
2026-07-25 15:32:19;09:58:54;94,2;78,4;77,2;77,3;49,6;225,6;13,26;2507,9;21,41;24,5;997,8;ON;77,15;
2026-07-25 15:32:28;09:59:03;94,2;78,4;77,2;77,3;49,6;225,6;13,26;2507,9;21,42;24,5;997,8;ON;77,15;
2026-07-25 15:32:37;09:59:12;94,2;78,4;77,2;77,3;49,6;225,6;13,26;2507,9;21,42;24,5;997,8;ON;77,15;
2026-07-25 15:32:46;09:59:21;94,2;78,4;77,2;77,3;49,6;225,6;13,26;2507,9;21,43;24,5;997,8;ON;77,15;
2026-07-25 15:32:55;09:59:30;94,2;78,4;77,2;77,3;49,6;225,6;13,26;2507,9;21,44;24,5;997,8;ON;77,15;
2026-07-25 15:33:04;09:59:39;94,2;78,4;77,2;77,3;49,7;225,6;13,26;2507,9;21,44;24,5;997,8;ON;77,15;
2026-07-25 15:33:13;09:59:48;94,2;78,4;77,2;77,3;49,8;225,6;13,26;2507,9;21,45;24,5;997,8;ON;77,15;
2026-07-25 15:33:22;09:59:57;94,2;78,4;77,2;77,3;49,9;225,6;13,26;2507,9;21,46;24,5;997,8;ON;77,15;
2026-07-25 15:33:32;10:00:07;94,3;78,4;77,2;77,3;49,9;225,6;13,26;2507,9;21,46;24,5;997,7;ON;77,15;
2026-07-25 15:33:41;10:00:16;94,3;78,4;77,2;77,3;49,9;225,6;13,26;2507,9;21,47;24,5;997,7;ON;77,15;
2026-07-25 15:33:50;10:00:25;94,3;78,4;77,2;77,3;50,0;225,6;13,26;2507,9;21,47;24,5;997,7;ON;77,15;
2026-07-25 15:33:59;10:00:34;94,3;78,4;77,2;77,3;50,1;225,6;13,26;2507,9;21,48;24,5;997,7;ON;77,15;
2026-07-25 15:34:08;10:00:43;94,3;78,4;77,2;77,3;50,2;225,6;13,26;2507,9;21,49;24,5;997,7;ON;77,15;
2026-07-25 15:34:17;10:00:52;94,3;78,4;77,2;77,3;50,2;225,6;13,26;2507,9;21,49;24,5;997,7;ON;77,15;
2026-07-25 15:34:26;10:01:01;94,3;78,4;77,2;77,3;50,3;225,6;13,26;2507,9;21,50;24,5;997,7;ON;77,15;
2026-07-25 15:34:35;10:01:10;94,4;78,4;77,2;77,3;50,4;225,6;13,26;2507,9;21,51;24,5;997,7;ON;77,15;
2026-07-25 15:34:44;10:01:19;94,4;78,4;77,2;77,3;50,4;225,6;13,26;2507,9;21,51;24,5;997,7;ON;77,15;
2026-07-25 15:34:53;10:01:28;94,4;78,4;77,2;77,3;50,6;225,6;13,26;2507,9;21,52;24,5;997,7;ON;77,15;
2026-07-25 15:35:02;10:01:37;94,4;78,4;77,2;77,3;50,6;225,6;13,26;2507,9;21,52;24,5;997,7;ON;77,15;
2026-07-25 15:35:11;10:01:46;94,4;78,4;77,2;77,3;50,7;225,6;13,26;2507,9;21,53;24,5;997,7;ON;77,15;
2026-07-25 15:35:20;10:01:55;94,4;78,4;77,2;77,3;50,8;225,6;13,26;2507,9;21,54;24,5;997,7;ON;77,15;
2026-07-25 15:35:29;10:02:04;94,4;78,4;77,2;77,3;50,8;225,6;13,26;2507,9;21,54;24,5;997,7;ON;77,15;
2026-07-25 15:35:38;10:02:13;94,4;78,4;77,2;77,3;50,9;225,6;13,26;2507,9;21,55;24,5;997,7;ON;77,15;
2026-07-25 15:35:47;10:02:22;94,4;78,4;77,2;77,3;51,0;225,6;13,26;2507,9;21,56;24,5;997,7;ON;77,15;
2026-07-25 15:35:56;10:02:31;94,4;78,4;77,2;77,3;51,1;225,6;13,26;2507,9;21,56;24,5;997,7;ON;77,15;
2026-07-25 15:36:05;10:02:40;94,4;78,5;77,2;77,3;51,2;225,6;13,26;2507,9;21,57;24,5;997,7;ON;77,15;
2026-07-25 15:36:14;10:02:49;94,4;78,4;77,2;77,3;51,4;225,6;13,26;2507,9;21,57;24,5;997,7;ON;77,15;
2026-07-25 15:36:24;10:02:59;94,4;78,5;77,2;77,3;51,6;225,6;13,26;2507,9;21,58;24,5;997,7;ON;77,15;
2026-07-25 15:36:33;10:03:08;94,4;78,5;77,2;77,3;51,8;225,6;13,26;2507,9;21,59;24,5;997,7;ON;77,15;
2026-07-25 15:36:42;10:03:17;94,4;78,5;77,2;77,3;51,9;225,6;13,26;2507,9;21,59;24,5;997,7;ON;77,15;
2026-07-25 15:36:51;10:03:26;94,5;78,5;77,2;77,3;51,9;225,6;13,26;2507,9;21,60;24,5;997,7;ON;77,15;
2026-07-25 15:37:00;10:03:35;94,5;78,5;77,2;77,3;52,1;225,6;13,26;2507,9;21,61;24,5;997,7;ON;77,15;
2026-07-25 15:37:09;10:03:44;94,5;78,5;77,2;77,3;52,2;225,6;13,26;2507,9;21,61;24,5;997,7;ON;77,15;
2026-07-25 15:37:18;10:03:53;94,5;78,5;77,2;77,3;52,4;225,6;13,26;2507,9;21,62;24,5;997,7;ON;77,15;
2026-07-25 15:37:27;10:04:02;94,5;78,5;77,2;77,3;52,5;225,6;13,26;2507,9;21,63;24,5;997,7;ON;77,15;
2026-07-25 15:37:36;10:04:11;94,5;78,5;77,2;77,3;52,6;225,6;13,26;2507,9;21,63;24,5;997,7;ON;77,15;
2026-07-25 15:37:45;10:04:20;94,5;78,6;77,2;77,3;52,7;225,6;13,26;2507,9;21,64;24,5;997,7;ON;77,15;
2026-07-25 15:37:54;10:04:29;94,5;78,5;77,2;77,3;52,8;225,6;13,26;2507,9;21,64;24,5;997,7;ON;77,15;
2026-07-25 15:38:03;10:04:38;94,5;78,5;77,2;77,3;53,1;225,6;13,26;2507,9;21,65;24,5;997,7;ON;77,15;
2026-07-25 15:38:13;10:04:48;94,6;78,5;77,3;77,3;53,2;225,6;13,26;2507,9;21,66;24,5;997,7;ON;77,15;
2026-07-25 15:38:22;10:04:57;94,6;78,4;77,2;77,3;53,3;225,6;13,26;2507,9;21,66;24,5;997,7;ON;77,15;
2026-07-25 15:38:31;10:05:06;94,6;78,4;77,2;77,3;53,4;225,3;13,24;2501,8;21,67;24,5;997,7;ON;77,15;
2026-07-25 15:38:40;10:05:15;94,6;78,4;77,3;77,3;53,6;225,3;13,24;2501,8;21,68;24,5;997,7;ON;77,15;
2026-07-25 15:38:49;10:05:24;94,6;78,4;77,2;77,3;53,6;225,3;13,24;2501,8;21,68;24,5;997,7;ON;77,15;
2026-07-25 15:38:58;10:05:33;94,6;78,4;77,2;77,3;53,1;225,3;13,24;2501,8;21,69;24,5;997,7;ON;77,15;
2026-07-25 15:39:07;10:05:42;94,6;78,4;77,2;77,3;52,4;225,3;13,24;2501,8;21,70;24,5;997,7;ON;77,15;
2026-07-25 15:39:16;10:05:51;94,6;78,4;77,2;77,3;51,9;225,3;13,24;2501,8;21,70;24,5;997,7;ON;77,15;
2026-07-25 15:39:25;10:06:00;94,6;78,4;77,2;77,3;51,4;225,3;13,24;2501,8;21,71;24,5;997,7;ON;77,15;
2026-07-25 15:39:34;10:06:09;94,6;78,4;77,2;77,3;51,0;225,3;13,24;2501,8;21,71;24,5;997,7;ON;77,15;
2026-07-25 15:39:43;10:06:18;94,6;78,5;77,2;77,3;50,6;225,3;13,24;2501,8;21,72;24,5;997,7;ON;77,15;
2026-07-25 15:39:52;10:06:27;94,6;78,5;77,2;77,3;50,3;225,3;13,24;2501,8;21,73;24,5;997,7;ON;77,15;
2026-07-25 15:40:01;10:06:36;94,6;78,5;77,2;77,3;50,1;225,3;13,24;2501,8;21,73;24,5;997,7;ON;77,15;
2026-07-25 15:40:10;10:06:45;94,7;78,4;77,2;77,3;49,8;225,3;13,24;2501,8;21,74;24,5;997,7;ON;77,15;
2026-07-25 15:40:19;10:06:54;94,7;78,4;77,2;77,3;49,6;225,3;13,24;2501,8;21,75;24,5;997,7;ON;77,15;
2026-07-25 15:40:28;10:07:03;94,7;78,5;77,2;77,3;49,3;225,3;13,24;2501,8;21,75;24,5;997,7;ON;77,15;
2026-07-25 15:40:38;10:07:13;94,7;78,5;77,2;77,3;49,2;225,3;13,24;2501,8;21,76;24,5;997,7;ON;77,15;
2026-07-25 15:40:47;10:07:22;94,7;78,5;77,2;77,3;49,2;225,3;13,24;2501,8;21,76;24,5;997,7;ON;77,15;
2026-07-25 15:40:56;10:07:31;94,7;78,5;77,2;77,3;49,1;225,3;13,24;2501,8;21,77;24,5;997,7;ON;77,15;
2026-07-25 15:41:05;10:07:40;94,7;78,5;77,2;77,3;49,1;225,3;13,24;2501,8;21,78;24,5;997,7;ON;77,15;
2026-07-25 15:41:14;10:07:49;94,8;78,5;77,2;77,3;48,9;225,3;13,24;2501,8;21,78;24,5;997,7;ON;77,15;
2026-07-25 15:41:23;10:07:58;94,8;78,5;77,2;77,3;48,8;225,3;13,24;2501,8;21,79;24,5;997,7;ON;77,15;
2026-07-25 15:41:32;10:08:07;94,8;78,5;77,2;77,3;48,8;225,3;13,24;2501,8;21,80;24,5;997,7;ON;77,15;
2026-07-25 15:41:41;10:08:16;94,8;78,5;77,2;77,3;48,7;225,3;13,24;2501,8;21,80;24,5;997,7;ON;77,15;
2026-07-25 15:41:50;10:08:25;94,8;78,5;77,2;77,3;48,6;225,3;13,24;2501,8;21,81;24,5;997,7;ON;77,15;
2026-07-25 15:41:59;10:08:34;94,8;78,6;77,2;77,3;48,6;225,3;13,24;2501,8;21,81;24,5;997,7;ON;77,15;
2026-07-25 15:42:08;10:08:43;94,8;78,6;77,2;77,3;48,6;225,3;13,24;2501,8;21,82;24,5;997,7;ON;77,15;
2026-07-25 15:42:17;10:08:52;94,8;78,6;77,2;77,3;48,6;225,3;13,24;2501,8;21,83;24,5;997,7;ON;77,15;
2026-07-25 15:42:26;10:09:01;94,8;78,6;77,2;77,3;48,5;225,3;13,24;2501,8;21,83;24,5;997,7;ON;77,15;
2026-07-25 15:42:35;10:09:10;94,8;78,6;77,2;77,3;48,4;225,3;13,24;2501,8;21,84;24,5;997,7;ON;77,15;
2026-07-25 15:42:44;10:09:19;94,8;78,6;77,2;77,3;48,5;225,3;13,24;2501,8;21,85;24,5;997,7;ON;77,15;
2026-07-25 15:42:53;10:09:28;94,8;78,6;77,2;77,3;48,5;225,3;13,24;2501,8;21,85;24,5;997,7;ON;77,15;
2026-07-25 15:43:02;10:09:37;94,8;78,6;77,2;77,3;48,6;225,3;13,24;2501,8;21,86;24,5;997,7;ON;77,15;
2026-07-25 15:43:11;10:09:46;94,8;78,6;77,2;77,3;48,6;225,3;13,24;2501,8;21,87;24,5;997,7;ON;77,15;
2026-07-25 15:43:20;10:09:55;94,8;78,6;77,3;77,3;48,5;225,3;13,24;2501,8;21,87;24,5;997,7;ON;77,15;
2026-07-25 15:43:29;10:10:04;94,8;78,6;77,2;77,3;48,6;225,3;13,24;2501,8;21,88;24,5;997,7;ON;77,15;
2026-07-25 15:43:38;10:10:13;94,8;78,6;77,2;77,3;48,6;225,3;13,24;2501,8;21,88;24,5;997,7;ON;77,15;
2026-07-25 15:43:48;10:10:23;94,8;78,6;77,2;77,3;48,6;225,3;13,24;2501,8;21,89;24,5;997,7;ON;77,15;
2026-07-25 15:43:57;10:10:32;94,9;78,6;77,2;77,3;48,7;225,3;13,24;2501,8;21,90;24,5;997,7;ON;77,15;
2026-07-25 15:44:06;10:10:41;94,9;78,6;77,3;77,3;48,7;225,3;13,24;2501,8;21,90;24,5;997,7;ON;77,15;
2026-07-25 15:44:15;10:10:50;94,9;78,6;77,2;77,3;48,7;225,3;13,24;2501,8;21,91;24,5;997,7;ON;77,15;
2026-07-25 15:44:24;10:10:59;94,9;78,7;77,2;77,3;48,8;225,3;13,24;2501,8;21,92;24,5;997,7;ON;77,15;
2026-07-25 15:44:33;10:11:08;94,9;78,7;77,2;77,3;48,8;225,3;13,24;2501,8;21,92;24,5;997,7;ON;77,15;
2026-07-25 15:44:42;10:11:17;94,9;78,7;77,2;77,3;48,8;225,3;13,24;2501,8;21,93;24,5;997,7;ON;77,15;
2026-07-25 15:44:51;10:11:26;94,9;78,7;77,2;77,3;48,8;225,3;13,24;2501,8;21,93;24,5;997,7;ON;77,15;
2026-07-25 15:45:00;10:11:35;94,9;78,8;77,3;77,3;48,8;225,3;13,24;2501,8;21,94;24,5;997,7;ON;77,15;
2026-07-25 15:45:09;10:11:44;94,9;78,7;77,2;77,3;48,8;225,3;13,24;2501,8;21,95;24,5;997,7;ON;77,15;
2026-07-25 15:45:18;10:11:53;94,9;78,7;77,2;77,3;48,8;225,3;13,24;2501,8;21,95;24,5;997,7;ON;77,15;
2026-07-25 15:45:27;10:12:02;94,9;78,8;77,2;77,3;48,8;225,3;13,24;2501,8;21,96;24,5;997,7;ON;77,15;
2026-07-25 15:45:36;10:12:11;94,9;78,7;77,2;77,3;48,8;225,3;13,24;2501,8;21,97;24,5;997,7;ON;77,15;
2026-07-25 15:45:45;10:12:20;94,9;78,7;77,2;77,3;48,9;225,3;13,24;2501,8;21,97;24,5;997,7;ON;77,15;
2026-07-25 15:45:54;10:12:29;95,0;78,7;77,3;77,3;48,9;225,3;13,24;2501,8;21,98;24,5;997,7;ON;77,15;
2026-07-25 15:46:03;10:12:38;94,9;78,7;77,2;77,3;49,0;225,3;13,24;2501,8;21,98;24,5;997,7;ON;77,15;
2026-07-25 15:46:12;10:12:47;95,0;78,7;77,2;77,3;49,0;225,3;13,24;2501,8;21,99;24,5;997,7;ON;77,15;
2026-07-25 15:46:21;10:12:56;95,0;78,7;77,2;77,3;49,0;225,3;13,24;2501,8;22,00;24,5;997,7;ON;77,15;
2026-07-25 15:46:30;10:13:05;95,0;78,7;77,2;77,3;49,0;225,3;13,24;2501,8;22,00;24,5;997,7;ON;77,15;
2026-07-25 15:46:39;10:13:14;95,0;78,8;77,2;77,3;49,0;225,3;13,24;2501,8;22,01;24,5;997,7;ON;77,15;
2026-07-25 15:46:48;10:13:23;95,0;78,8;77,2;77,3;48,9;225,3;13,24;2501,8;22,02;24,5;997,7;ON;77,15;
2026-07-25 15:46:58;10:13:33;95,0;78,8;77,3;77,3;48,9;225,3;13,24;2501,8;22,02;24,5;997,7;ON;77,15;
2026-07-25 15:47:07;10:13:42;95,0;78,8;77,2;77,3;48,9;225,3;13,24;2501,8;22,03;24,5;997,7;ON;77,15;
2026-07-25 15:47:16;10:13:51;95,0;78,8;77,2;77,3;48,9;225,3;13,24;2501,8;22,03;24,5;997,7;ON;77,15;
2026-07-25 15:47:25;10:14:00;95,1;78,8;77,2;77,3;48,9;225,3;13,24;2501,8;22,04;24,5;997,7;ON;77,15;
2026-07-25 15:47:34;10:14:09;95,1;78,8;77,3;77,3;48,9;225,3;13,24;2501,8;22,05;24,5;997,7;ON;77,15;
2026-07-25 15:47:43;10:14:18;95,1;78,8;77,2;77,3;48,9;225,3;13,24;2501,8;22,05;24,5;997,7;ON;77,15;
2026-07-25 15:47:52;10:14:27;95,1;78,8;77,2;77,3;48,9;225,3;13,24;2501,8;22,06;24,5;997,7;ON;77,15;
2026-07-25 15:48:01;10:14:36;95,1;78,8;77,2;77,3;48,9;225,3;13,24;2501,8;22,07;24,5;997,7;ON;77,15;
2026-07-25 15:48:10;10:14:45;95,1;78,8;77,3;77,3;48,9;225,3;13,24;2501,8;22,07;24,5;997,7;ON;77,15;
2026-07-25 15:48:19;10:14:54;95,1;78,8;77,2;77,3;48,9;225,3;13,24;2501,8;22,08;24,5;997,7;ON;77,15;
2026-07-25 15:48:28;10:15:03;95,1;78,8;77,2;77,3;48,9;225,3;13,24;2501,8;22,08;24,5;997,7;ON;77,15;
2026-07-25 15:48:37;10:15:12;95,1;78,8;77,2;77,3;49,0;225,3;13,24;2501,8;22,09;24,5;997,7;ON;77,15;
2026-07-25 15:48:46;10:15:21;95,1;78,8;77,2;77,3;49,0;225,3;13,24;2501,8;22,10;24,5;997,7;ON;77,15;
2026-07-25 15:48:58;10:15:33;95,1;78,8;77,3;77,3;49,1;225,3;13,24;2501,8;22,11;24,6;997,6;ON;77,15;
2026-07-25 15:49:07;10:15:42;95,1;78,8;77,3;77,3;49,1;225,3;13,24;2501,8;22,11;24,6;997,6;ON;77,15;
2026-07-25 15:49:16;10:15:51;95,1;78,8;77,2;77,3;49,1;225,3;13,24;2501,8;22,12;24,6;997,6;ON;77,15;
2026-07-25 15:49:25;10:16:00;95,1;78,8;77,2;77,3;49,1;225,3;13,24;2501,8;22,12;24,6;997,6;ON;77,15;
2026-07-25 15:49:34;10:16:09;95,1;78,8;77,2;77,3;49,1;225,3;13,24;2501,8;22,13;24,6;997,6;ON;77,15;
2026-07-25 15:49:43;10:16:18;95,2;78,8;77,2;77,3;49,1;225,3;13,24;2501,8;22,14;24,6;997,6;ON;77,15;
2026-07-25 15:49:52;10:16:27;95,2;78,8;77,2;77,3;49,1;225,3;13,24;2501,8;22,14;24,6;997,6;ON;77,15;
2026-07-25 15:50:01;10:16:36;95,2;78,8;77,2;77,3;49,0;225,3;13,24;2501,8;22,15;24,6;997,6;ON;77,15;
2026-07-25 15:50:10;10:16:45;95,2;78,9;77,3;77,3;49,1;225,3;13,24;2501,8;22,16;24,6;997,6;ON;77,15;
2026-07-25 15:50:19;10:16:54;95,2;78,9;77,2;77,3;49,2;225,3;13,24;2501,8;22,16;24,6;997,6;ON;77,15;
2026-07-25 15:50:28;10:17:03;95,2;78,9;77,2;77,3;49,2;225,3;13,24;2501,8;22,17;24,6;997,6;ON;77,15;
2026-07-25 15:50:37;10:17:12;95,2;78,9;77,2;77,3;49,2;225,3;13,24;2501,8;22,17;24,6;997,6;ON;77,15;
2026-07-25 15:50:46;10:17:21;95,2;78,9;77,2;77,3;49,2;225,3;13,24;2501,8;22,18;24,6;997,6;ON;77,15;
2026-07-25 15:50:55;10:17:30;95,2;78,9;77,3;77,3;49,2;225,3;13,24;2501,8;22,19;24,6;997,6;ON;77,15;
2026-07-25 15:51:04;10:17:39;95,2;78,9;77,2;77,3;49,4;225,3;13,24;2501,8;22,19;24,6;997,6;ON;77,15;
2026-07-25 15:51:14;10:17:49;95,2;78,9;77,2;77,3;49,4;225,3;13,24;2501,8;22,20;24,6;997,6;ON;77,15;
2026-07-25 15:51:23;10:17:58;95,2;78,9;77,2;77,3;49,4;225,3;13,24;2501,8;22,21;24,6;997,6;ON;77,15;
2026-07-25 15:51:32;10:18:07;95,2;78,9;77,3;77,3;49,5;225,3;13,24;2501,8;22,21;24,6;997,6;ON;77,15;
2026-07-25 15:51:41;10:18:16;95,2;78,9;77,2;77,3;49,6;225,3;13,24;2501,8;22,22;24,6;997,6;ON;77,15;
2026-07-25 15:51:50;10:18:25;95,2;78,9;77,2;77,3;49,6;225,3;13,24;2501,8;22,23;24,6;997,6;ON;77,15;
2026-07-25 15:51:59;10:18:34;95,2;78,9;77,3;77,3;49,8;225,3;13,24;2501,8;22,23;24,6;997,6;ON;77,15;
2026-07-25 15:52:08;10:18:43;95,2;78,9;77,2;77,3;49,8;225,3;13,24;2501,8;22,24;24,6;997,6;ON;77,15;
2026-07-25 15:52:17;10:18:52;95,2;78,9;77,2;77,3;49,9;225,3;13,24;2501,8;22,24;24,6;997,6;ON;77,15;
2026-07-25 15:52:26;10:19:01;95,2;78,9;77,2;77,3;49,9;225,3;13,24;2501,8;22,25;24,6;997,6;ON;77,15;
2026-07-25 15:52:35;10:19:10;95,3;78,9;77,2;77,3;50,0;225,3;13,24;2501,8;22,26;24,6;997,6;ON;77,15;
2026-07-25 15:52:44;10:19:19;95,3;78,9;77,3;77,3;50,1;225,3;13,24;2501,8;22,26;24,6;997,6;ON;77,15;
2026-07-25 15:52:53;10:19:28;95,3;78,9;77,3;77,3;50,1;225,3;13,24;2501,8;22,27;24,6;997,6;ON;77,15;
2026-07-25 15:53:02;10:19:37;95,3;78,9;77,2;77,3;50,1;225,3;13,24;2501,8;22,28;24,6;997,6;ON;77,15;
2026-07-25 15:53:11;10:19:46;95,3;79,0;77,3;77,3;50,1;225,3;13,24;2501,8;22,28;24,6;997,6;ON;77,15;
2026-07-25 15:53:20;10:19:55;95,3;79,0;77,3;77,3;50,2;224,1;13,17;2475,5;22,29;24,6;997,6;ON;77,15;
2026-07-25 15:53:29;10:20:04;95,3;79,0;77,2;77,3;50,3;224,1;13,17;2475,5;22,29;24,6;997,6;ON;77,15;
2026-07-25 15:53:38;10:20:13;95,3;79,0;77,3;77,3;50,4;224,1;13,17;2475,5;22,30;24,6;997,6;ON;77,15;
2026-07-25 15:53:47;10:20:22;95,4;79,0;77,2;77,3;50,4;224,1;13,17;2475,5;22,31;24,6;997,6;ON;77,15;
2026-07-25 15:53:56;10:20:31;95,4;79,0;77,2;77,3;50,4;224,1;13,17;2475,5;22,31;24,6;997,6;ON;77,15;
2026-07-25 15:54:05;10:20:40;95,4;79,0;77,3;77,3;50,5;224,1;13,17;2475,5;22,32;24,6;997,6;ON;77,15;
2026-07-25 15:54:14;10:20:49;95,4;79,0;77,3;77,3;50,6;224,1;13,17;2475,5;22,33;24,6;997,6;ON;77,15;
2026-07-25 15:54:23;10:20:58;95,4;79,0;77,2;77,3;50,7;224,1;13,17;2475,5;22,33;24,6;997,6;ON;77,15;
2026-07-25 15:54:32;10:21:07;95,4;79,0;77,2;77,3;50,8;224,1;13,17;2475,5;22,34;24,6;997,6;ON;77,15;
2026-07-25 15:54:41;10:21:16;95,4;79,0;77,3;77,3;50,9;224,1;13,17;2475,5;22,34;24,6;997,6;ON;77,15;
2026-07-25 15:54:50;10:21:25;95,4;79,0;77,3;77,3;51,1;224,1;13,17;2475,5;22,35;24,6;997,6;ON;77,15;
2026-07-25 15:55:00;10:21:35;95,4;79,1;77,3;77,3;51,2;224,1;13,17;2475,5;22,36;24,6;997,6;ON;77,15;
2026-07-25 15:55:09;10:21:44;95,4;79,1;77,3;77,3;51,4;224,1;13,17;2475,5;22,36;24,6;997,6;ON;77,15;
2026-07-25 15:55:18;10:21:53;95,4;79,1;77,3;77,3;51,5;224,1;13,17;2475,5;22,37;24,6;997,6;ON;77,15;
2026-07-25 15:55:27;10:22:02;95,4;79,1;77,3;77,3;51,6;224,1;13,17;2475,5;22,38;24,6;997,6;ON;77,15;
2026-07-25 15:55:36;10:22:11;95,4;79,1;77,3;77,3;51,6;224,1;13,17;2475,5;22,38;24,6;997,6;ON;77,15;
2026-07-25 15:55:45;10:22:20;95,4;79,1;77,3;77,3;51,8;224,1;13,17;2475,5;22,39;24,6;997,6;ON;77,15;
2026-07-25 15:55:54;10:22:29;95,4;79,1;77,2;77,3;51,9;224,1;13,17;2475,5;22,39;24,6;997,6;ON;77,15;
2026-07-25 15:56:03;10:22:38;95,4;79,1;77,3;77,3;52,0;224,1;13,17;2475,5;22,40;24,6;997,6;ON;77,15;
2026-07-25 15:56:12;10:22:47;95,4;79,1;77,3;77,3;52,1;224,1;13,17;2475,5;22,41;24,6;997,6;ON;77,15;
2026-07-25 15:56:21;10:22:56;95,5;79,1;77,3;77,3;52,2;224,1;13,17;2475,5;22,41;24,6;997,6;ON;77,15;
2026-07-25 15:56:30;10:23:05;95,5;79,1;77,3;77,3;52,2;224,1;13,17;2475,5;22,42;24,6;997,6;ON;77,15;
2026-07-25 15:56:39;10:23:14;95,5;79,1;77,2;77,3;52,4;224,1;13,17;2475,5;22,42;24,6;997,6;ON;77,15;
2026-07-25 15:56:48;10:23:23;95,5;79,1;77,3;77,3;52,6;224,1;13,17;2475,5;22,43;24,6;997,6;ON;77,15;
2026-07-25 15:56:57;10:23:32;95,5;79,1;77,3;77,3;52,8;224,1;13,17;2475,5;22,44;24,6;997,6;ON;77,15;
2026-07-25 15:57:06;10:23:41;95,5;79,1;77,3;77,3;52,9;224,1;13,17;2475,5;22,44;24,6;997,6;ON;77,15;
2026-07-25 15:57:15;10:23:50;95,5;79,1;77,3;77,3;53,0;224,1;13,17;2475,5;22,45;24,6;997,6;ON;77,15;
2026-07-25 15:57:24;10:23:59;95,5;79,2;77,3;77,3;53,2;224,1;13,17;2475,5;22,46;24,6;997,6;ON;77,15;
2026-07-25 15:57:34;10:24:09;95,5;79,2;77,3;77,3;53,3;224,1;13,17;2475,5;22,46;24,6;997,6;ON;77,15;
2026-07-25 15:57:43;10:24:18;95,5;79,2;77,3;77,3;53,4;224,1;13,17;2475,5;22,47;24,6;997,6;ON;77,15;
2026-07-25 15:57:52;10:24:27;95,6;79,2;77,3;77,3;53,6;224,1;13,17;2475,5;22,47;24,6;997,6;ON;77,15;
2026-07-25 15:58:01;10:24:36;95,6;79,2;77,3;77,3;53,3;224,1;13,17;2475,5;22,48;24,6;997,6;ON;77,15;
2026-07-25 15:58:10;10:24:45;95,6;79,2;77,3;77,3;52,8;224,1;13,17;2475,5;22,49;24,6;997,6;ON;77,15;
2026-07-25 15:58:19;10:24:54;95,6;79,2;77,3;77,3;52,2;224,1;13,17;2475,5;22,49;24,6;997,6;ON;77,15;
2026-07-25 15:58:28;10:25:03;95,6;79,2;77,3;77,3;51,8;224,1;13,17;2475,5;22,50;24,6;997,6;ON;77,15;
2026-07-25 15:58:37;10:25:12;95,6;79,2;77,3;77,3;51,2;224,1;13,17;2475,5;22,51;24,6;997,6;ON;77,15;
2026-07-25 15:58:46;10:25:21;95,6;79,2;77,3;77,3;50,8;224,1;13,17;2475,5;22,51;24,6;997,6;ON;77,15;
2026-07-25 15:58:55;10:25:30;95,6;79,2;77,3;77,3;50,4;224,1;13,17;2475,5;22,52;24,6;997,6;ON;77,15;
2026-07-25 15:59:04;10:25:39;95,6;79,2;77,3;77,3;50,0;224,1;13,17;2475,5;22,52;24,6;997,6;ON;77,15;
2026-07-25 15:59:13;10:25:48;95,6;79,2;77,3;77,3;49,9;224,1;13,17;2475,5;22,53;24,6;997,6;ON;77,15;
2026-07-25 15:59:22;10:25:57;95,6;79,2;77,3;77,3;49,8;224,1;13,17;2475,5;22,54;24,6;997,6;ON;77,15;
2026-07-25 15:59:31;10:26:06;95,6;79,2;77,3;77,3;49,7;224,1;13,17;2475,5;22,54;24,6;997,6;ON;77,15;
2026-07-25 15:59:41;10:26:16;95,6;79,2;77,3;77,3;49,5;224,1;13,17;2475,5;22,55;24,6;997,6;ON;77,15;
2026-07-25 15:59:50;10:26:25;95,6;79,2;77,3;77,3;49,3;224,1;13,17;2475,5;22,56;24,6;997,6;ON;77,15;
2026-07-25 15:59:59;10:26:34;95,6;79,2;77,3;77,3;49,2;224,1;13,17;2475,5;22,56;24,6;997,6;ON;77,15;
2026-07-25 16:00:08;10:26:43;95,6;79,2;77,3;77,3;49,2;224,1;13,17;2475,5;22,57;24,6;997,6;ON;77,15;
2026-07-25 16:00:17;10:26:52;95,6;79,3;77,3;77,3;49,1;224,1;13,17;2475,5;22,57;24,6;997,6;ON;77,15;
2026-07-25 16:00:26;10:27:01;95,7;79,3;77,3;77,3;49,1;224,1;13,17;2475,5;22,58;24,6;997,6;ON;77,15;
2026-07-25 16:00:35;10:27:10;95,7;79,3;77,3;77,3;48,9;224,1;13,17;2475,5;22,59;24,6;997,6;ON;77,15;
2026-07-25 16:00:44;10:27:19;95,7;79,3;77,3;77,3;48,9;224,1;13,17;2475,5;22,59;24,6;997,6;ON;77,15;
2026-07-25 16:00:53;10:27:28;95,7;79,3;77,3;77,3;48,9;224,1;13,17;2475,5;22,60;24,6;997,6;ON;77,15;
2026-07-25 16:01:02;10:27:37;95,7;79,3;77,3;77,3;48,8;224,1;13,17;2475,5;22,61;24,6;997,6;ON;77,15;
2026-07-25 16:01:11;10:27:46;95,7;79,3;77,2;77,3;48,8;224,1;13,17;2475,5;22,61;24,6;997,6;ON;77,15;
2026-07-25 16:01:20;10:27:55;95,7;79,3;77,3;77,3;48,8;224,1;13,17;2475,5;22,62;24,6;997,6;ON;77,15;
2026-07-25 16:01:29;10:28:04;95,7;79,3;77,3;77,3;48,8;224,1;13,17;2475,5;22,62;24,6;997,6;ON;77,15;
2026-07-25 16:01:38;10:28:13;95,7;79,3;77,3;77,3;48,7;224,1;13,17;2475,5;22,63;24,6;997,6;ON;77,15;
2026-07-25 16:01:47;10:28:22;95,8;79,3;77,3;77,3;48,8;224,1;13,17;2475,5;22,64;24,6;997,6;ON;77,15;
2026-07-25 16:01:56;10:28:31;95,8;79,3;77,3;77,3;48,8;224,1;13,17;2475,5;22,64;24,6;997,6;ON;77,15;
2026-07-25 16:02:05;10:28:40;95,8;79,3;77,3;77,3;48,7;224,1;13,17;2475,5;22,65;24,6;997,6;ON;77,15;
2026-07-25 16:02:14;10:28:49;95,8;79,4;77,3;77,3;48,8;224,1;13,17;2475,5;22,66;24,6;997,6;ON;77,15;
2026-07-25 16:02:23;10:28:58;95,8;79,4;77,3;77,3;48,8;224,1;13,17;2475,5;22,66;24,6;997,6;ON;77,15;
2026-07-25 16:02:32;10:29:07;95,8;79,4;77,3;77,3;48,8;224,1;13,17;2475,5;22,67;24,6;997,6;ON;77,15;
2026-07-25 16:02:42;10:29:17;95,8;79,4;77,3;77,3;48,8;224,1;13,17;2475,5;22,67;24,6;997,6;ON;77,15;
2026-07-25 16:02:51;10:29:26;95,8;79,4;77,3;77,3;48,8;224,1;13,17;2475,5;22,68;24,6;997,6;ON;77,15;
2026-07-25 16:03:00;10:29:35;95,8;79,4;77,3;77,3;48,8;224,1;13,17;2475,5;22,69;24,6;997,6;ON;77,15;
2026-07-25 16:03:09;10:29:44;95,8;79,4;77,3;77,3;48,8;224,1;13,17;2475,5;22,69;24,6;997,6;ON;77,15;
2026-07-25 16:03:18;10:29:53;95,8;79,4;77,3;77,3;48,8;224,1;13,17;2475,5;22,70;24,6;997,6;ON;77,15;
2026-07-25 16:03:27;10:30:02;95,8;79,4;77,3;77,3;48,8;224,1;13,17;2475,5;22,70;24,6;997,6;ON;77,15;
2026-07-25 16:03:36;10:30:11;95,8;79,4;77,3;77,3;48,8;224,1;13,17;2475,5;22,71;24,6;997,6;ON;77,15;
2026-07-25 16:03:45;10:30:20;95,8;79,4;77,3;77,3;48,8;224,1;13,17;2475,5;22,72;24,6;997,6;ON;77,15;
2026-07-25 16:03:54;10:30:29;95,8;79,4;77,3;77,3;48,8;224,1;13,17;2475,5;22,72;24,6;997,6;ON;77,15;
2026-07-25 16:04:03;10:30:38;95,8;79,4;77,3;77,3;48,9;224,1;13,17;2475,5;22,73;24,6;997,6;ON;77,15;
2026-07-25 16:04:12;10:30:47;95,8;79,4;77,3;77,3;48,9;224,1;13,17;2475,5;22,74;24,6;997,6;ON;77,15;
2026-07-25 16:04:23;10:30:58;95,8;79,4;77,3;77,3;48,9;224,1;13,17;2475,5;22,74;24,6;997,5;ON;77,15;
2026-07-25 16:04:32;10:31:07;95,9;79,4;77,3;77,3;49,0;224,1;13,17;2475,5;22,75;24,6;997,5;ON;77,15;
2026-07-25 16:04:41;10:31:16;95,9;79,5;77,3;77,3;49,1;224,1;13,17;2475,5;22,76;24,6;997,5;ON;77,15;
2026-07-25 16:04:50;10:31:25;95,9;79,5;77,3;77,3;49,1;224,1;13,17;2475,5;22,76;24,6;997,5;ON;77,15;
2026-07-25 16:05:00;10:31:35;95,9;79,5;77,3;77,3;49,1;224,1;13,17;2475,5;22,77;24,6;997,5;ON;77,15;
2026-07-25 16:05:09;10:31:44;95,9;79,5;77,3;77,3;49,2;224,1;13,17;2475,5;22,78;24,6;997,5;ON;77,15;
2026-07-25 16:05:18;10:31:53;95,9;79,5;77,3;77,3;49,2;224,1;13,17;2475,5;22,78;24,6;997,5;ON;77,15;
2026-07-25 16:05:27;10:32:02;95,9;79,5;77,3;77,3;49,2;224,1;13,17;2475,5;22,79;24,6;997,5;ON;77,15;
2026-07-25 16:05:36;10:32:11;95,9;79,5;77,3;77,3;49,2;224,1;13,17;2475,5;22,79;24,6;997,5;ON;77,15;
2026-07-25 16:05:45;10:32:20;95,9;79,5;77,3;77,3;49,2;224,1;13,17;2475,5;22,80;24,6;997,5;ON;77,15;
2026-07-25 16:05:54;10:32:29;95,9;79,5;77,3;77,3;49,2;224,1;13,17;2475,5;22,81;24,6;997,5;ON;77,15;
2026-07-25 16:06:03;10:32:38;95,9;79,5;77,3;77,3;49,2;224,1;13,17;2475,5;22,81;24,6;997,5;ON;77,15;
2026-07-25 16:06:12;10:32:47;95,9;79,5;77,3;77,3;49,1;224,1;13,17;2475,5;22,82;24,6;997,5;ON;77,15;
2026-07-25 16:06:21;10:32:56;95,9;79,5;77,3;77,3;49,1;224,1;13,17;2475,5;22,83;24,6;997,5;ON;77,15;
2026-07-25 16:06:30;10:33:05;95,9;79,5;77,3;77,3;49,1;224,1;13,17;2475,5;22,83;24,6;997,5;ON;77,15;
2026-07-25 16:06:39;10:33:14;95,9;79,5;77,3;77,3;49,1;224,1;13,17;2475,5;22,84;24,6;997,5;ON;77,15;
2026-07-25 16:06:48;10:33:23;95,9;79,5;77,3;77,3;49,1;224,1;13,17;2475,5;22,84;24,6;997,5;ON;77,15;
2026-07-25 16:06:57;10:33:32;95,9;79,6;77,3;77,3;49,1;224,1;13,17;2475,5;22,85;24,6;997,5;ON;77,15;
2026-07-25 16:07:06;10:33:41;95,9;79,5;77,3;77,3;49,1;224,1;13,17;2475,5;22,86;24,6;997,5;ON;77,15;
2026-07-25 16:07:15;10:33:50;95,9;79,6;77,3;77,3;49,1;224,1;13,17;2475,5;22,86;24,6;997,5;ON;77,15;
2026-07-25 16:07:24;10:33:59;95,9;79,6;77,3;77,3;49,1;224,1;13,17;2475,5;22,87;24,6;997,5;ON;77,15;
2026-07-25 16:07:33;10:34:08;95,9;79,6;77,3;77,3;49,1;224,1;13,17;2475,5;22,87;24,6;997,5;ON;77,15;
2026-07-25 16:07:42;10:34:17;96,0;79,6;77,3;77,3;49,2;224,1;13,17;2475,5;22,88;24,6;997,5;ON;77,15;
2026-07-25 16:07:51;10:34:26;95,9;79,6;77,3;77,3;49,2;224,1;13,17;2475,5;22,89;24,6;997,5;ON;77,15;
2026-07-25 16:08:00;10:34:35;96,0;79,6;77,3;77,3;49,2;224,1;13,17;2475,5;22,89;24,6;997,5;ON;77,15;
2026-07-25 16:08:10;10:34:45;96,0;79,6;77,3;77,3;49,2;224,1;13,17;2475,5;22,90;24,6;997,5;ON;77,15;
2026-07-25 16:08:19;10:34:54;96,0;79,6;77,3;77,3;49,2;224,1;13,17;2475,5;22,91;24,6;997,5;ON;77,15;
2026-07-25 16:08:28;10:35:03;96,0;79,6;77,3;77,3;49,2;224,1;13,17;2475,5;22,91;24,6;997,5;ON;77,15;
2026-07-25 16:08:37;10:35:12;96,0;79,6;77,3;77,3;49,3;224,1;13,17;2475,5;22,92;24,6;997,5;ON;77,15;
2026-07-25 16:08:46;10:35:21;96,0;79,6;77,3;77,3;49,3;224,1;13,17;2475,5;22,92;24,6;997,5;ON;77,15;
2026-07-25 16:08:55;10:35:30;96,0;79,6;77,3;77,3;49,4;224,1;13,17;2475,5;22,93;24,6;997,5;ON;77,15;
2026-07-25 16:09:04;10:35:39;96,0;79,6;77,3;77,3;49,4;224,1;13,17;2475,5;22,94;24,6;997,5;ON;77,15;
2026-07-25 16:09:13;10:35:48;96,0;79,6;77,3;77,3;49,4;224,1;13,17;2475,5;22,94;24,6;997,5;ON;77,15;
2026-07-25 16:09:22;10:35:57;96,0;79,6;77,3;77,3;49,4;224,1;13,17;2475,5;22,95;24,6;997,5;ON;77,15;
2026-07-25 16:09:31;10:36:06;96,0;79,6;77,3;77,3;49,4;224,1;13,17;2475,5;22,96;24,6;997,5;ON;77,15;
2026-07-25 16:09:40;10:36:15;96,0;79,6;77,3;77,3;49,4;224,1;13,17;2475,5;22,96;24,6;997,5;ON;77,15;
2026-07-25 16:09:49;10:36:24;96,1;79,6;77,3;77,3;49,4;224,1;13,17;2475,5;22,97;24,6;997,5;ON;77,15;
2026-07-25 16:09:58;10:36:33;96,1;79,6;77,3;77,3;49,5;224,1;13,17;2475,5;22,97;24,6;997,5;ON;77,15;
2026-07-25 16:10:07;10:36:42;96,1;79,7;77,3;77,3;49,5;224,1;13,17;2475,5;22,98;24,6;997,5;ON;77,15;
2026-07-25 16:10:17;10:36:52;96,1;79,7;77,3;77,3;49,6;224,1;13,17;2475,5;22,99;24,6;997,5;ON;77,15;
2026-07-25 16:10:26;10:37:01;96,1;79,7;77,3;77,3;49,6;224,1;13,17;2475,5;22,99;24,6;997,5;ON;77,15;
2026-07-25 16:10:35;10:37:10;96,1;79,7;77,3;77,3;49,7;224,1;13,17;2475,5;23,00;24,6;997,5;ON;77,15;
2026-07-25 16:10:44;10:37:19;96,1;79,7;77,3;77,3;49,7;224,1;13,17;2475,5;23,01;24,6;997,5;ON;77,15;
2026-07-25 16:10:53;10:37:28;96,1;79,7;77,3;77,3;49,8;224,1;13,17;2475,5;23,01;24,6;997,5;ON;77,15;
2026-07-25 16:11:02;10:37:37;96,1;79,8;77,3;77,3;49,8;224,1;13,17;2475,5;23,02;24,6;997,5;ON;77,15;
2026-07-25 16:11:11;10:37:46;96,1;79,8;77,3;77,3;49,9;224,1;13,17;2475,5;23,02;24,6;997,5;ON;77,15;
2026-07-25 16:11:20;10:37:55;96,1;79,8;77,3;77,3;50,0;224,1;13,17;2475,5;23,03;24,6;997,5;ON;77,15;
2026-07-25 16:11:29;10:38:04;96,1;79,8;77,3;77,3;50,1;224,1;13,17;2475,5;23,04;24,6;997,5;ON;77,15;
2026-07-25 16:11:38;10:38:13;96,1;79,8;77,3;77,3;50,2;224,1;13,17;2475,5;23,04;24,6;997,5;ON;77,15;
2026-07-25 16:11:47;10:38:22;96,1;79,8;77,3;77,3;50,3;224,1;13,17;2475,5;23,05;24,6;997,5;ON;77,15;
2026-07-25 16:11:56;10:38:31;96,1;79,8;77,3;77,3;50,4;224,1;13,17;2475,5;23,06;24,6;997,5;ON;77,15;
2026-07-25 16:12:05;10:38:40;96,1;79,8;77,3;77,3;50,4;224,1;13,17;2475,5;23,06;24,6;997,5;ON;77,15;
2026-07-25 16:12:14;10:38:49;96,1;79,8;77,3;77,3;50,6;224,1;13,17;2475,5;23,07;24,6;997,5;ON;77,15;
2026-07-25 16:12:23;10:38:58;96,1;79,8;77,3;77,3;50,7;224,1;13,17;2475,5;23,07;24,6;997,5;ON;77,15;
2026-07-25 16:12:32;10:39:07;96,1;79,8;77,3;77,3;50,8;224,1;13,17;2475,5;23,08;24,6;997,5;ON;77,15;
2026-07-25 16:12:41;10:39:16;96,1;79,8;77,3;77,3;50,9;224,1;13,17;2475,5;23,09;24,6;997,5;ON;77,15;
2026-07-25 16:12:50;10:39:25;96,2;79,8;77,3;77,3;51,0;224,1;13,17;2475,5;23,09;24,6;997,5;ON;77,15;
2026-07-25 16:12:59;10:39:34;96,1;79,8;77,3;77,3;51,1;224,1;13,17;2475,5;23,10;24,6;997,5;ON;77,15;
2026-07-25 16:13:08;10:39:43;96,1;79,9;77,3;77,3;51,2;224,1;13,17;2475,5;23,11;24,6;997,5;ON;77,15;
2026-07-25 16:13:17;10:39:52;96,2;79,8;77,3;77,3;51,2;224,1;13,17;2475,5;23,11;24,6;997,5;ON;77,15;
2026-07-25 16:13:26;10:40:01;96,2;79,9;77,3;77,3;51,3;224,1;13,17;2475,5;23,12;24,6;997,5;ON;77,15;
2026-07-25 16:13:35;10:40:10;96,2;79,9;77,3;77,3;51,4;224,1;13,17;2475,5;23,12;24,6;997,5;ON;77,15;
2026-07-25 16:13:44;10:40:19;96,2;79,9;77,3;77,3;51,6;224,1;13,17;2475,5;23,13;24,6;997,5;ON;77,15;
2026-07-25 16:13:53;10:40:28;96,2;79,9;77,3;77,3;51,6;224,1;13,17;2475,5;23,14;24,6;997,5;ON;77,15;
2026-07-25 16:14:02;10:40:37;96,2;79,9;77,3;77,3;51,8;224,1;13,17;2475,5;23,14;24,6;997,5;ON;77,15;
2026-07-25 16:14:11;10:40:46;96,2;79,9;77,3;77,3;51,9;224,1;13,17;2475,5;23,15;24,6;997,5;ON;77,15;
2026-07-25 16:14:20;10:40:55;96,2;79,9;77,3;77,3;52,0;224,1;13,17;2475,5;23,15;24,6;997,5;ON;77,15;
2026-07-25 16:14:30;10:41:05;96,2;79,9;77,3;77,3;52,1;224,1;13,17;2475,5;23,16;24,6;997,5;ON;77,15;
2026-07-25 16:14:39;10:41:14;96,2;79,9;77,3;77,3;52,2;224,1;13,17;2475,5;23,17;24,6;997,5;ON;77,15;
2026-07-25 16:14:48;10:41:23;96,2;79,9;77,3;77,3;52,3;224,1;13,17;2475,5;23,17;24,6;997,5;ON;77,15;
2026-07-25 16:14:57;10:41:32;96,2;79,9;77,3;77,3;52,4;224,1;13,17;2475,5;23,18;24,6;997,5;ON;77,15;
2026-07-25 16:15:06;10:41:41;96,2;79,9;77,3;77,3;52,6;224,1;13,17;2475,5;23,19;24,6;997,5;ON;77,15;
2026-07-25 16:15:15;10:41:50;96,2;79,9;77,3;77,3;52,7;224,1;13,17;2475,5;23,19;24,6;997,5;ON;77,15;
2026-07-25 16:15:24;10:41:59;96,2;79,9;77,3;77,3;52,8;224,1;13,17;2475,5;23,20;24,6;997,5;ON;77,15;
2026-07-25 16:15:33;10:42:08;96,2;79,9;77,3;77,3;53,0;224,1;13,17;2475,5;23,20;24,6;997,5;ON;77,15;
2026-07-25 16:15:42;10:42:17;96,3;79,9;77,3;77,3;53,2;224,1;13,17;2475,5;23,21;24,6;997,5;ON;77,15;
2026-07-25 16:15:51;10:42:26;96,3;80,0;77,3;77,3;53,3;224,1;13,17;2475,5;23,22;24,6;997,5;ON;77,15;
2026-07-25 16:16:00;10:42:35;96,3;80,0;77,3;77,3;53,4;224,1;13,17;2475,5;23,22;24,6;997,5;ON;77,15;
2026-07-25 16:16:09;10:42:44;96,3;80,0;77,3;77,3;53,6;224,1;13,17;2475,5;23,23;24,6;997,5;ON;77,15;
2026-07-25 16:16:18;10:42:53;96,3;80,0;77,3;77,3;53,8;224,1;13,17;2475,5;23,24;24,6;997,5;ON;77,15;
2026-07-25 16:16:27;10:43:02;96,3;80,0;77,3;77,3;53,9;224,1;13,17;2475,5;23,24;24,6;997,5;ON;77,15;
2026-07-25 16:16:37;10:43:12;96,3;80,0;77,3;77,3;54,0;224,1;13,17;2475,5;23,25;24,6;997,5;ON;77,15;
2026-07-25 16:16:46;10:43:21;96,3;80,0;77,3;77,3;54,1;224,1;13,17;2475,5;23,25;24,6;997,5;ON;77,15;
2026-07-25 16:16:55;10:43:30;96,3;80,1;77,3;77,3;54,3;224,1;13,17;2475,5;23,26;24,6;997,5;ON;77,15;
2026-07-25 16:17:04;10:43:39;96,3;80,1;77,3;77,3;54,4;224,1;13,17;2475,5;23,27;24,6;997,5;ON;77,15;
2026-07-25 16:17:13;10:43:48;96,3;80,0;77,3;77,3;54,2;224,1;13,17;2475,5;23,27;24,6;997,5;ON;77,15;
2026-07-25 16:17:22;10:43:57;96,3;80,1;77,3;77,3;53,6;224,1;13,17;2475,5;23,28;24,6;997,5;ON;77,15;
2026-07-25 16:17:31;10:44:06;96,4;80,1;77,3;77,3;53,1;224,1;13,17;2475,5;23,29;24,6;997,5;ON;77,15;
2026-07-25 16:17:40;10:44:15;96,4;80,1;77,3;77,3;52,5;224,1;13,17;2475,5;23,29;24,6;997,5;ON;77,15;
2026-07-25 16:17:49;10:44:24;96,4;80,1;77,3;77,3;52,0;224,1;13,17;2475,5;23,30;24,6;997,5;ON;77,15;
2026-07-25 16:17:58;10:44:33;96,4;80,1;77,3;77,3;51,5;224,1;13,17;2475,5;23,30;24,6;997,5;ON;77,15;
2026-07-25 16:18:07;10:44:42;96,4;80,1;77,3;77,3;51,1;224,1;13,17;2475,5;23,31;24,6;997,5;ON;77,15;
2026-07-25 16:18:16;10:44:51;96,4;80,1;77,3;77,3;50,8;224,1;13,17;2475,5;23,32;24,6;997,5;ON;77,15;
2026-07-25 16:18:25;10:45:00;96,4;80,1;77,3;77,3;50,7;224,1;13,17;2475,5;23,32;24,6;997,5;ON;77,15;
2026-07-25 16:18:34;10:45:09;96,4;80,1;77,3;77,3;50,4;224,1;13,17;2475,5;23,33;24,6;997,5;ON;77,15;
2026-07-25 16:18:43;10:45:18;96,4;80,1;77,3;77,3;50,3;224,1;13,17;2475,5;23,34;24,6;997,5;ON;77,15;
2026-07-25 16:18:52;10:45:27;96,4;80,2;77,3;77,3;50,2;224,1;13,17;2475,5;23,34;24,6;997,5;ON;77,15;
2026-07-25 16:19:02;10:45:37;96,4;80,2;77,3;77,3;50,0;224,1;13,17;2475,5;23,35;24,6;997,5;ON;77,15;
2026-07-25 16:19:11;10:45:46;96,4;80,2;77,3;77,3;49,8;224,1;13,17;2475,5;23,35;24,6;997,5;ON;77,15;
2026-07-25 16:19:20;10:45:55;96,4;80,2;77,3;77,3;49,7;224,1;13,17;2475,5;23,36;24,6;997,5;ON;77,15;
2026-07-25 16:19:29;10:46:04;96,4;80,2;77,3;77,3;49,6;224,1;13,17;2475,5;23,37;24,6;997,5;ON;77,15;
2026-07-25 16:19:38;10:46:13;96,4;80,2;77,3;77,3;49,4;224,1;13,17;2475,5;23,37;24,6;997,5;ON;77,15;
2026-07-25 16:19:47;10:46:22;96,4;80,2;77,3;77,3;49,4;224,1;13,17;2475,5;23,38;24,6;997,4;ON;77,15;
2026-07-25 16:19:56;10:46:31;96,4;80,2;77,3;77,3;49,3;224,1;13,17;2475,5;23,39;24,6;997,4;ON;77,15;
2026-07-25 16:20:05;10:46:40;96,4;80,2;77,3;77,3;49,2;224,1;13,17;2475,5;23,39;24,6;997,4;ON;77,15;
2026-07-25 16:20:14;10:46:49;96,4;80,2;77,3;77,3;49,2;224,1;13,17;2475,5;23,40;24,6;997,4;ON;77,15;
2026-07-25 16:20:23;10:46:58;96,4;80,2;77,3;77,3;49,1;224,1;13,17;2475,5;23,40;24,6;997,4;ON;77,15;
2026-07-25 16:20:32;10:47:07;96,4;80,2;77,3;77,3;49,1;224,1;13,17;2475,5;23,41;24,6;997,4;ON;77,15;
2026-07-25 16:20:41;10:47:16;96,4;80,3;77,3;77,3;49,1;224,1;13,17;2475,5;23,42;24,6;997,4;ON;77,15;
2026-07-25 16:20:50;10:47:25;96,4;80,3;77,3;77,3;49,0;224,1;13,17;2475,5;23,42;24,6;997,4;ON;77,15;
2026-07-25 16:20:59;10:47:34;96,5;80,3;77,3;77,3;49,0;224,1;13,17;2475,5;23,43;24,6;997,4;ON;77,15;
2026-07-25 16:21:08;10:47:43;96,5;80,3;77,3;77,3;49,0;224,1;13,17;2475,5;23,44;24,6;997,4;ON;77,15;
2026-07-25 16:21:17;10:47:52;96,5;80,3;77,3;77,3;49,0;224,1;13,17;2475,5;23,44;24,6;997,4;ON;77,15;
2026-07-25 16:21:26;10:48:01;96,5;80,3;77,3;77,3;48,9;224,1;13,17;2475,5;23,45;24,6;997,4;ON;77,15;
2026-07-25 16:21:35;10:48:10;96,5;80,3;77,3;77,3;48,9;224,1;13,17;2475,5;23,45;24,6;997,4;ON;77,15;
2026-07-25 16:21:44;10:48:19;96,5;80,3;77,3;77,3;48,9;224,1;13,17;2475,5;23,46;24,6;997,4;ON;77,15;
2026-07-25 16:21:53;10:48:28;96,5;80,3;77,3;77,3;48,9;224,1;13,17;2475,5;23,47;24,6;997,4;ON;77,15;
2026-07-25 16:22:03;10:48:38;96,5;80,4;77,3;77,3;48,9;224,1;13,17;2475,5;23,47;24,6;997,4;ON;77,15;
2026-07-25 16:22:12;10:48:47;96,5;80,4;77,3;77,3;48,9;224,1;13,17;2475,5;23,48;24,6;997,4;ON;77,15;
2026-07-25 16:22:21;10:48:56;96,5;80,4;77,3;77,3;49,0;224,1;13,17;2475,5;23,48;24,6;997,4;ON;77,15;
2026-07-25 16:22:30;10:49:05;96,5;80,4;77,3;77,3;49,0;224,1;13,17;2475,5;23,49;24,6;997,4;ON;77,15;
2026-07-25 16:22:39;10:49:14;96,5;80,4;77,3;77,3;49,0;224,1;13,17;2475,5;23,50;24,6;997,4;ON;77,15;
2026-07-25 16:22:48;10:49:23;96,5;80,4;77,3;77,3;49,0;224,1;13,17;2475,5;23,50;24,6;997,4;ON;77,15;
2026-07-25 16:22:58;10:49:33;96,6;80,4;77,3;77,3;49,1;224,1;13,17;2475,5;23,51;24,6;997,4;ON;77,15;
2026-07-25 16:23:07;10:49:42;96,6;80,4;77,3;77,3;49,1;224,1;13,17;2475,5;23,52;24,6;997,4;ON;77,15;
2026-07-25 16:23:16;10:49:51;96,6;80,4;77,3;77,3;49,1;224,1;13,17;2475,5;23,52;24,6;997,4;ON;77,15;
2026-07-25 16:23:25;10:50:00;96,6;80,4;77,3;77,3;49,1;224,1;13,17;2475,5;23,53;24,6;997,4;ON;77,15;
2026-07-25 16:23:34;10:50:09;96,6;80,4;77,3;77,3;49,1;224,1;13,17;2475,5;23,53;24,6;997,4;ON;77,15;
2026-07-25 16:23:43;10:50:18;96,6;80,4;77,3;77,3;49,1;224,1;13,17;2475,5;23,54;24,6;997,4;ON;77,15;
2026-07-25 16:23:52;10:50:27;96,6;80,4;77,3;77,3;49,1;224,1;13,17;2475,5;23,55;24,6;997,4;ON;77,15;
2026-07-25 16:24:01;10:50:36;96,6;80,5;77,3;77,3;49,1;224,1;13,17;2475,5;23,55;24,6;997,4;ON;77,15;
2026-07-25 16:24:10;10:50:45;96,6;80,5;77,3;77,3;49,1;224,1;13,17;2475,5;23,56;24,6;997,4;ON;77,15;
2026-07-25 16:24:19;10:50:54;96,6;80,5;77,3;77,3;49,2;224,1;13,17;2475,5;23,57;24,6;997,4;ON;77,15;
2026-07-25 16:24:28;10:51:03;96,6;80,5;77,3;77,3;49,3;224,1;13,17;2475,5;23,57;24,6;997,4;ON;77,15;
2026-07-25 16:24:37;10:51:12;96,6;80,5;77,3;77,3;49,3;224,1;13,17;2475,5;23,58;24,6;997,4;ON;77,15;
2026-07-25 16:24:46;10:51:21;96,6;80,5;77,3;77,3;49,3;224,1;13,17;2475,5;23,58;24,6;997,4;ON;77,15;
2026-07-25 16:24:55;10:51:30;96,6;80,6;77,3;77,3;49,4;224,1;13,17;2475,5;23,59;24,6;997,4;ON;77,15;
2026-07-25 16:25:05;10:51:40;96,6;80,6;77,3;77,3;49,4;224,1;13,17;2475,5;23,60;24,6;997,4;ON;77,15;
2026-07-25 16:25:14;10:51:49;96,6;80,6;77,3;77,3;49,4;224,1;13,17;2475,5;23,60;24,6;997,4;ON;77,15;
2026-07-25 16:25:23;10:51:58;96,6;80,6;77,3;77,3;49,4;224,1;13,17;2475,5;23,61;24,6;997,4;ON;77,15;
2026-07-25 16:25:32;10:52:07;96,6;80,6;77,3;77,3;49,4;224,1;13,17;2475,5;23,62;24,6;997,4;ON;77,15;
2026-07-25 16:25:41;10:52:16;96,6;80,6;77,3;77,3;49,4;224,1;13,17;2475,5;23,62;24,6;997,4;ON;77,15;
2026-07-25 16:25:50;10:52:25;96,6;80,6;77,3;77,3;49,4;224,1;13,17;2475,5;23,63;24,6;997,4;ON;77,15;
2026-07-25 16:25:59;10:52:34;96,6;80,6;77,3;77,3;49,5;224,1;13,17;2475,5;23,63;24,6;997,4;ON;77,15;
2026-07-25 16:26:08;10:52:43;96,6;80,6;77,3;77,3;49,5;224,1;13,17;2475,5;23,64;24,6;997,4;ON;77,15;
2026-07-25 16:26:17;10:52:52;96,6;80,6;77,3;77,3;49,6;224,1;13,17;2475,5;23,65;24,6;997,4;ON;77,15;
2026-07-25 16:26:26;10:53:01;96,6;80,6;77,3;77,3;49,6;224,1;13,17;2475,5;23,65;24,6;997,4;ON;77,15;
2026-07-25 16:26:35;10:53:10;96,6;80,7;77,3;77,3;49,6;224,1;13,17;2475,5;23,66;24,6;997,4;ON;77,15;
2026-07-25 16:26:44;10:53:19;96,6;80,7;77,3;77,3;49,7;224,1;13,17;2475,5;23,67;24,6;997,4;ON;77,15;
2026-07-25 16:26:53;10:53:28;96,6;80,7;77,3;77,3;49,7;224,1;13,17;2475,5;23,67;24,6;997,4;ON;77,15;
2026-07-25 16:27:02;10:53:37;96,7;80,7;77,3;77,3;49,7;224,1;13,17;2475,5;23,68;24,6;997,4;ON;77,15;
2026-07-25 16:27:11;10:53:46;96,7;80,7;77,3;77,3;49,7;224,1;13,17;2475,5;23,68;24,6;997,4;ON;77,15;
2026-07-25 16:27:20;10:53:55;96,7;80,7;77,3;77,3;49,8;224,1;13,17;2475,5;23,69;24,6;997,4;ON;77,15;
2026-07-25 16:27:29;10:54:04;96,7;80,7;77,3;77,3;49,8;224,1;13,17;2475,5;23,70;24,6;997,4;ON;77,15;
2026-07-25 16:27:38;10:54:13;96,7;80,8;77,3;77,3;49,8;224,1;13,17;2475,5;23,70;24,6;997,4;ON;77,15;
2026-07-25 16:27:47;10:54:22;96,7;80,8;77,3;77,3;49,9;224,1;13,17;2475,5;23,71;24,6;997,4;ON;77,15;
2026-07-25 16:27:56;10:54:31;96,7;80,8;77,3;77,3;49,9;224,1;13,17;2475,5;23,72;24,6;997,4;ON;77,15;
2026-07-25 16:28:05;10:54:40;96,7;80,8;77,3;77,3;49,9;224,1;13,17;2475,5;23,72;24,6;997,4;ON;77,15;
2026-07-25 16:28:14;10:54:49;96,7;80,8;77,3;77,3;50,0;224,1;13,17;2475,5;23,73;24,6;997,4;ON;77,15;
2026-07-25 16:28:23;10:54:58;96,7;80,8;77,3;77,3;50,0;224,1;13,17;2475,5;23,73;24,6;997,4;ON;77,15;
2026-07-25 16:28:32;10:55:07;96,7;80,8;77,3;77,3;50,0;224,1;13,17;2475,5;23,74;24,6;997,4;ON;77,15;
2026-07-25 16:28:41;10:55:16;96,8;80,8;77,3;77,3;50,1;224,1;13,17;2475,5;23,75;24,6;997,4;ON;77,15;
2026-07-25 16:28:51;10:55:26;96,7;80,8;77,3;77,3;50,1;224,1;13,17;2475,5;23,75;24,6;997,4;ON;77,15;
2026-07-25 16:29:00;10:55:35;96,8;80,8;77,3;77,3;50,2;224,1;13,17;2475,5;23,76;24,6;997,4;ON;77,15;
2026-07-25 16:29:09;10:55:44;96,8;80,8;77,3;77,3;50,2;224,1;13,17;2475,5;23,77;24,6;997,4;ON;77,15;
2026-07-25 16:29:18;10:55:53;96,8;80,9;77,3;77,3;50,3;224,1;13,17;2475,5;23,77;24,6;997,4;ON;77,15;
2026-07-25 16:29:27;10:56:02;96,8;80,9;77,3;77,3;50,4;224,1;13,17;2475,5;23,78;24,6;997,4;ON;77,15;
2026-07-25 16:29:36;10:56:11;96,8;80,9;77,3;77,3;50,4;224,1;13,17;2475,5;23,78;24,6;997,4;ON;77,15;
2026-07-25 16:29:45;10:56:20;96,8;80,9;77,3;77,3;50,5;224,1;13,17;2475,5;23,79;24,6;997,4;ON;77,15;
2026-07-25 16:29:54;10:56:29;96,8;80,9;77,3;77,3;50,6;224,1;13,17;2475,5;23,80;24,6;997,4;ON;77,15;
2026-07-25 16:30:04;10:56:39;96,8;80,9;77,3;77,3;50,6;224,1;13,17;2475,5;23,80;24,6;997,3;ON;77,15;
2026-07-25 16:30:13;10:56:48;96,8;80,9;77,3;77,3;50,6;224,1;13,17;2475,5;23,81;24,6;997,3;ON;77,15;
2026-07-25 16:30:22;10:56:57;96,8;80,9;77,3;77,3;50,7;224,1;13,17;2475,5;23,82;24,6;997,3;ON;77,15;
2026-07-25 16:30:31;10:57:06;96,8;80,9;77,3;77,3;50,8;224,1;13,17;2475,5;23,82;24,6;997,3;ON;77,15;
2026-07-25 16:30:40;10:57:15;96,8;80,9;77,3;77,3;50,8;224,1;13,17;2475,5;23,83;24,6;997,3;ON;77,15;
2026-07-25 16:30:49;10:57:24;96,8;80,9;77,3;77,3;50,8;224,1;13,17;2475,5;23,83;24,6;997,3;ON;77,15;
2026-07-25 16:30:58;10:57:33;96,8;80,9;77,3;77,3;50,9;224,1;13,17;2475,5;23,84;24,6;997,3;ON;77,15;
2026-07-25 16:31:07;10:57:42;96,8;80,9;77,3;77,3;50,9;224,1;13,17;2475,5;23,85;24,6;997,3;ON;77,15;
2026-07-25 16:31:16;10:57:51;96,8;80,9;77,3;77,3;50,9;224,1;13,17;2475,5;23,85;24,6;997,3;ON;77,15;
2026-07-25 16:31:25;10:58:00;96,8;80,9;77,3;77,3;51,0;224,1;13,17;2475,5;23,86;24,6;997,3;ON;77,15;
2026-07-25 16:31:34;10:58:09;96,8;80,9;77,3;77,3;51,1;224,1;13,17;2475,5;23,87;24,6;997,3;ON;77,15;
2026-07-25 16:31:43;10:58:18;96,8;81,0;77,3;77,3;51,1;224,1;13,17;2475,5;23,87;24,6;997,3;ON;77,15;
2026-07-25 16:31:52;10:58:27;96,8;81,0;77,3;77,3;51,2;224,1;13,17;2475,5;23,88;24,6;997,3;ON;77,15;
2026-07-25 16:32:01;10:58:36;96,8;81,0;77,3;77,3;51,2;224,1;13,17;2475,5;23,88;24,6;997,3;ON;77,15;
2026-07-25 16:32:10;10:58:45;96,8;81,0;77,3;77,3;51,3;224,1;13,17;2475,5;23,89;24,6;997,3;ON;77,15;
2026-07-25 16:32:19;10:58:54;96,8;81,0;77,3;77,3;51,4;224,1;13,17;2475,5;23,90;24,6;997,3;ON;77,15;
2026-07-25 16:32:28;10:59:03;96,8;81,0;77,3;77,3;51,4;224,1;13,17;2475,5;23,90;24,6;997,3;ON;77,15;
2026-07-25 16:32:37;10:59:12;96,8;81,0;77,3;77,3;51,5;224,1;13,17;2475,5;23,91;24,6;997,3;ON;77,15;
2026-07-25 16:32:46;10:59:21;96,8;81,1;77,3;77,3;51,6;224,1;13,17;2475,5;23,92;24,6;997,3;ON;77,15;
2026-07-25 16:32:56;10:59:31;96,8;81,1;77,3;77,3;51,8;224,1;13,17;2475,5;23,92;24,6;997,3;ON;77,15;
2026-07-25 16:33:05;10:59:40;96,8;81,1;77,3;77,3;51,8;224,1;13,17;2475,5;23,93;24,6;997,3;ON;77,15;
2026-07-25 16:33:14;10:59:49;96,8;81,1;77,3;77,3;51,9;224,1;13,17;2475,5;23,93;24,6;997,3;ON;77,15;
2026-07-25 16:33:23;10:59:58;96,9;81,1;77,3;77,3;52,1;224,1;13,17;2475,5;23,94;24,6;997,3;ON;77,15;
2026-07-25 16:33:32;11:00:07;96,9;81,1;77,3;77,3;52,2;224,1;13,17;2475,5;23,95;24,6;997,3;ON;77,15;
2026-07-25 16:33:41;11:00:16;96,9;81,1;77,3;77,3;52,3;224,1;13,17;2475,5;23,95;24,6;997,3;ON;77,15;
2026-07-25 16:33:50;11:00:25;96,9;81,1;77,3;77,3;52,4;224,1;13,17;2475,5;23,96;24,6;997,3;ON;77,15;
2026-07-25 16:33:59;11:00:34;96,9;81,1;77,3;77,3;52,6;224,1;13,17;2475,5;23,97;24,6;997,3;ON;77,15;
2026-07-25 16:34:08;11:00:43;96,9;81,1;77,3;77,3;52,7;224,1;13,17;2475,5;23,97;24,6;997,3;ON;77,15;
2026-07-25 16:34:17;11:00:52;96,9;81,2;77,3;77,3;52,8;224,1;13,17;2475,5;23,98;24,6;997,3;ON;77,15;
2026-07-25 16:34:26;11:01:01;96,9;81,2;77,3;77,3;52,9;224,1;13,17;2475,5;23,98;24,6;997,3;ON;77,15;
2026-07-25 16:34:35;11:01:10;96,9;81,2;77,3;77,3;53,1;224,1;13,17;2475,5;23,99;24,6;997,3;ON;77,15;
2026-07-25 16:34:44;11:01:19;96,9;81,2;77,3;77,3;53,2;224,1;13,17;2475,5;24,00;24,6;997,3;ON;77,15;
2026-07-25 16:34:53;11:01:28;96,9;81,2;77,3;77,3;53,4;224,1;13,17;2475,5;24,00;24,6;997,3;ON;77,15;
2026-07-25 16:35:02;11:01:37;96,9;81,2;77,3;77,3;53,6;224,1;13,17;2475,5;24,01;24,6;997,3;ON;77,15;
2026-07-25 16:35:11;11:01:46;96,9;81,2;77,3;77,3;53,7;224,1;13,17;2475,5;24,01;24,6;997,3;ON;77,15;
2026-07-25 16:35:20;11:01:55;96,9;81,2;77,3;77,3;53,9;224,1;13,17;2475,5;24,02;24,6;997,3;ON;77,15;
2026-07-25 16:35:29;11:02:04;96,9;81,2;77,3;77,3;54,1;224,1;13,17;2475,5;24,03;24,6;997,3;ON;77,15;
2026-07-25 16:35:39;11:02:14;96,9;81,2;77,3;77,3;54,1;224,1;13,17;2475,5;24,03;24,6;997,3;ON;77,15;
2026-07-25 16:35:48;11:02:23;96,9;81,2;77,3;77,3;54,3;224,1;13,17;2475,5;24,04;24,6;997,3;ON;77,15;
2026-07-25 16:35:57;11:02:32;96,9;81,2;77,3;77,3;54,4;224,1;13,17;2475,5;24,05;24,6;997,3;ON;77,15;
2026-07-25 16:36:06;11:02:41;96,9;81,3;77,3;77,3;54,6;224,1;13,17;2475,5;24,05;24,6;997,3;ON;77,15;
2026-07-25 16:36:15;11:02:50;96,9;81,3;77,3;77,3;54,8;224,1;13,17;2475,5;24,06;24,6;997,3;ON;77,15;
2026-07-25 16:36:24;11:02:59;96,9;81,3;77,3;77,3;54,4;224,1;13,17;2475,5;24,06;24,6;997,3;ON;77,15;
2026-07-25 16:36:33;11:03:08;96,9;81,3;77,3;77,3;53,8;224,1;13,17;2475,5;24,07;24,6;997,3;ON;77,15;
2026-07-25 16:36:42;11:03:17;96,9;81,3;77,3;77,3;53,2;224,1;13,17;2475,5;24,08;24,6;997,3;ON;77,15;
2026-07-25 16:36:51;11:03:26;96,9;81,3;77,3;77,3;52,6;224,1;13,17;2475,5;24,08;24,6;997,3;ON;77,15;
2026-07-25 16:37:00;11:03:35;96,9;81,4;77,3;77,3;52,1;224,1;13,17;2475,5;24,09;24,6;997,3;ON;77,15;
2026-07-25 16:37:09;11:03:44;96,9;81,4;77,3;77,3;51,6;224,1;13,17;2475,5;24,10;24,6;997,3;ON;77,15;
2026-07-25 16:37:18;11:03:53;96,9;81,4;77,3;77,3;51,1;224,1;13,17;2475,5;24,10;24,6;997,3;ON;77,15;
2026-07-25 16:37:27;11:04:02;96,9;81,4;77,3;77,3;50,8;224,1;13,17;2475,5;24,11;24,6;997,3;ON;77,15;
2026-07-25 16:37:36;11:04:11;96,9;81,4;77,3;77,3;50,6;224,1;13,17;2475,5;24,11;24,6;997,3;ON;77,15;
2026-07-25 16:37:45;11:04:20;96,9;81,4;77,3;77,3;50,3;219,7;12,94;2388,8;24,12;24,6;997,3;ON;77,15;
2026-07-25 16:37:54;11:04:29;96,9;81,4;77,3;77,3;50,1;219,7;12,94;2388,8;24,13;24,6;997,3;ON;77,15;
2026-07-25 16:38:04;11:04:39;97,0;81,4;77,3;77,3;49,9;219,7;12,94;2388,8;24,13;24,6;997,3;ON;77,15;
2026-07-25 16:38:13;11:04:48;97,0;81,4;77,3;77,3;49,7;219,7;12,94;2388,8;24,14;24,6;997,3;ON;77,15;
2026-07-25 16:38:21;11:04:56;97,0;81,5;77,3;77,3;49,6;219,7;12,94;2388,8;24,14;24,6;997,3;ON;77,15;
2026-07-25 16:38:30;11:05:05;97,0;81,5;77,3;77,3;49,4;219,7;12,94;2388,8;24,15;24,6;997,3;ON;77,15;
2026-07-25 16:38:39;11:05:14;97,0;81,5;77,3;77,3;49,3;219,7;12,94;2388,8;24,16;24,6;997,3;ON;77,15;
2026-07-25 16:38:48;11:05:23;97,0;81,5;77,3;77,3;49,2;219,7;12,94;2388,8;24,16;24,6;997,3;ON;77,15;
2026-07-25 16:38:58;11:05:33;97,0;81,5;77,3;77,3;49,2;219,7;12,94;2388,8;24,17;24,6;997,3;ON;77,15;
2026-07-25 16:39:07;11:05:42;97,0;81,5;77,3;77,3;49,2;219,7;12,94;2388,8;24,17;24,6;997,3;ON;77,15;
2026-07-25 16:39:16;11:05:51;97,0;81,5;77,3;77,3;49,1;219,7;12,94;2388,8;24,18;24,6;997,3;ON;77,15;
2026-07-25 16:39:25;11:06:00;97,0;81,5;77,3;77,3;49,0;219,7;12,94;2388,8;24,19;24,6;997,3;ON;77,15;
2026-07-25 16:39:34;11:06:09;97,0;81,5;77,3;77,3;48,9;219,7;12,94;2388,8;24,19;24,6;997,3;ON;77,15;
2026-07-25 16:39:43;11:06:18;97,0;81,6;77,3;77,3;48,9;219,7;12,94;2388,8;24,20;24,6;997,3;ON;77,15;
2026-07-25 16:39:52;11:06:27;97,0;81,6;77,3;77,3;48,9;219,7;12,94;2388,8;24,20;24,6;997,3;ON;77,15;
2026-07-25 16:40:01;11:06:36;97,0;81,6;77,3;77,3;48,8;219,7;12,94;2388,8;24,21;24,6;997,3;ON;77,15;
2026-07-25 16:40:10;11:06:45;97,0;81,6;77,3;77,3;48,8;219,7;12,94;2388,8;24,22;24,6;997,3;ON;77,15;
2026-07-25 16:40:19;11:06:54;97,0;81,6;77,3;77,3;48,8;219,7;12,94;2388,8;24,22;24,6;997,3;ON;77,15;
2026-07-25 16:40:28;11:07:03;97,0;81,6;77,3;77,3;48,8;219,7;12,94;2388,8;24,23;24,6;997,3;ON;77,15;
2026-07-25 16:40:37;11:07:12;97,0;81,6;77,3;77,3;48,8;219,7;12,94;2388,8;24,23;24,6;997,3;ON;77,15;
2026-07-25 16:40:46;11:07:21;97,0;81,6;77,3;77,3;48,7;219,7;12,94;2388,8;24,24;24,6;997,3;ON;77,15;
2026-07-25 16:40:55;11:07:30;97,0;81,7;77,3;77,3;48,7;219,7;12,94;2388,8;24,25;24,6;997,3;ON;77,15;
2026-07-25 16:41:04;11:07:39;97,0;81,7;77,3;77,3;48,7;219,7;12,94;2388,8;24,25;24,6;997,3;ON;77,15;
2026-07-25 16:41:13;11:07:48;97,1;81,7;77,3;77,3;48,7;219,7;12,94;2388,8;24,26;24,6;997,3;ON;77,15;
2026-07-25 16:41:22;11:07:57;97,1;81,7;77,3;77,3;48,6;219,7;12,94;2388,8;24,26;24,6;997,3;ON;77,15;
2026-07-25 16:41:31;11:08:06;97,1;81,7;77,3;77,3;48,6;219,7;12,94;2388,8;24,27;24,6;997,3;ON;77,15;
2026-07-25 16:41:40;11:08:15;97,1;81,7;77,3;77,3;48,7;219,7;12,94;2388,8;24,28;24,6;997,3;ON;77,15;
2026-07-25 16:41:50;11:08:25;97,1;81,7;77,3;77,3;48,7;219,7;12,94;2388,8;24,28;24,6;997,3;ON;77,15;
2026-07-25 16:41:59;11:08:34;97,1;81,8;77,3;77,3;48,8;219,7;12,94;2388,8;24,29;24,6;997,3;ON;77,15;
2026-07-25 16:42:08;11:08:43;97,1;81,8;77,3;77,3;48,8;219,7;12,94;2388,8;24,29;24,6;997,3;ON;77,15;
2026-07-25 16:42:17;11:08:52;97,1;81,8;77,3;77,3;48,8;219,7;12,94;2388,8;24,30;24,6;997,3;ON;77,15;
2026-07-25 16:42:26;11:09:01;97,1;81,8;77,3;77,3;48,7;219,7;12,94;2388,8;24,31;24,6;997,3;ON;77,15;
2026-07-25 16:42:35;11:09:10;97,1;81,8;77,3;77,3;48,8;219,7;12,94;2388,8;24,31;24,6;997,3;ON;77,15;
2026-07-25 16:42:44;11:09:19;97,1;81,8;77,3;77,3;48,8;219,7;12,94;2388,8;24,32;24,6;997,3;ON;77,15;
2026-07-25 16:42:53;11:09:28;97,1;81,8;77,3;77,3;48,9;219,7;12,94;2388,8;24,32;24,6;997,3;ON;77,15;
2026-07-25 16:43:02;11:09:37;97,1;81,8;77,3;77,3;48,9;219,7;12,94;2388,8;24,33;24,6;997,3;ON;77,15;
2026-07-25 16:43:11;11:09:46;97,1;81,8;77,3;77,3;48,9;219,7;12,94;2388,8;24,34;24,6;997,3;ON;77,15;
2026-07-25 16:43:20;11:09:55;97,1;81,8;77,3;77,3;48,9;219,7;12,94;2388,8;24,34;24,6;997,3;ON;77,15;
2026-07-25 16:43:29;11:10:04;97,1;81,9;77,3;77,3;49,0;219,7;12,94;2388,8;24,35;24,6;997,3;ON;77,15;
2026-07-25 16:43:38;11:10:13;97,1;81,9;77,3;77,3;49,1;219,7;12,94;2388,8;24,35;24,6;997,3;ON;77,15;
2026-07-25 16:43:47;11:10:22;97,1;81,9;77,3;77,3;49,1;219,7;12,94;2388,8;24,36;24,6;997,3;ON;77,15;
2026-07-25 16:43:56;11:10:31;97,1;81,9;77,3;77,3;49,2;219,7;12,94;2388,8;24,37;24,6;997,3;ON;77,15;
2026-07-25 16:44:06;11:10:41;97,1;81,9;77,3;77,3;49,3;219,7;12,94;2388,8;24,37;24,6;997,3;ON;77,15;
2026-07-25 16:44:15;11:10:50;97,1;81,9;77,3;77,3;49,4;219,7;12,94;2388,8;24,38;24,6;997,3;ON;77,15;
2026-07-25 16:44:24;11:10:59;97,1;81,9;77,3;77,3;49,4;219,7;12,94;2388,8;24,39;24,6;997,3;ON;77,15;
2026-07-25 16:44:33;11:11:08;97,1;81,9;77,3;77,3;49,5;219,7;12,94;2388,8;24,39;24,6;997,3;ON;77,15;
2026-07-25 16:44:42;11:11:17;97,1;81,9;77,3;77,3;49,6;219,7;12,94;2388,8;24,40;24,6;997,3;ON;77,15;
2026-07-25 16:44:51;11:11:26;97,1;82,0;77,3;77,3;49,7;219,7;12,94;2388,8;24,40;24,6;997,3;ON;77,15;
2026-07-25 16:45:00;11:11:35;97,1;82,0;77,3;77,3;49,8;219,7;12,94;2388,8;24,41;24,6;997,3;ON;77,15;
2026-07-25 16:45:09;11:11:44;97,1;82,0;77,3;77,3;49,8;219,7;12,94;2388,8;24,42;24,6;997,3;ON;77,15;
2026-07-25 16:45:18;11:11:53;97,1;82,0;77,3;77,3;49,9;219,7;12,94;2388,8;24,42;24,6;997,3;ON;77,15;
2026-07-25 16:45:27;11:12:02;97,1;82,1;77,3;77,3;50,1;219,7;12,94;2388,8;24,43;24,5;997,2;ON;77,15;
2026-07-25 16:45:36;11:12:11;97,1;82,1;77,3;77,3;50,1;219,7;12,94;2388,8;24,43;24,5;997,2;ON;77,15;
2026-07-25 16:45:45;11:12:20;97,1;82,1;77,3;77,3;50,2;219,7;12,94;2388,8;24,44;24,5;997,2;ON;77,15;
2026-07-25 16:45:55;11:12:30;97,1;82,1;77,3;77,3;50,3;219,7;12,94;2388,8;24,45;24,5;997,2;ON;77,15;
2026-07-25 16:46:04;11:12:39;97,1;82,1;77,3;77,3;50,3;219,7;12,94;2388,8;24,45;24,5;997,2;ON;77,15;
2026-07-25 16:46:13;11:12:48;97,1;82,1;77,3;77,3;50,4;219,7;12,94;2388,8;24,46;24,5;997,2;ON;77,15;
2026-07-25 16:46:22;11:12:57;97,2;82,1;77,3;77,3;50,4;219,7;12,94;2388,8;24,46;24,5;997,2;ON;77,15;
2026-07-25 16:46:31;11:13:06;97,1;82,1;77,3;77,3;50,5;219,7;12,94;2388,8;24,47;24,5;997,2;ON;77,15;
2026-07-25 16:46:40;11:13:15;97,2;82,2;77,3;77,3;50,6;219,7;12,94;2388,8;24,48;24,5;997,2;ON;77,15;
2026-07-25 16:46:49;11:13:24;97,2;82,2;77,3;77,3;50,7;219,7;12,94;2388,8;24,48;24,5;997,2;ON;77,15;
2026-07-25 16:46:58;11:13:33;97,2;82,2;77,3;77,3;50,7;219,7;12,94;2388,8;24,49;24,5;997,2;ON;77,15;
2026-07-25 16:47:07;11:13:42;97,2;82,2;77,3;77,3;50,8;219,7;12,94;2388,8;24,49;24,5;997,2;ON;77,15;
2026-07-25 16:47:16;11:13:51;97,2;82,2;77,3;77,3;50,9;219,7;12,94;2388,8;24,50;24,5;997,2;ON;77,15;
2026-07-25 16:47:25;11:14:00;97,2;82,2;77,3;77,3;51,0;219,7;12,94;2388,8;24,51;24,5;997,2;ON;77,15;
2026-07-25 16:47:34;11:14:09;97,2;82,2;77,3;77,3;51,0;219,7;12,94;2388,8;24,51;24,5;997,2;ON;77,15;
2026-07-25 16:47:43;11:14:18;97,2;82,2;77,3;77,3;51,1;219,7;12,94;2388,8;24,52;24,5;997,2;ON;77,15;
2026-07-25 16:47:52;11:14:27;97,2;82,2;77,3;77,3;51,1;219,7;12,94;2388,8;24,52;24,5;997,2;ON;77,15;
2026-07-25 16:48:01;11:14:36;97,2;82,2;77,3;77,3;51,2;219,7;12,94;2388,8;24,53;24,5;997,2;ON;77,15;
2026-07-25 16:48:10;11:14:45;97,2;82,3;77,3;77,3;51,2;219,7;12,94;2388,8;24,54;24,5;997,2;ON;77,15;
2026-07-25 16:48:20;11:14:55;97,2;82,3;77,3;77,3;51,3;219,7;12,94;2388,8;24,54;24,5;997,2;ON;77,15;
2026-07-25 16:48:29;11:15:04;97,2;82,3;77,3;77,3;51,4;219,7;12,94;2388,8;24,55;24,5;997,2;ON;77,15;
2026-07-25 16:48:38;11:15:13;97,2;82,3;77,3;77,3;51,5;219,7;12,94;2388,8;24,55;24,5;997,2;ON;77,15;
2026-07-25 16:48:47;11:15:22;97,2;82,4;77,3;77,3;51,6;219,7;12,94;2388,8;24,56;24,5;997,2;ON;77,15;
2026-07-25 16:48:56;11:15:31;97,2;82,3;77,3;77,3;51,6;219,7;12,94;2388,8;24,57;24,5;997,2;ON;77,15;
2026-07-25 16:49:05;11:15:40;97,2;82,4;77,3;77,3;51,8;219,7;12,94;2388,8;24,57;24,5;997,2;ON;77,15;
2026-07-25 16:49:14;11:15:49;97,2;82,4;77,3;77,3;51,9;219,7;12,94;2388,8;24,58;24,5;997,2;ON;77,15;
2026-07-25 16:49:23;11:15:58;97,2;82,4;77,3;77,3;52,1;219,7;12,94;2388,8;24,58;24,5;997,2;ON;77,15;
2026-07-25 16:49:32;11:16:07;97,2;82,4;77,3;77,3;52,0;219,7;12,94;2388,8;24,59;24,5;997,2;ON;77,15;
2026-07-25 16:49:41;11:16:16;97,2;82,4;77,3;77,3;51,6;219,7;12,94;2388,8;24,60;24,5;997,2;ON;77,15;
2026-07-25 16:49:50;11:16:25;97,2;82,4;77,3;77,3;51,1;219,7;12,94;2388,8;24,60;24,5;997,2;ON;77,15;
2026-07-25 16:50:00;11:16:35;97,2;82,4;77,3;77,3;50,6;219,7;12,94;2388,8;24,61;24,5;997,2;ON;77,15;
2026-07-25 16:50:09;11:16:44;97,2;82,4;77,3;77,3;50,2;219,7;12,94;2388,8;24,61;24,5;997,2;ON;77,15;
2026-07-25 16:50:18;11:16:53;97,2;82,5;77,3;77,3;49,8;219,7;12,94;2388,8;24,62;24,5;997,2;ON;77,15;
2026-07-25 16:50:27;11:17:02;97,2;82,5;77,3;77,3;49,4;219,7;12,94;2388,8;24,63;24,5;997,2;ON;77,15;
2026-07-25 16:50:36;11:17:11;97,2;82,6;77,3;77,3;49,1;219,7;12,94;2388,8;24,63;24,4;996,8;ON;77,15;
2026-07-25 16:50:45;11:17:20;97,2;82,6;77,3;77,3;48,9;219,7;12,94;2388,8;24,64;24,4;996,8;ON;77,15;
2026-07-25 16:50:54;11:17:29;97,2;82,6;77,3;77,3;48,8;219,7;12,94;2388,8;24,64;24,4;996,8;ON;77,15;
2026-07-25 16:51:03;11:17:38;97,2;82,6;77,3;77,3;48,7;219,7;12,94;2388,8;24,65;24,4;996,8;ON;77,15;
2026-07-25 16:51:12;11:17:47;97,2;82,6;77,3;77,3;48,8;219,7;12,94;2388,8;24,66;24,4;996,8;ON;77,15;
2026-07-25 16:51:21;11:17:56;97,2;82,6;77,3;77,3;48,7;219,7;12,94;2388,8;24,66;24,4;996,8;ON;77,15;
2026-07-25 16:51:30;11:18:05;97,2;82,6;77,3;77,3;48,6;219,7;12,94;2388,8;24,67;24,4;996,8;ON;77,15;
2026-07-25 16:51:39;11:18:14;97,2;82,7;77,3;77,3;48,6;219,7;12,94;2388,8;24,67;24,4;996,8;ON;77,15;
2026-07-25 16:51:48;11:18:23;97,2;82,7;77,3;77,3;48,7;219,7;12,94;2388,8;24,68;24,4;996,8;ON;77,15;
2026-07-25 16:51:57;11:18:32;97,2;82,7;77,3;77,3;48,8;219,7;12,94;2388,8;24,69;24,4;996,8;ON;77,15;
2026-07-25 16:52:06;11:18:41;97,2;82,8;77,3;77,3;48,9;219,7;12,94;2388,8;24,69;24,4;996,8;ON;77,15;
2026-07-25 16:52:15;11:18:50;97,2;82,8;77,3;77,3;49,0;219,7;12,94;2388,8;24,70;24,4;996,8;ON;77,15;
2026-07-25 16:52:24;11:18:59;97,2;82,8;77,3;77,3;49,1;219,7;12,94;2388,8;24,70;24,4;996,8;ON;77,15;
2026-07-25 16:52:34;11:19:09;97,2;82,8;77,3;77,3;49,2;219,7;12,94;2388,8;24,71;24,4;996,8;ON;77,15;
2026-07-25 16:52:43;11:19:18;97,2;82,8;77,3;77,3;49,4;219,7;12,94;2388,8;24,72;24,4;996,8;ON;77,15;
2026-07-25 16:52:52;11:19:27;97,2;82,8;77,3;77,3;49,5;219,7;12,94;2388,8;24,72;24,4;996,8;ON;77,15;
2026-07-25 16:53:01;11:19:36;97,2;82,9;77,3;77,3;49,6;219,7;12,94;2388,8;24,73;24,4;996,8;ON;77,15;
2026-07-25 16:53:10;11:19:45;97,3;82,9;77,3;77,3;49,6;219,7;12,94;2388,8;24,73;24,4;996,8;ON;77,15;
2026-07-25 16:53:19;11:19:54;97,2;82,9;77,3;77,3;49,8;219,7;12,94;2388,8;24,74;24,4;996,8;ON;77,15;
2026-07-25 16:53:28;11:20:03;97,3;82,9;77,3;77,3;49,8;219,7;12,94;2388,8;24,75;24,4;996,8;ON;77,15;
2026-07-25 16:53:37;11:20:12;97,3;82,9;77,3;77,3;49,9;219,7;12,94;2388,8;24,75;24,4;996,8;ON;77,15;
2026-07-25 16:53:46;11:20:21;97,3;82,9;77,3;77,3;49,9;219,7;12,94;2388,8;24,76;24,4;996,8;ON;77,15;
2026-07-25 16:53:55;11:20:30;97,3;82,9;77,3;77,3;50,1;219,7;12,94;2388,8;24,76;24,4;996,8;ON;77,15;
2026-07-25 16:54:04;11:20:39;97,3;83,0;77,3;77,3;50,2;219,7;12,94;2388,8;24,77;24,4;996,8;ON;77,15;
2026-07-25 16:54:13;11:20:48;97,3;83,0;77,3;77,3;50,2;219,7;12,94;2388,8;24,78;24,4;996,8;ON;77,15;
2026-07-25 16:54:22;11:20:57;97,3;83,0;77,3;77,3;50,2;219,7;12,94;2388,8;24,78;24,4;996,8;ON;77,15;
2026-07-25 16:54:31;11:21:06;97,3;83,1;77,3;77,3;50,4;219,7;12,94;2388,8;24,79;24,4;996,8;ON;77,15;
2026-07-25 16:54:41;11:21:16;97,3;83,1;77,3;77,3;50,4;219,7;12,94;2388,8;24,79;24,4;996,8;ON;77,15;
2026-07-25 16:54:50;11:21:25;97,3;83,1;77,3;77,3;50,6;219,7;12,94;2388,8;24,80;24,4;996,8;ON;77,15;
2026-07-25 16:54:59;11:21:34;97,3;83,1;77,3;77,3;50,6;219,7;12,94;2388,8;24,81;24,4;996,8;ON;77,15;
2026-07-25 16:55:08;11:21:43;97,3;83,1;77,3;77,3;50,7;219,7;12,94;2388,8;24,81;24,4;996,8;ON;77,15;
2026-07-25 16:55:17;11:21:52;97,3;83,1;77,3;77,3;50,8;219,7;12,94;2388,8;24,82;24,4;996,8;ON;77,15;
2026-07-25 16:55:26;11:22:01;97,3;83,1;77,3;77,3;50,8;219,7;12,94;2388,8;24,82;24,4;996,8;ON;77,15;
2026-07-25 16:55:35;11:22:10;97,3;83,2;77,3;77,3;50,9;219,7;12,94;2388,8;24,83;24,4;996,8;ON;77,15;
2026-07-25 16:55:44;11:22:19;97,3;83,2;77,3;77,3;51,0;219,7;12,94;2388,8;24,84;24,4;996,8;ON;77,15;
2026-07-25 16:55:53;11:22:28;97,3;83,2;77,3;77,3;51,1;219,7;12,94;2388,8;24,84;24,4;996,8;ON;77,15;
2026-07-25 16:56:02;11:22:37;97,3;83,2;77,3;77,3;51,2;219,7;12,94;2388,8;24,85;24,4;996,8;ON;77,15;
2026-07-25 16:56:11;11:22:46;97,3;83,2;77,3;77,3;51,3;219,7;12,94;2388,8;24,85;24,4;996,8;ON;77,15;
2026-07-25 16:56:20;11:22:55;97,3;83,2;77,3;77,3;51,4;219,7;12,94;2388,8;24,86;24,4;996,8;ON;77,15;
2026-07-25 16:56:29;11:23:04;97,4;83,2;77,3;77,3;51,5;219,7;12,94;2388,8;24,87;24,4;996,8;ON;77,15;
2026-07-25 16:56:38;11:23:13;97,4;83,3;77,3;77,3;51,7;219,7;12,94;2388,8;24,87;24,4;996,8;ON;77,15;
2026-07-25 16:56:48;11:23:23;97,3;83,3;77,3;77,3;51,6;219,7;12,94;2388,8;24,88;24,4;996,8;ON;77,15;
2026-07-25 16:56:57;11:23:32;97,4;83,4;77,3;77,3;51,2;219,7;12,94;2388,8;24,88;24,4;996,8;ON;77,15;
2026-07-25 16:57:06;11:23:41;97,4;83,4;77,3;77,3;50,8;219,7;12,94;2388,8;24,89;24,4;996,8;ON;77,15;
2026-07-25 16:57:15;11:23:50;97,4;83,4;77,3;77,3;50,4;219,7;12,94;2388,8;24,90;24,4;996,8;ON;77,15;
2026-07-25 16:57:24;11:23:59;97,4;83,4;77,3;77,3;50,0;219,7;12,94;2388,8;24,90;24,4;996,8;ON;77,15;
2026-07-25 16:57:33;11:24:08;97,4;83,4;77,3;77,3;49,7;219,7;12,94;2388,8;24,91;24,4;996,8;ON;77,15;
2026-07-25 16:57:42;11:24:17;97,4;83,5;77,3;77,3;49,4;219,7;12,94;2388,8;24,91;24,4;996,8;ON;77,15;
2026-07-25 16:57:51;11:24:26;97,4;83,5;77,3;77,3;49,2;219,7;12,94;2388,8;24,92;24,4;996,8;ON;77,15;
2026-07-25 16:58:00;11:24:35;97,4;83,5;77,3;77,3;49,1;219,7;12,94;2388,8;24,93;24,4;996,8;ON;77,15;
2026-07-25 16:58:09;11:24:44;97,4;83,6;77,3;77,3;49,0;219,7;12,94;2388,8;24,93;24,4;996,8;ON;77,15;
2026-07-25 16:58:18;11:24:53;97,4;83,6;77,3;77,3;48,9;219,7;12,94;2388,8;24,94;24,4;996,8;ON;77,15;
2026-07-25 16:58:27;11:25:02;97,4;83,6;77,3;77,3;48,9;219,7;12,94;2388,8;24,94;24,4;996,8;ON;77,15;
2026-07-25 16:58:36;11:25:11;97,4;83,6;77,3;77,3;48,8;219,7;12,94;2388,8;24,95;24,4;996,8;ON;77,15;
2026-07-25 16:58:45;11:25:20;97,4;83,6;77,3;77,3;48,8;219,7;12,94;2388,8;24,96;24,4;996,8;ON;77,15;
2026-07-25 16:58:54;11:25:29;97,4;83,7;77,3;77,3;48,8;219,7;12,94;2388,8;24,96;24,4;996,8;ON;77,15;
2026-07-25 16:59:04;11:25:39;97,4;83,7;77,3;77,3;48,8;219,7;12,94;2388,8;24,97;24,4;996,8;ON;77,15;
2026-07-25 16:59:13;11:25:48;97,4;83,8;77,3;77,3;48,8;219,7;12,94;2388,8;24,97;24,4;996,8;ON;77,15;
2026-07-25 16:59:22;11:25:57;97,4;83,8;77,3;77,3;48,8;219,7;12,94;2388,8;24,98;24,4;996,8;ON;77,15;
2026-07-25 16:59:31;11:26:06;97,4;83,8;77,3;77,3;48,8;219,7;12,94;2388,8;24,99;24,4;996,8;ON;77,15;
2026-07-25 16:59:40;11:26:15;97,4;83,8;77,3;77,3;48,8;219,7;12,94;2388,8;24,99;24,4;996,8;ON;77,15;
2026-07-25 16:59:49;11:26:24;97,4;83,8;77,4;77,3;48,8;219,7;12,94;2388,8;25,00;24,4;996,8;ON;77,15;
2026-07-25 16:59:58;11:26:33;97,4;83,9;77,3;77,3;48,8;219,7;12,94;2388,8;25,00;24,4;996,8;ON;77,15;
2026-07-25 17:00:07;11:26:42;97,4;83,9;77,3;77,3;48,8;219,7;12,94;2388,8;25,01;24,4;996,8;ON;77,15;
2026-07-25 17:00:16;11:26:51;97,4;83,9;77,3;77,3;48,8;219,7;12,94;2388,8;25,02;24,4;996,8;ON;77,15;
2026-07-25 17:00:25;11:27:00;97,4;83,9;77,3;77,3;48,8;219,7;12,94;2388,8;25,02;24,4;996,8;ON;77,15;
2026-07-25 17:00:34;11:27:09;97,4;84,0;77,3;77,3;48,9;219,7;12,94;2388,8;25,03;24,4;996,8;ON;77,15;
2026-07-25 17:00:43;11:27:18;97,4;84,0;77,4;77,3;48,8;219,7;12,94;2388,8;25,03;24,4;996,8;ON;77,15;
2026-07-25 17:00:52;11:27:27;97,4;84,1;77,3;77,3;48,9;219,7;12,94;2388,8;25,04;24,4;996,8;ON;77,15;
2026-07-25 17:01:01;11:27:36;97,4;84,1;77,3;77,3;48,9;219,7;12,94;2388,8;25,05;24,4;996,8;ON;77,15;
2026-07-25 17:01:11;11:27:46;97,4;84,1;77,3;77,3;48,9;219,7;12,94;2388,8;25,05;24,4;996,8;ON;77,15;
2026-07-25 17:01:20;11:27:55;97,4;84,1;77,3;77,3;48,9;219,7;12,94;2388,8;25,06;24,4;996,8;ON;77,15;
2026-07-25 17:01:29;11:28:04;97,4;84,1;77,3;77,3;49,0;219,7;12,94;2388,8;25,06;24,4;996,8;ON;77,15;
2026-07-25 17:01:38;11:28:13;97,4;84,1;77,3;77,3;49,0;219,7;12,94;2388,8;25,07;24,4;996,8;ON;77,15;
2026-07-25 17:01:47;11:28:22;97,4;84,1;77,3;77,3;49,1;219,7;12,94;2388,8;25,08;24,4;996,8;ON;77,15;
2026-07-25 17:01:56;11:28:31;97,4;84,1;77,3;77,3;49,1;219,7;12,94;2388,8;25,08;24,4;996,8;ON;77,15;
2026-07-25 17:02:05;11:28:40;97,4;84,2;77,3;77,3;49,1;219,7;12,94;2388,8;25,09;24,4;996,8;ON;77,15;
2026-07-25 17:02:14;11:28:49;97,4;84,2;77,3;77,3;49,1;219,7;12,94;2388,8;25,09;24,4;996,8;ON;77,15;
2026-07-25 17:02:23;11:28:58;97,4;84,2;77,3;77,3;49,1;219,7;12,94;2388,8;25,10;24,4;996,8;ON;77,15;
2026-07-25 17:02:32;11:29:07;97,4;84,2;77,3;77,3;49,2;219,7;12,94;2388,8;25,11;24,4;996,8;ON;77,15;
2026-07-25 17:02:41;11:29:16;97,4;84,3;77,3;77,3;49,3;219,7;12,94;2388,8;25,11;24,4;996,8;ON;77,15;
2026-07-25 17:02:50;11:29:25;97,4;84,3;77,3;77,3;49,4;219,7;12,94;2388,8;25,12;24,4;996,8;ON;77,15;
2026-07-25 17:02:59;11:29:34;97,4;84,3;77,3;77,3;49,4;219,7;12,94;2388,8;25,12;24,4;996,8;ON;77,15;
2026-07-25 17:03:08;11:29:43;97,4;84,4;77,3;77,3;49,4;219,7;12,94;2388,8;25,13;24,4;996,8;ON;77,15;
2026-07-25 17:03:17;11:29:52;97,4;84,4;77,3;77,3;49,4;219,7;12,94;2388,8;25,14;24,4;996,8;ON;77,15;
2026-07-25 17:03:26;11:30:01;97,5;84,4;77,3;77,3;49,4;219,7;12,94;2388,8;25,14;24,4;996,8;ON;77,15;
2026-07-25 17:03:35;11:30:10;97,4;84,5;77,3;77,3;49,4;219,7;12,94;2388,8;25,15;24,4;996,8;ON;77,15;
2026-07-25 17:03:44;11:30:19;97,4;84,5;77,3;77,3;49,4;219,7;12,94;2388,8;25,15;24,4;996,8;ON;77,15;
2026-07-25 17:03:53;11:30:28;97,4;84,5;77,3;77,3;49,5;219,7;12,94;2388,8;25,16;24,4;996,8;ON;77,15;
2026-07-25 17:04:02;11:30:37;97,4;84,6;77,3;77,3;49,6;219,7;12,94;2388,8;25,17;24,4;996,8;ON;77,15;
2026-07-25 17:04:11;11:30:46;97,5;84,6;77,3;77,3;49,6;219,7;12,94;2388,8;25,17;24,4;996,8;ON;77,15;
2026-07-25 17:04:20;11:30:55;97,5;84,6;77,3;77,3;49,6;219,7;12,94;2388,8;25,18;24,4;996,8;ON;77,15;
2026-07-25 17:04:29;11:31:04;97,5;84,7;77,3;77,3;49,6;219,7;12,94;2388,8;25,18;24,4;996,8;ON;77,15;
2026-07-25 17:04:38;11:31:13;97,5;84,7;77,3;77,3;49,6;219,7;12,94;2388,8;25,19;24,4;996,8;ON;77,15;
2026-07-25 17:04:47;11:31:22;97,5;84,8;77,3;77,3;49,6;219,7;12,94;2388,8;25,20;24,4;996,8;ON;77,15;
2026-07-25 17:04:57;11:31:32;97,5;84,8;77,3;77,3;49,7;219,7;12,94;2388,8;25,20;24,4;996,8;ON;77,15;
2026-07-25 17:05:06;11:31:41;97,5;84,8;77,3;77,3;49,7;219,7;12,94;2388,8;25,21;24,4;996,8;ON;77,15;
2026-07-25 17:05:15;11:31:50;97,5;84,9;77,3;77,3;49,7;219,7;12,94;2388,8;25,22;24,4;996,8;ON;77,15;
2026-07-25 17:05:24;11:31:59;97,5;84,9;77,3;77,3;49,8;219,7;12,94;2388,8;25,22;24,4;996,8;ON;77,15;
2026-07-25 17:05:33;11:32:08;97,5;84,9;77,3;77,3;49,8;219,7;12,94;2388,8;25,23;24,4;996,8;ON;77,15;
2026-07-25 17:05:42;11:32:17;97,5;85,0;77,3;77,3;49,8;219,7;12,94;2388,8;25,23;24,4;996,8;ON;77,15;
2026-07-25 17:05:51;11:32:26;97,5;85,0;77,3;77,3;49,8;219,7;12,94;2388,8;25,24;24,4;996,8;ON;77,15;
2026-07-25 17:06:00;11:32:35;97,5;85,1;77,3;77,3;49,8;219,7;12,94;2388,8;25,25;24,4;996,8;ON;77,15;
2026-07-25 17:06:09;11:32:44;97,5;85,1;77,3;77,3;49,8;219,7;12,94;2388,8;25,25;24,4;996,8;ON;77,15;
2026-07-25 17:06:18;11:32:53;97,5;85,1;77,3;77,3;49,8;219,7;12,94;2388,8;25,26;24,4;996,8;ON;77,15;
2026-07-25 17:06:27;11:33:02;97,5;85,1;77,3;77,3;49,8;219,7;12,94;2388,8;25,26;24,4;996,8;ON;77,15;
2026-07-25 17:06:36;11:33:11;97,5;85,2;77,3;77,3;49,9;219,7;12,94;2388,8;25,27;24,4;996,8;ON;77,15;
2026-07-25 17:06:45;11:33:20;97,5;85,2;77,3;77,3;49,8;219,7;12,94;2388,8;25,28;24,4;996,8;ON;77,15;
2026-07-25 17:06:55;11:33:30;97,5;85,2;77,3;77,3;49,8;219,7;12,94;2388,8;25,28;24,4;996,8;ON;77,15;
2026-07-25 17:07:04;11:33:39;97,5;85,3;77,3;77,3;49,8;219,7;12,94;2388,8;25,29;24,4;996,8;ON;77,15;
2026-07-25 17:07:13;11:33:48;97,5;85,4;77,3;77,3;49,8;219,7;12,94;2388,8;25,29;24,4;996,8;ON;77,15;
2026-07-25 17:07:22;11:33:57;97,5;85,4;77,3;77,3;49,9;219,7;12,94;2388,8;25,30;24,4;996,8;ON;77,15;
2026-07-25 17:07:31;11:34:06;97,5;85,4;77,3;77,3;49,9;219,7;12,94;2388,8;25,31;24,4;996,8;ON;77,15;
2026-07-25 17:07:40;11:34:15;97,5;85,4;77,4;77,3;50,4;219,7;12,94;2388,8;25,31;24,4;996,8;ON;77,15;
2026-07-25 17:07:49;11:34:24;97,5;85,5;77,3;77,3;50,6;219,7;12,94;2388,8;25,32;24,4;996,8;ON;77,15;
2026-07-25 17:07:58;11:34:33;97,5;85,6;77,3;77,3;50,6;219,7;12,94;2388,8;25,32;24,4;996,8;ON;77,15;
2026-07-25 17:08:07;11:34:42;97,5;85,6;77,3;77,3;50,6;219,7;12,94;2388,8;25,33;24,4;996,8;ON;77,15;
2026-07-25 17:08:16;11:34:51;97,5;85,6;77,3;77,3;50,6;219,7;12,94;2388,8;25,34;24,4;996,8;ON;77,15;
2026-07-25 17:08:25;11:35:00;97,5;85,7;77,3;77,3;50,6;219,7;12,94;2388,8;25,34;24,4;996,8;ON;77,15;
2026-07-25 17:08:34;11:35:09;97,5;85,7;77,3;77,3;50,6;219,7;12,94;2388,8;25,35;24,4;996,8;ON;77,15;
2026-07-25 17:08:43;11:35:18;97,5;85,8;77,3;77,3;50,5;219,7;12,94;2388,8;25,35;24,4;996,8;ON;77,15;
2026-07-25 17:08:52;11:35:27;97,5;85,8;77,3;77,3;50,6;219,7;12,94;2388,8;25,36;24,4;996,8;ON;77,15;
2026-07-25 17:09:01;11:35:36;97,5;85,8;77,3;77,3;50,6;219,7;12,94;2388,8;25,37;24,4;996,8;ON;77,15;
2026-07-25 17:09:10;11:35:45;97,5;85,9;77,3;77,3;50,6;219,7;12,94;2388,8;25,37;24,4;996,8;ON;77,15;
2026-07-25 17:09:19;11:35:54;97,5;85,9;77,3;77,3;50,7;219,7;12,94;2388,8;25,38;24,4;996,8;ON;77,15;
2026-07-25 17:09:28;11:36:03;97,5;86,0;77,3;77,3;50,8;219,7;12,94;2388,8;25,38;24,4;996,8;ON;77,15;
2026-07-25 17:09:37;11:36:12;97,5;86,0;77,3;77,3;50,8;219,7;12,94;2388,8;25,39;24,4;996,8;ON;77,15;
2026-07-25 17:09:46;11:36:21;97,5;86,1;77,3;77,3;50,9;219,7;12,94;2388,8;25,40;24,4;996,8;ON;77,15;
2026-07-25 17:09:56;11:36:31;97,5;86,1;77,3;77,3;50,9;219,7;12,94;2388,8;25,40;24,4;996,8;ON;77,15;
2026-07-25 17:10:05;11:36:40;97,6;86,2;77,3;77,3;50,9;219,7;12,94;2388,8;25,41;24,4;996,8;ON;77,15;
2026-07-25 17:10:14;11:36:49;97,5;86,2;77,3;77,3;51,0;219,7;12,94;2388,8;25,41;24,4;996,8;ON;77,15;
2026-07-25 17:10:23;11:36:58;97,5;86,2;77,3;77,3;51,1;219,7;12,94;2388,8;25,42;24,4;996,8;ON;77,15;
2026-07-25 17:10:32;11:37:07;97,5;86,3;77,3;77,3;51,1;219,7;12,94;2388,8;25,43;24,4;996,8;ON;77,15;
2026-07-25 17:10:41;11:37:16;97,5;86,4;77,3;77,3;51,2;219,7;12,94;2388,8;25,43;24,4;996,8;ON;77,15;
2026-07-25 17:10:50;11:37:25;97,5;86,4;77,3;77,3;51,2;219,7;12,94;2388,8;25,44;24,4;996,8;ON;77,15;
2026-07-25 17:10:59;11:37:34;97,6;86,4;77,3;77,3;51,4;219,7;12,94;2388,8;25,44;24,4;996,8;ON;77,15;
2026-07-25 17:11:08;11:37:43;97,6;86,5;77,3;77,3;51,4;219,7;12,94;2388,8;25,45;24,4;996,8;ON;77,15;
2026-07-25 17:11:17;11:37:52;97,5;86,6;77,3;77,3;51,5;219,7;12,94;2388,8;25,46;24,4;996,8;ON;77,15;
2026-07-25 17:11:26;11:38:01;97,6;86,6;77,3;77,3;51,6;219,7;12,94;2388,8;25,46;24,4;996,8;ON;77,15;
2026-07-25 17:11:35;11:38:10;97,6;86,6;77,3;77,3;51,7;219,7;12,94;2388,8;25,47;24,4;996,8;ON;77,15;
2026-07-25 17:11:44;11:38:19;97,6;86,7;77,3;77,3;51,8;219,7;12,94;2388,8;25,47;24,4;996,8;ON;77,15;
2026-07-25 17:11:53;11:38:28;97,6;86,8;77,3;77,3;51,9;219,7;12,94;2388,8;25,48;24,4;996,8;ON;77,15;
2026-07-25 17:12:02;11:38:37;97,6;86,8;77,3;77,3;51,9;219,7;12,94;2388,8;25,49;24,4;996,8;ON;77,15;
2026-07-25 17:12:11;11:38:46;97,6;86,9;77,3;77,3;52,1;219,7;12,94;2388,8;25,49;24,4;996,8;ON;77,15;
2026-07-25 17:12:20;11:38:55;97,6;86,9;77,3;77,3;52,2;219,7;12,94;2388,8;25,50;24,4;996,8;ON;77,15;
2026-07-25 17:12:29;11:39:04;97,6;86,9;77,3;77,3;52,3;219,7;12,94;2388,8;25,50;24,4;996,8;ON;77,15;
2026-07-25 17:12:38;11:39:13;97,6;87,0;77,3;77,3;52,4;219,7;12,94;2388,8;25,51;24,4;996,8;ON;77,15;
2026-07-25 17:12:47;11:39:22;97,6;87,1;77,3;77,3;52,6;219,7;12,94;2388,8;25,52;24,4;996,8;ON;77,15;
2026-07-25 17:12:57;11:39:32;97,6;87,1;77,3;77,3;52,6;219,7;12,94;2388,8;25,52;24,4;996,8;ON;77,15;
2026-07-25 17:13:05;11:39:40;97,6;87,2;77,3;77,3;52,2;219,7;12,94;2388,8;25,53;24,4;996,8;ON;77,15;
2026-07-25 17:13:14;11:39:49;97,6;87,2;77,4;77,3;51,7;219,7;12,94;2388,8;25,53;24,4;996,8;ON;77,15;
2026-07-25 17:13:23;11:39:58;97,6;87,2;77,3;77,3;51,1;219,7;12,94;2388,8;25,54;24,4;996,8;ON;77,15;
2026-07-25 17:13:32;11:40:07;97,6;87,4;77,3;77,3;50,5;219,7;12,94;2388,8;25,55;24,4;996,8;ON;77,15;
2026-07-25 17:13:42;11:40:17;97,6;87,4;77,3;77,3;50,1;219,7;12,94;2388,8;25,55;24,4;996,8;ON;77,15;
2026-07-25 17:13:51;11:40:26;97,6;87,4;77,3;77,3;49,6;219,7;12,94;2388,8;25,56;24,4;996,8;ON;77,15;
2026-07-25 17:14:00;11:40:35;97,6;87,5;77,3;77,3;49,2;219,7;12,94;2388,8;25,56;24,4;996,8;ON;77,15;
2026-07-25 17:14:09;11:40:44;97,6;87,6;77,3;77,3;48,9;219,7;12,94;2388,8;25,57;24,4;996,8;ON;77,15;
2026-07-25 17:14:18;11:40:53;97,6;87,6;77,3;77,3;48,8;219,7;12,94;2388,8;25,58;24,4;996,8;ON;77,15;
2026-07-25 17:14:27;11:41:02;97,6;87,7;77,3;77,3;48,6;219,7;12,94;2388,8;25,58;24,4;996,8;ON;77,15;
2026-07-25 17:14:36;11:41:11;97,6;87,8;77,3;77,3;48,4;219,7;12,94;2388,8;25,59;24,4;996,8;ON;77,15;
2026-07-25 17:14:45;11:41:20;97,6;87,8;77,3;77,3;48,2;219,7;12,94;2388,8;25,59;24,4;996,8;ON;77,15;
2026-07-25 17:14:54;11:41:29;97,6;87,8;77,3;77,3;48,1;219,7;12,94;2388,8;25,60;24,4;996,8;ON;77,15;
2026-07-25 17:15:03;11:41:38;97,6;87,9;77,3;77,3;47,9;219,7;12,94;2388,8;25,61;24,4;996,8;ON;77,15;
2026-07-25 17:15:12;11:41:47;97,6;87,9;77,3;77,3;47,9;219,7;12,94;2388,8;25,61;24,4;996,8;ON;77,15;
2026-07-25 17:15:21;11:41:56;97,6;88,0;77,3;77,3;47,8;219,7;12,94;2388,8;25,62;24,4;996,8;ON;77,15;
2026-07-25 17:15:30;11:42:05;97,6;88,1;77,3;77,3;47,7;219,7;12,94;2388,8;25,62;24,4;996,8;ON;77,15;
2026-07-25 17:15:39;11:42:14;97,6;88,1;77,3;77,3;47,7;219,7;12,94;2388,8;25,63;24,4;996,8;ON;77,15;
2026-07-25 17:15:49;11:42:24;97,6;88,2;77,3;77,3;47,6;219,7;12,94;2388,8;25,64;24,4;996,8;ON;77,15;
2026-07-25 17:15:58;11:42:33;97,6;88,2;77,4;77,3;47,5;219,7;12,94;2388,8;25,64;24,4;996,8;ON;77,15;
2026-07-25 17:16:07;11:42:42;97,6;88,3;77,3;77,3;47,4;219,7;12,94;2388,8;25,65;24,4;996,8;ON;77,15;
2026-07-25 17:16:16;11:42:51;97,6;88,3;77,3;77,3;47,4;219,7;12,94;2388,8;25,65;24,3;996,8;ON;77,15;
2026-07-25 17:16:25;11:43:00;97,6;88,4;77,3;77,3;47,3;219,7;12,94;2388,8;25,66;24,3;996,8;ON;77,15;
2026-07-25 17:16:34;11:43:09;97,6;88,5;77,4;77,3;47,2;219,7;12,94;2388,8;25,67;24,3;996,8;ON;77,15;
2026-07-25 17:16:43;11:43:18;97,6;88,6;77,3;77,3;47,2;219,7;12,94;2388,8;25,67;24,3;996,8;ON;77,15;
2026-07-25 17:16:52;11:43:27;97,6;88,6;77,3;77,3;47,2;219,7;12,94;2388,8;25,68;24,3;996,8;ON;77,15;
2026-07-25 17:17:01;11:43:36;97,6;88,7;77,4;77,3;47,2;219,7;12,94;2388,8;25,68;24,3;996,8;ON;77,15;
2026-07-25 17:17:10;11:43:45;97,6;88,8;77,4;77,3;47,1;219,7;12,94;2388,8;25,69;24,3;996,8;ON;77,15;
2026-07-25 17:17:19;11:43:54;97,6;88,8;77,3;77,3;47,1;219,7;12,94;2388,8;25,70;24,3;996,8;ON;77,15;
2026-07-25 17:17:28;11:44:03;97,6;88,9;77,4;77,3;47,1;219,7;12,94;2388,8;25,70;24,3;996,8;ON;77,15;
2026-07-25 17:17:37;11:44:12;97,6;88,9;77,3;77,3;47,1;219,7;12,94;2388,8;25,71;24,3;996,8;ON;77,15;
2026-07-25 17:17:46;11:44:21;97,6;89,0;77,3;77,3;47,1;219,7;12,94;2388,8;25,71;24,3;996,8;ON;77,15;
2026-07-25 17:17:55;11:44:30;97,6;89,1;77,3;77,3;47,0;219,7;12,94;2388,8;25,72;24,3;996,8;ON;77,15;
2026-07-25 17:18:04;11:44:39;97,6;89,1;77,3;77,3;47,0;219,7;12,94;2388,8;25,73;24,3;996,8;ON;77,15;
2026-07-25 17:18:13;11:44:48;97,6;89,2;77,3;77,3;46,9;219,7;12,94;2388,8;25,73;24,3;996,8;ON;77,15;
2026-07-25 17:18:22;11:44:57;97,6;89,2;77,4;77,3;47,0;219,7;12,94;2388,8;25,74;24,3;996,8;ON;77,15;
2026-07-25 17:18:31;11:45:06;97,6;89,2;77,4;77,3;46,9;219,7;12,94;2388,8;25,74;24,3;996,8;ON;77,15;
2026-07-25 17:18:41;11:45:16;97,6;89,4;77,4;77,3;47,0;219,7;12,94;2388,8;25,75;24,3;996,8;ON;77,15;
2026-07-25 17:18:50;11:45:25;97,6;89,4;77,3;77,3;47,1;219,7;12,94;2388,8;25,76;24,3;996,8;ON;77,15;
2026-07-25 17:18:59;11:45:34;97,6;89,5;77,4;77,3;47,1;219,7;12,94;2388,8;25,76;24,3;996,8;ON;77,15;
2026-07-25 17:19:08;11:45:43;97,6;89,6;77,3;77,3;47,1;219,7;12,94;2388,8;25,77;24,3;996,8;ON;77,15;
2026-07-25 17:19:17;11:45:52;97,6;89,6;77,3;77,3;47,2;219,7;12,94;2388,8;25,77;24,3;996,8;ON;77,15;
2026-07-25 17:19:26;11:46:01;97,6;89,7;77,4;77,3;47,2;219,7;12,94;2388,8;25,78;24,3;996,8;ON;77,15;
2026-07-25 17:19:35;11:46:10;97,6;89,8;77,4;77,3;47,2;219,7;12,94;2388,8;25,79;24,3;996,8;ON;77,15;
2026-07-25 17:19:44;11:46:19;97,6;89,8;77,4;77,3;47,3;219,7;12,94;2388,8;25,79;24,3;996,8;ON;77,15;
2026-07-25 17:19:53;11:46:28;97,6;89,9;77,4;77,3;47,4;219,7;12,94;2388,8;25,80;24,3;996,8;ON;77,15;
2026-07-25 17:20:02;11:46:37;97,6;89,9;77,4;77,3;47,4;219,7;12,94;2388,8;25,80;24,3;996,8;ON;77,15;
2026-07-25 17:20:11;11:46:46;97,6;90,0;77,4;77,3;47,6;219,7;12,94;2388,8;25,81;24,3;996,8;ON;77,15;
2026-07-25 17:20:20;11:46:55;97,6;90,1;77,4;77,3;47,6;219,7;12,94;2388,8;25,82;24,3;996,8;ON;77,15;
2026-07-25 17:20:29;11:47:04;97,6;90,1;77,5;77,3;47,7;219,7;12,94;2388,8;25,82;24,3;996,8;ON;77,15;
2026-07-25 17:20:38;11:47:13;97,6;90,2;77,4;77,3;47,8;219,7;12,94;2388,8;25,83;24,3;996,8;ON;77,15;
2026-07-25 17:20:47;11:47:22;97,6;90,2;77,4;77,3;47,8;219,7;12,94;2388,8;25,83;24,3;996,8;ON;77,15;
2026-07-25 17:20:56;11:47:31;97,6;90,3;77,5;77,3;47,9;219,7;12,94;2388,8;25,84;24,3;996,8;ON;77,15;
2026-07-25 17:21:05;11:47:40;97,6;90,4;77,5;77,3;47,9;219,7;12,94;2388,8;25,85;24,3;996,8;ON;77,15;
2026-07-25 17:21:14;11:47:49;97,6;90,4;77,5;77,3;48,0;219,7;12,94;2388,8;25,85;24,3;996,8;ON;77,15;
2026-07-25 17:21:24;11:47:59;97,6;90,4;77,5;77,3;48,1;219,7;12,94;2388,8;25,86;24,3;996,8;ON;77,15;
2026-07-25 17:21:33;11:48:08;97,6;90,5;77,5;77,3;48,2;219,7;12,94;2388,8;25,86;24,3;996,8;ON;77,15;
2026-07-25 17:21:42;11:48:17;97,6;90,6;77,4;77,3;48,2;219,7;12,94;2388,8;25,87;24,3;996,8;ON;77,15;
2026-07-25 17:21:51;11:48:26;97,6;90,6;77,5;77,3;48,3;219,7;12,94;2388,8;25,88;24,3;996,8;ON;77,15;
2026-07-25 17:22:00;11:48:35;97,6;90,7;77,5;77,3;48,3;219,7;12,94;2388,8;25,88;24,3;996,8;ON;77,15;
2026-07-25 17:22:09;11:48:44;97,6;90,8;77,5;77,3;48,3;219,7;12,94;2388,8;25,89;24,3;996,8;ON;77,15;
2026-07-25 17:22:18;11:48:53;97,6;90,8;77,5;77,3;48,4;219,7;12,94;2388,8;25,89;24,3;996,8;ON;77,15;
2026-07-25 17:22:27;11:49:02;97,6;90,9;77,5;77,3;48,5;219,7;12,94;2388,8;25,90;24,3;996,8;ON;77,15;
2026-07-25 17:22:36;11:49:11;97,6;90,9;77,5;77,3;48,6;219,7;12,94;2388,8;25,91;24,3;996,8;ON;77,15;
2026-07-25 17:22:45;11:49:20;97,6;91,0;77,5;77,3;48,6;219,7;12,94;2388,8;25,91;24,3;996,8;ON;77,15;
2026-07-25 17:22:54;11:49:29;97,6;91,0;77,5;77,3;48,7;219,7;12,94;2388,8;25,92;24,3;996,8;ON;77,15;
2026-07-25 17:23:03;11:49:38;97,6;91,1;77,5;77,3;48,8;219,7;12,94;2388,8;25,92;24,3;996,8;ON;77,15;
2026-07-25 17:23:12;11:49:47;97,6;91,1;77,5;77,3;48,8;219,7;12,94;2388,8;25,93;24,3;996,8;ON;77,15;
2026-07-25 17:23:21;11:49:56;97,6;91,2;77,6;77,3;48,8;219,7;12,94;2388,8;25,94;24,3;996,8;ON;77,15;
2026-07-25 17:23:30;11:50:05;97,6;91,2;77,6;77,3;48,8;219,7;12,94;2388,8;25,94;24,3;996,8;ON;77,15;
2026-07-25 17:23:39;11:50:14;97,6;91,3;77,6;77,3;48,9;219,7;12,94;2388,8;25,95;24,3;996,8;ON;77,15;
2026-07-25 17:23:48;11:50:23;97,6;91,4;77,6;77,3;49,0;219,7;12,94;2388,8;25,95;24,3;996,8;ON;77,15;
2026-07-25 17:23:57;11:50:32;97,6;91,4;77,7;77,3;49,0;219,7;12,94;2388,8;25,96;24,3;996,8;OFF;77,15;
2026-07-25 17:24:06;11:50:41;97,6;91,5;77,7;77,3;49,1;219,7;12,94;2388,8;25,97;24,3;996,8;OFF;77,15;
2026-07-25 17:24:16;11:50:51;97,6;91,5;77,7;77,3;49,3;219,7;12,94;2388,8;25,97;24,3;996,8;OFF;77,15;
2026-07-25 17:24:25;11:51:00;97,6;91,6;77,7;77,3;49,9;219,7;12,94;2388,8;25,98;24,3;996,8;OFF;77,15;
2026-07-25 17:24:34;11:51:09;97,6;91,6;77,7;77,3;50,4;219,7;12,94;2388,8;25,98;24,3;996,8;OFF;77,15;
2026-07-25 17:24:43;11:51:18;97,6;91,7;77,7;77,3;50,9;219,7;12,94;2388,8;25,99;24,3;996,8;OFF;77,15;
2026-07-25 17:24:52;11:51:27;97,6;91,8;77,7;77,3;51,2;219,7;12,94;2388,8;26,00;24,3;996,8;OFF;77,15;
2026-07-25 17:25:01;11:51:36;97,6;91,8;77,7;77,3;51,4;219,7;12,94;2388,8;26,00;24,3;996,8;OFF;77,15;
2026-07-25 17:25:10;11:51:45;97,6;91,9;77,7;77,3;51,3;219,7;12,94;2388,8;26,01;24,3;996,8;OFF;77,15;
2026-07-25 17:25:19;11:51:54;97,6;91,9;77,7;77,3;51,3;219,7;12,94;2388,8;26,01;24,3;996,8;OFF;77,15;
2026-07-25 17:25:28;11:52:03;97,6;91,9;77,7;77,3;51,2;219,7;12,94;2388,8;26,02;24,3;996,8;OFF;77,15;Koniec Serca
2026-07-25 17:25:37;11:52:12;97,7;92,0;77,7;77,3;51,2;219,7;12,94;2388,8;26,03;24,3;996,8;OFF;77,15;
2026-07-25 17:25:46;11:52:21;97,6;92,1;77,7;77,3;51,2;219,7;12,94;2388,8;26,03;24,3;996,8;OFF;77,15;
2026-07-25 17:25:55;11:52:30;97,7;92,1;77,7;77,3;51,2;219,7;12,94;2388,8;26,04;24,3;996,8;OFF;77,15;
2026-07-25 17:26:04;11:52:39;97,6;92,2;77,7;77,3;51,2;219,7;12,94;2388,8;26,04;24,3;996,8;OFF;77,15;
2026-07-25 17:26:13;11:52:48;97,7;92,2;77,7;77,3;51,3;219,7;12,94;2388,8;26,05;24,3;996,8;OFF;77,15;
2026-07-25 17:26:23;11:52:58;97,7;92,3;77,7;77,3;51,3;219,7;12,94;2388,8;26,06;24,3;996,8;OFF;77,15;
2026-07-25 17:26:32;11:53:07;97,7;92,4;77,7;77,3;51,4;219,7;12,94;2388,8;26,06;24,3;996,8;OFF;77,15;
2026-07-25 17:26:41;11:53:16;97,7;92,4;77,7;77,3;51,4;219,7;12,94;2388,8;26,07;24,3;996,8;OFF;77,15;
2026-07-25 17:26:50;11:53:25;97,7;92,4;77,7;77,3;51,5;219,7;12,94;2388,8;26,07;24,3;996,8;OFF;77,15;
2026-07-25 17:26:59;11:53:34;97,7;92,5;77,7;77,3;51,6;219,7;12,94;2388,8;26,08;24,3;996,8;OFF;77,15;
2026-07-25 17:27:08;11:53:43;97,7;92,6;77,6;77,3;51,6;219,7;12,94;2388,8;26,09;24,3;996,8;ON;77,15;
2026-07-25 17:27:17;11:53:52;97,7;92,6;77,6;77,3;51,7;219,7;12,94;2388,8;26,09;24,3;996,8;ON;77,15;
2026-07-25 17:27:26;11:54:01;97,7;92,7;77,6;77,3;51,8;219,7;12,94;2388,8;26,10;24,3;996,8;ON;77,15;
2026-07-25 17:27:35;11:54:10;97,7;92,7;77,6;77,3;51,9;219,7;12,94;2388,8;26,10;24,3;996,8;ON;77,15;
2026-07-25 17:27:44;11:54:19;97,7;92,8;77,6;77,3;51,9;219,7;12,94;2388,8;26,11;24,3;996,8;ON;77,15;
2026-07-25 17:27:53;11:54:28;97,7;92,8;77,5;77,3;52,1;219,7;12,94;2388,8;26,12;24,3;996,8;ON;77,15;
2026-07-25 17:28:02;11:54:37;97,7;92,9;77,6;77,3;52,2;219,7;12,94;2388,8;26,12;24,3;996,8;ON;77,15;Start pogonow
2026-07-25 17:28:11;11:54:46;97,7;92,9;77,5;77,3;52,2;219,7;12,94;2388,8;26,13;24,3;996,8;ON;77,15;
2026-07-25 17:28:20;11:54:55;97,7;93,0;77,5;77,3;52,4;219,7;12,94;2388,8;26,13;24,3;996,8;ON;77,15;
2026-07-25 17:28:30;11:55:05;97,7;93,0;77,5;77,3;52,4;219,7;12,94;2388,8;26,14;24,3;996,8;ON;77,15;
2026-07-25 17:28:39;11:55:14;97,7;93,1;77,5;77,3;52,7;219,7;12,94;2388,8;26,15;24,3;996,8;ON;77,15;
2026-07-25 17:28:48;11:55:23;97,7;93,1;77,5;77,3;52,8;219,7;12,94;2388,8;26,15;24,3;996,8;ON;77,15;
2026-07-25 17:28:57;11:55:32;97,7;93,2;77,5;77,3;53,0;219,7;12,94;2388,8;26,16;24,3;996,8;ON;77,15;
2026-07-25 17:29:06;11:55:41;97,7;93,2;77,5;77,3;53,1;219,7;12,94;2388,8;26,16;24,3;996,8;ON;77,15;
2026-07-25 17:29:15;11:55:50;97,7;93,3;77,5;77,3;52,6;219,7;12,94;2388,8;26,17;24,3;996,8;ON;77,15;
2026-07-25 17:29:24;11:55:59;97,7;93,4;77,5;77,3;51,8;219,7;12,94;2388,8;26,18;24,3;996,8;ON;77,15;
2026-07-25 17:29:33;11:56:08;97,7;93,4;77,5;77,3;50,9;219,7;12,94;2388,8;26,18;24,3;996,8;ON;77,15;
2026-07-25 17:29:42;11:56:17;97,7;93,4;77,5;77,3;50,2;219,7;12,94;2388,8;26,19;24,3;996,8;ON;77,15;
2026-07-25 17:29:51;11:56:26;97,7;93,5;77,5;77,3;49,6;219,7;12,94;2388,8;26,19;24,3;996,8;ON;77,15;
2026-07-25 17:30:00;11:56:35;97,7;93,5;77,5;77,3;49,1;219,7;12,94;2388,8;26,20;24,3;996,8;ON;77,15;
2026-07-25 17:30:09;11:56:44;97,7;93,6;77,5;77,3;48,7;219,7;12,94;2388,8;26,21;24,3;996,8;ON;77,15;
2026-07-25 17:30:18;11:56:53;97,7;93,6;77,5;77,3;48,2;219,7;12,94;2388,8;26,21;24,3;996,8;ON;77,15;
2026-07-25 17:30:27;11:57:02;97,7;93,6;77,5;77,3;47,9;219,7;12,94;2388,8;26,22;24,3;996,8;ON;77,15;
2026-07-25 17:30:36;11:57:11;97,7;93,7;77,5;77,3;47,6;219,7;12,94;2388,8;26,22;24,3;996,8;ON;77,15;
2026-07-25 17:30:45;11:57:20;97,7;93,8;77,5;77,3;47,3;219,7;12,94;2388,8;26,23;24,3;996,8;ON;77,15;
2026-07-25 17:30:54;11:57:29;97,7;93,8;77,5;77,3;47,0;219,7;12,94;2388,8;26,24;24,3;996,8;ON;77,15;
2026-07-25 17:31:03;11:57:38;97,7;93,8;77,6;77,3;46,8;219,7;12,94;2388,8;26,24;24,3;996,8;OFF;77,15;
2026-07-25 17:31:12;11:57:47;97,7;93,8;77,6;77,3;46,6;219,7;12,94;2388,8;26,25;24,3;996,8;OFF;77,15;
2026-07-25 17:31:21;11:57:56;97,7;93,9;77,7;77,3;46,3;219,7;12,94;2388,8;26,25;24,3;996,8;OFF;77,15;
2026-07-25 17:31:30;11:58:05;97,7;93,9;77,7;77,3;46,1;219,7;12,94;2388,8;26,26;24,3;996,8;OFF;77,15;
2026-07-25 17:31:40;11:58:15;97,7;94,0;77,7;77,3;45,9;219,7;12,94;2388,8;26,27;24,2;996,8;OFF;77,15;
2026-07-25 17:31:49;11:58:24;97,7;94,1;77,7;77,3;45,8;219,7;12,94;2388,8;26,27;24,2;996,8;OFF;77,15;
2026-07-25 17:31:58;11:58:33;97,7;94,1;77,8;77,3;45,6;219,7;12,94;2388,8;26,28;24,2;996,8;OFF;77,15;
2026-07-25 17:32:07;11:58:42;97,7;94,1;77,8;77,3;45,5;219,7;12,94;2388,8;26,28;24,2;996,8;OFF;77,15;
2026-07-25 17:32:16;11:58:51;97,7;94,1;77,9;77,3;45,4;219,7;12,94;2388,8;26,29;24,2;996,8;OFF;77,15;
2026-07-25 17:32:25;11:59:00;97,7;94,2;78,0;77,3;45,2;219,7;12,94;2388,8;26,30;24,2;996,8;OFF;77,15;
2026-07-25 17:32:34;11:59:09;97,7;94,2;78,2;77,3;45,2;219,7;12,94;2388,8;26,30;24,2;996,8;OFF;77,15;
2026-07-25 17:32:43;11:59:18;97,7;94,2;78,5;77,3;45,1;219,7;12,94;2388,8;26,31;24,2;996,8;OFF;77,15;
2026-07-25 17:32:52;11:59:27;97,7;94,3;79,3;77,3;45,1;219,7;12,94;2388,8;26,31;24,2;996,8;OFF;77,15;
2026-07-25 17:33:01;11:59:36;97,7;94,3;81,2;77,3;45,1;219,7;12,94;2388,8;26,32;24,2;996,8;OFF;77,15;
2026-07-25 17:33:10;11:59:45;97,7;94,4;83,4;77,3;45,1;219,7;12,94;2388,8;26,33;24,2;996,8;OFF;77,15;
2026-07-25 17:33:19;11:59:54;97,7;94,4;85,7;77,3;45,0;219,7;12,94;2388,8;26,33;24,2;996,8;OFF;77,15;
2026-07-25 17:33:28;12:00:03;97,7;94,4;88,6;77,3;44,9;219,7;12,94;2388,8;26,34;24,2;996,8;OFF;77,15;
2026-07-25 17:33:37;12:00:12;97,7;94,5;91,2;77,3;44,9;219,7;12,94;2388,8;26,34;24,2;996,8;OFF;77,15;
2026-07-25 17:33:46;12:00:21;97,7;94,5;93,0;77,3;44,9;219,7;12,94;2388,8;26,35;24,2;996,8;OFF;77,15;
2026-07-25 17:33:55;12:00:30;97,7;94,6;94,2;77,3;44,9;219,7;12,94;2388,8;26,36;24,2;996,8;OFF;77,15;
2026-07-25 17:34:04;12:00:39;97,7;94,6;94,8;77,3;45,0;219,7;12,94;2388,8;26,36;24,2;996,8;OFF;77,15;
2026-07-25 17:34:13;12:00:48;97,7;94,6;95,4;77,3;45,0;219,7;12,94;2388,8;26,37;24,2;996,8;OFF;77,15;
2026-07-25 17:34:22;12:00:57;97,7;94,6;95,8;77,3;44,9;219,7;12,94;2388,8;26,37;24,2;996,8;OFF;77,15;
2026-07-25 17:34:32;12:01:07;97,7;94,7;96,1;77,3;44,9;219,7;12,94;2388,8;26,38;24,2;996,8;OFF;77,15;
2026-07-25 17:34:41;12:01:16;97,7;94,7;96,3;77,3;44,9;219,7;12,94;2388,8;26,39;24,2;996,8;OFF;77,15;
2026-07-25 17:34:50;12:01:25;97,7;94,8;96,5;77,3;44,8;219,7;12,94;2388,8;26,39;24,2;996,8;OFF;77,15;
2026-07-25 17:34:59;12:01:34;97,8;94,8;96,6;77,3;44,8;219,7;12,94;2388,8;26,40;24,2;996,8;OFF;77,15;
2026-07-25 17:35:08;12:01:43;97,7;94,8;96,7;77,3;44,8;219,7;12,94;2388,8;26,40;24,2;996,8;OFF;77,15;
2026-07-25 17:35:17;12:01:52;97,7;94,9;96,8;77,3;44,8;219,7;12,94;2388,8;26,41;24,2;996,8;OFF;77,15;
2026-07-25 17:35:26;12:02:01;97,8;94,9;96,9;77,3;44,8;219,7;12,94;2388,8;26,42;24,2;996,8;OFF;77,15;
2026-07-25 17:35:35;12:02:10;97,7;94,9;96,9;77,3;44,8;219,7;12,94;2388,8;26,42;24,2;996,8;OFF;77,15;
2026-07-25 17:35:44;12:02:19;97,8;94,9;96,9;77,3;44,8;219,7;12,94;2388,8;26,43;24,2;996,8;OFF;77,15;
2026-07-25 17:35:53;12:02:28;97,7;94,9;97,0;77,3;44,8;219,7;12,94;2388,8;26,43;24,2;996,8;OFF;77,15;
2026-07-25 17:36:02;12:02:37;97,7;95,0;97,2;77,3;44,8;219,7;12,94;2388,8;26,44;24,2;996,8;OFF;77,15;
2026-07-25 17:36:11;12:02:46;97,8;95,0;97,2;77,3;44,8;219,7;12,94;2388,8;26,45;24,2;996,8;OFF;77,15;
2026-07-25 17:36:20;12:02:55;97,7;95,1;97,3;77,3;44,8;219,7;12,94;2388,8;26,45;24,2;996,8;OFF;77,15;
2026-07-25 17:36:29;12:03:04;97,8;95,1;97,4;77,3;44,8;219,7;12,94;2388,8;26,46;24,2;996,8;OFF;77,15;
2026-07-25 17:36:38;12:03:13;97,8;95,1;97,4;77,3;44,9;219,7;12,94;2388,8;26,46;24,2;996,8;OFF;77,15;
2026-07-25 17:36:47;12:03:22;97,8;95,1;97,5;77,3;44,9;219,7;12,94;2388,8;26,47;24,2;996,8;OFF;77,15;
2026-07-25 17:36:57;12:03:32;97,8;95,1;97,5;77,3;44,9;221,4;13,01;2417,2;26,48;24,2;996,8;OFF;77,15;
2026-07-25 17:37:06;12:03:41;97,7;95,2;97,5;77,3;45,0;221,4;13,01;2417,2;26,48;24,2;996,8;OFF;77,15;
2026-07-25 17:37:15;12:03:50;97,8;95,2;97,5;77,3;45,0;221,4;13,01;2417,2;26,49;24,2;996,8;OFF;77,15;
2026-07-25 17:37:24;12:03:59;97,7;95,2;97,6;77,3;45,0;221,4;13,01;2417,2;26,50;24,2;996,8;OFF;77,15;
2026-07-25 17:37:33;12:04:08;97,8;95,2;97,5;77,3;45,0;221,4;13,01;2417,2;26,50;24,2;996,8;OFF;77,15;
2026-07-25 17:37:42;12:04:17;97,8;95,2;97,5;77,3;45,2;221,4;13,01;2417,2;26,51;24,2;996,8;OFF;77,15;
2026-07-25 17:37:51;12:04:26;97,8;95,2;97,5;77,3;45,2;221,4;13,01;2417,2;26,51;24,2;996,8;OFF;77,15;
2026-07-25 17:38:00;12:04:35;97,8;95,3;97,7;77,3;45,2;221,4;13,01;2417,2;26,52;24,2;996,8;OFF;77,15;
2026-07-25 17:38:09;12:04:44;97,8;95,3;97,7;77,3;45,2;221,4;13,01;2417,2;26,53;24,2;996,8;OFF;77,15;
2026-07-25 17:38:18;12:04:53;97,7;95,4;97,7;77,3;45,3;221,4;13,01;2417,2;26,53;24,2;996,8;OFF;77,15;
2026-07-25 17:38:27;12:05:02;97,8;95,4;97,8;77,3;45,3;221,4;13,01;2417,2;26,54;24,2;996,8;OFF;77,15;
2026-07-25 17:38:36;12:05:11;97,8;95,4;97,8;77,4;45,3;221,4;13,01;2417,2;26,54;24,2;996,8;OFF;77,15;
2026-07-25 17:38:45;12:05:20;97,8;95,4;97,8;77,4;45,3;221,4;13,01;2417,2;26,55;24,2;996,8;OFF;77,15;
2026-07-25 17:38:54;12:05:29;97,8;95,4;97,8;77,4;45,4;221,4;13,01;2417,2;26,56;24,2;996,8;OFF;77,15;
2026-07-25 17:39:04;12:05:39;97,8;95,5;97,8;77,5;45,5;221,4;13,01;2417,2;26,56;24,2;996,8;OFF;77,15;
2026-07-25 17:39:13;12:05:48;97,8;95,5;97,8;77,5;45,6;221,4;13,01;2417,2;26,57;24,2;996,8;OFF;77,15;
2026-07-25 17:39:22;12:05:57;97,8;95,5;97,8;77,5;45,6;221,4;13,01;2417,2;26,57;24,2;996,8;OFF;77,15;
2026-07-25 17:39:31;12:06:06;97,8;95,6;97,8;77,5;45,7;221,4;13,01;2417,2;26,58;24,2;996,8;OFF;77,15;
2026-07-25 17:39:40;12:06:15;97,8;95,6;97,8;77,6;45,7;221,4;13,01;2417,2;26,59;24,2;996,8;OFF;77,15;
2026-07-25 17:39:49;12:06:24;97,8;95,6;97,8;77,7;45,8;221,4;13,01;2417,2;26,59;24,2;996,8;OFF;77,15;
2026-07-25 17:39:58;12:06:33;97,8;95,6;97,8;77,7;45,8;221,4;13,01;2417,2;26,60;24,2;996,8;OFF;77,15;
2026-07-25 17:40:07;12:06:42;97,8;95,6;97,7;77,8;45,9;221,4;13,01;2417,2;26,60;24,2;996,8;OFF;77,15;
2026-07-25 17:40:16;12:06:51;97,8;95,6;97,7;77,9;46,0;221,4;13,01;2417,2;26,61;24,2;996,8;OFF;77,15;
2026-07-25 17:40:25;12:07:00;97,8;95,6;97,8;78,1;46,0;221,4;13,01;2417,2;26,62;24,2;996,8;OFF;77,15;
2026-07-25 17:40:34;12:07:09;97,8;95,6;97,8;78,3;45,9;221,4;13,01;2417,2;26,62;24,2;996,8;OFF;77,15;
2026-07-25 17:40:43;12:07:18;97,8;95,6;97,9;78,4;45,9;221,4;13,01;2417,2;26,63;24,2;996,8;OFF;77,15;
2026-07-25 17:40:52;12:07:27;97,8;95,7;97,9;78,5;46,0;221,4;13,01;2417,2;26,64;24,2;996,8;OFF;77,15;
2026-07-25 17:41:01;12:07:36;97,8;95,7;97,9;78,9;46,1;221,4;13,01;2417,2;26,64;24,2;996,8;OFF;77,15;
2026-07-25 17:41:11;12:07:46;97,8;95,7;97,9;79,3;46,1;221,4;13,01;2417,2;26,65;24,2;996,8;OFF;77,15;
2026-07-25 17:41:20;12:07:55;97,8;95,8;98,0;79,7;46,1;221,4;13,01;2417,2;26,65;24,2;996,8;OFF;77,15;
2026-07-25 17:41:29;12:08:04;97,8;95,8;98,0;79,9;46,2;221,4;13,01;2417,2;26,66;24,2;996,8;OFF;77,15;
2026-07-25 17:41:38;12:08:13;97,8;95,8;98,0;80,4;46,2;221,4;13,01;2417,2;26,67;24,2;996,8;OFF;77,15;
2026-07-25 17:41:47;12:08:22;97,8;95,8;98,0;81,3;46,2;221,4;13,01;2417,2;26,67;24,2;996,8;OFF;77,15;
2026-07-25 17:41:56;12:08:31;97,8;95,8;98,0;82,7;46,2;221,4;13,01;2417,2;26,68;24,2;996,8;OFF;77,15;
2026-07-25 17:42:05;12:08:40;97,8;95,9;98,0;84,3;46,2;221,4;13,01;2417,2;26,68;24,2;996,8;OFF;77,15;
2026-07-25 17:42:14;12:08:49;97,8;95,9;98,0;86,3;46,3;221,4;13,01;2417,2;26,69;24,2;996,8;OFF;77,15;
2026-07-25 17:42:23;12:08:58;97,8;95,9;98,0;88,2;46,4;221,4;13,01;2417,2;26,70;24,2;996,8;OFF;77,15;
2026-07-25 17:42:32;12:09:07;97,8;95,9;98,0;90,1;46,4;221,4;13,01;2417,2;26,70;24,2;996,8;OFF;77,15;
2026-07-25 17:42:41;12:09:16;97,8;95,9;98,0;91,4;46,4;221,4;13,01;2417,2;26,71;24,2;996,8;OFF;77,15;
2026-07-25 17:42:50;12:09:25;97,8;95,9;98,0;92,4;46,5;221,4;13,01;2417,2;26,71;24,2;996,8;OFF;77,15;
2026-07-25 17:42:59;12:09:34;97,8;95,9;98,0;93,7;46,6;221,4;13,01;2417,2;26,72;24,2;996,8;OFF;77,15;
2026-07-25 17:43:08;12:09:43;97,8;95,9;98,0;94,6;46,7;221,4;13,01;2417,2;26,73;24,2;996,8;OFF;77,15;
2026-07-25 17:43:17;12:09:52;97,8;96,0;98,0;95,5;46,7;221,4;13,01;2417,2;26,73;24,2;996,8;OFF;77,15;
2026-07-25 17:43:27;12:10:02;97,8;96,0;98,0;96,2;46,8;221,4;13,01;2417,2;26,74;24,2;996,8;OFF;77,15;
2026-07-25 17:43:36;12:10:11;97,8;96,0;98,0;96,6;46,9;221,4;13,01;2417,2;26,74;24,2;996,8;OFF;77,15;
2026-07-25 17:43:45;12:10:20;97,8;96,0;98,0;96,9;47,1;221,4;13,01;2417,2;26,75;24,2;996,8;OFF;77,15;
2026-07-25 17:43:54;12:10:29;97,8;96,0;98,0;97,2;47,2;221,4;13,01;2417,2;26,76;24,2;996,8;OFF;77,15;
2026-07-25 17:44:03;12:10:38;97,8;96,1;98,0;97,3;47,3;221,4;13,01;2417,2;26,76;24,2;996,8;OFF;77,15;
2026-07-25 17:44:12;12:10:47;97,8;96,1;98,0;97,4;47,4;221,4;13,01;2417,2;26,77;24,2;996,8;OFF;77,15;
2026-07-25 17:44:21;12:10:56;97,8;96,1;98,0;97,5;47,6;221,4;13,01;2417,2;26,78;24,2;996,8;OFF;77,15;
2026-07-25 17:44:30;12:11:05;97,8;96,1;98,0;97,5;47,8;221,4;13,01;2417,2;26,78;24,2;996,8;OFF;77,15;
2026-07-25 17:44:39;12:11:14;97,8;96,1;98,0;97,6;47,9;221,4;13,01;2417,2;26,79;24,2;996,8;OFF;77,15;
2026-07-25 17:44:48;12:11:23;97,8;96,1;98,0;97,6;48,0;221,4;13,01;2417,2;26,79;24,2;996,8;OFF;77,15;
2026-07-25 17:44:57;12:11:32;97,8;96,1;98,0;97,7;48,1;221,4;13,01;2417,2;26,80;24,2;996,8;OFF;77,15;
2026-07-25 17:45:06;12:11:41;97,8;96,1;98,0;97,7;48,2;221,4;13,01;2417,2;26,81;24,2;996,8;OFF;77,15;
2026-07-25 17:45:15;12:11:50;97,8;96,2;98,0;97,7;48,3;221,4;13,01;2417,2;26,81;24,2;996,8;OFF;77,15;
2026-07-25 17:45:24;12:11:59;97,8;96,2;98,0;97,7;48,4;221,4;13,01;2417,2;26,82;24,2;996,8;OFF;77,15;
2026-07-25 17:45:33;12:12:08;97,8;96,2;98,0;97,7;48,5;221,4;13,01;2417,2;26,82;24,2;996,8;OFF;77,15;
2026-07-25 17:45:42;12:12:17;97,8;96,2;98,1;97,8;48,6;221,4;13,01;2417,2;26,83;24,2;996,8;OFF;77,15;
2026-07-25 17:45:51;12:12:26;97,8;96,2;98,1;97,8;48,8;221,4;13,01;2417,2;26,84;24,2;996,8;OFF;77,15;
2026-07-25 17:46:00;12:12:35;97,8;96,2;98,1;97,8;48,9;221,4;13,01;2417,2;26,84;24,2;996,8;OFF;77,15;
2026-07-25 17:46:09;12:12:44;97,8;96,2;98,1;97,8;49,1;221,4;13,01;2417,2;26,85;24,2;996,8;OFF;77,15;
2026-07-25 17:46:18;12:12:53;97,8;96,2;98,0;97,8;49,2;221,4;13,01;2417,2;26,85;24,2;996,8;OFF;77,15;
2026-07-25 17:46:27;12:13:02;97,8;96,2;98,0;97,8;49,2;221,4;13,01;2417,2;26,86;24,2;996,8;OFF;77,15;
2026-07-25 17:46:36;12:13:11;97,8;96,2;98,0;97,8;49,4;221,4;13,01;2417,2;26,87;24,2;996,8;OFF;77,15;
2026-07-25 17:46:45;12:13:20;97,8;96,2;98,1;97,8;49,4;221,4;13,01;2417,2;26,87;24,2;996,8;OFF;77,15;
2026-07-25 17:46:54;12:13:29;97,8;96,2;98,1;97,8;49,6;221,4;13,01;2417,2;26,88;24,2;996,8;OFF;77,15;
2026-07-25 17:47:04;12:13:39;97,8;96,3;98,1;97,8;49,7;221,4;13,01;2417,2;26,88;24,1;996,7;OFF;77,15;
2026-07-25 17:47:13;12:13:48;97,8;96,3;98,1;97,8;49,8;221,4;13,01;2417,2;26,89;24,1;996,7;OFF;77,15;
2026-07-25 17:47:22;12:13:57;97,8;96,3;98,1;97,8;50,0;221,4;13,01;2417,2;26,90;24,1;996,7;OFF;77,15;
2026-07-25 17:47:31;12:14:06;97,8;96,3;98,1;97,9;50,1;221,4;13,01;2417,2;26,90;24,1;996,7;OFF;77,15;
2026-07-25 17:47:40;12:14:15;97,8;96,3;98,1;97,9;50,2;221,4;13,01;2417,2;26,91;24,1;996,7;OFF;77,15;
2026-07-25 17:47:49;12:14:24;97,8;96,3;98,1;97,9;50,3;221,4;13,01;2417,2;26,92;24,1;996,7;OFF;77,15;
2026-07-25 17:47:58;12:14:33;97,8;96,4;98,1;97,9;50,4;221,4;13,01;2417,2;26,92;24,1;996,7;OFF;77,15;
2026-07-25 17:48:07;12:14:42;97,8;96,4;98,1;97,9;50,7;221,4;13,01;2417,2;26,93;24,1;996,7;OFF;77,15;
2026-07-25 17:48:16;12:14:51;97,8;96,4;98,1;97,9;50,8;221,4;13,01;2417,2;26,93;24,1;996,7;OFF;77,15;
2026-07-25 17:48:25;12:15:00;97,8;96,4;98,0;97,8;50,4;221,4;13,01;2417,2;26,94;24,1;996,7;OFF;77,15;
2026-07-25 17:48:34;12:15:09;97,8;96,4;98,0;97,8;49,9;221,4;13,01;2417,2;26,95;24,1;996,7;OFF;77,15;
2026-07-25 17:48:43;12:15:18;97,8;96,4;98,0;97,8;49,2;221,4;13,01;2417,2;26,95;24,1;996,7;OFF;77,15;
2026-07-25 17:48:52;12:15:27;97,8;96,4;98,0;97,7;48,6;221,4;13,01;2417,2;26,96;24,1;996,7;OFF;77,15;
2026-07-25 17:49:01;12:15:36;97,8;96,4;98,1;97,7;48,2;221,4;13,01;2417,2;26,96;24,1;996,7;OFF;77,15;
2026-07-25 17:49:10;12:15:45;97,8;96,4;98,2;97,8;47,8;221,4;13,01;2417,2;26,97;24,1;996,7;OFF;77,15;
2026-07-25 17:49:19;12:15:54;97,8;96,4;98,2;97,9;47,5;221,4;13,01;2417,2;26,98;24,1;996,7;OFF;77,15;
2026-07-25 17:49:28;12:16:03;97,8;96,4;98,2;98,0;47,2;221,4;13,01;2417,2;26,98;24,1;996,7;OFF;77,15;
2026-07-25 17:49:38;12:16:13;97,8;96,4;98,2;98,0;47,1;221,4;13,01;2417,2;26,99;24,1;996,7;OFF;77,15;
2026-07-25 17:49:47;12:16:22;97,8;96,4;98,2;98,0;46,9;221,4;13,01;2417,2;26,99;24,1;996,7;OFF;77,15;
2026-07-25 17:49:56;12:16:31;97,8;96,4;98,2;98,0;46,8;221,4;13,01;2417,2;27,00;24,1;996,7;OFF;77,15;
2026-07-25 17:50:05;12:16:40;97,8;96,4;98,2;98,1;46,6;221,4;13,01;2417,2;27,01;24,1;996,7;OFF;77,15;
2026-07-25 17:50:14;12:16:49;97,8;96,5;98,2;98,1;46,5;221,4;13,01;2417,2;27,01;24,1;996,7;OFF;77,15;
2026-07-25 17:50:23;12:16:58;97,8;96,5;98,2;98,1;46,5;221,4;13,01;2417,2;27,02;24,1;996,7;OFF;77,15;
2026-07-25 17:50:32;12:17:07;97,8;96,5;98,2;98,1;46,4;221,4;13,01;2417,2;27,02;24,1;996,7;OFF;77,15;
2026-07-25 17:50:41;12:17:16;97,8;96,5;98,2;98,0;46,4;221,4;13,01;2417,2;27,03;24,1;996,7;OFF;77,15;
2026-07-25 17:50:50;12:17:25;97,8;96,5;98,2;98,1;46,3;221,4;13,01;2417,2;27,04;24,1;996,7;OFF;77,15;
2026-07-25 17:50:59;12:17:34;97,8;96,6;98,2;98,0;46,2;221,4;13,01;2417,2;27,04;24,1;996,7;OFF;77,15;
2026-07-25 17:51:08;12:17:43;97,8;96,6;98,2;98,0;46,2;221,4;13,01;2417,2;27,05;24,1;996,7;OFF;77,15;
2026-07-25 17:51:17;12:17:52;97,8;96,6;98,2;98,1;46,1;221,4;13,01;2417,2;27,05;24,1;996,7;OFF;77,15;
2026-07-25 17:51:26;12:18:01;97,8;96,6;98,2;98,1;46,1;221,4;13,01;2417,2;27,06;24,1;996,7;OFF;77,15;
2026-07-25 17:51:35;12:18:10;97,8;96,6;98,2;98,1;46,1;221,4;13,01;2417,2;27,07;24,1;996,7;OFF;77,15;
2026-07-25 17:51:47;12:18:22;97,8;96,6;98,2;98,1;46,1;221,4;13,01;2417,2;27,07;24,1;996,7;OFF;77,15;
2026-07-25 17:51:56;12:18:31;97,8;96,6;98,2;98,1;45,9;221,4;13,01;2417,2;27,08;24,1;996,7;OFF;77,15;
2026-07-25 17:52:05;12:18:40;97,8;96,6;98,2;98,1;45,9;221,4;13,01;2417,2;27,09;24,1;996,7;OFF;77,15;
2026-07-25 17:52:14;12:18:49;97,8;96,6;98,2;98,1;46,0;221,4;13,01;2417,2;27,09;24,1;996,7;OFF;77,15;
2026-07-25 17:52:23;12:18:58;97,8;96,6;98,2;98,2;46,0;221,4;13,01;2417,2;27,10;24,1;996,7;OFF;77,15;
2026-07-25 17:52:32;12:19:07;97,8;96,6;98,2;98,1;46,0;221,4;13,01;2417,2;27,11;24,1;996,7;OFF;77,15;
2026-07-25 17:52:41;12:19:16;97,8;96,6;98,2;98,1;46,0;221,4;13,01;2417,2;27,11;24,1;996,7;OFF;77,15;
2026-07-25 17:52:50;12:19:25;97,8;96,7;98,2;98,1;45,9;221,4;13,01;2417,2;27,12;24,1;996,7;OFF;77,15;
2026-07-25 17:52:59;12:19:34;97,8;96,7;98,2;98,2;45,9;221,4;13,01;2417,2;27,12;24,1;996,7;OFF;77,15;
2026-07-25 17:53:08;12:19:43;97,8;96,7;98,2;98,2;45,9;221,4;13,01;2417,2;27,13;24,1;996,7;OFF;77,15;
2026-07-25 17:53:17;12:19:52;97,8;96,7;98,2;98,2;45,9;221,4;13,01;2417,2;27,14;24,1;996,7;OFF;77,15;
2026-07-25 17:53:26;12:20:01;97,8;96,7;98,2;98,2;45,9;221,4;13,01;2417,2;27,14;24,1;996,7;OFF;77,15;
2026-07-25 17:53:36;12:20:11;97,8;96,7;98,2;98,2;45,9;221,4;13,01;2417,2;27,15;24,1;996,7;OFF;77,15;
2026-07-25 17:53:45;12:20:20;97,8;96,7;98,2;98,2;45,9;221,4;13,01;2417,2;27,15;24,1;996,7;OFF;77,15;
2026-07-25 17:53:54;12:20:29;97,8;96,7;98,2;98,2;45,9;221,4;13,01;2417,2;27,16;24,1;996,7;OFF;77,15;
2026-07-25 17:54:03;12:20:38;97,8;96,7;98,2;98,2;45,9;221,4;13,01;2417,2;27,17;24,1;996,7;OFF;77,15;
2026-07-25 17:54:12;12:20:47;97,8;96,8;98,2;98,2;45,9;221,4;13,01;2417,2;27,17;24,1;996,7;OFF;77,15;
2026-07-25 17:54:21;12:20:56;97,8;96,8;98,2;98,2;45,9;221,4;13,01;2417,2;27,18;24,1;996,7;OFF;77,15;
2026-07-25 17:54:30;12:21:05;97,8;96,8;98,2;98,2;45,9;221,4;13,01;2417,2;27,18;24,1;996,7;OFF;77,15;
2026-07-25 17:54:39;12:21:14;97,8;96,8;98,2;98,2;46,0;221,4;13,01;2417,2;27,19;24,1;996,7;OFF;77,15;
2026-07-25 17:54:48;12:21:23;97,8;96,8;98,2;98,2;46,0;221,4;13,01;2417,2;27,20;24,1;996,7;OFF;77,15;
2026-07-25 17:54:57;12:21:32;97,8;96,8;98,2;98,2;46,0;221,4;13,01;2417,2;27,20;24,1;996,7;OFF;77,15;
2026-07-25 17:55:06;12:21:41;97,8;96,8;98,2;98,2;46,0;221,4;13,01;2417,2;27,21;24,1;996,7;OFF;77,15;
2026-07-25 17:55:15;12:21:50;97,8;96,8;98,3;98,2;46,0;221,4;13,01;2417,2;27,21;24,1;996,7;OFF;77,15;
2026-07-25 17:55:24;12:21:59;97,8;96,8;98,2;98,2;46,1;221,4;13,01;2417,2;27,22;24,1;996,7;OFF;77,15;
2026-07-25 17:55:33;12:22:08;97,8;96,8;98,2;98,2;46,1;221,4;13,01;2417,2;27,23;24,1;996,7;OFF;77,15;
2026-07-25 17:55:42;12:22:17;97,8;96,8;98,3;98,2;46,1;221,4;13,01;2417,2;27,23;24,1;996,7;OFF;77,15;
2026-07-25 17:55:51;12:22:26;97,8;96,8;98,3;98,2;46,1;221,4;13,01;2417,2;27,24;24,1;996,7;OFF;77,15;
2026-07-25 17:56:01;12:22:36;97,8;96,8;98,2;98,2;46,1;221,4;13,01;2417,2;27,25;24,1;996,7;OFF;77,15;
2026-07-25 17:56:10;12:22:45;97,8;96,8;98,3;98,2;46,2;221,4;13,01;2417,2;27,25;24,1;996,7;OFF;77,15;
2026-07-25 17:56:19;12:22:54;97,8;96,8;98,3;98,2;46,3;221,4;13,01;2417,2;27,26;24,1;996,7;OFF;77,15;
2026-07-25 17:56:28;12:23:03;97,8;96,8;98,3;98,2;46,2;221,4;13,01;2417,2;27,26;24,1;996,7;OFF;77,15;
2026-07-25 17:56:37;12:23:12;97,8;96,8;98,3;98,3;46,2;221,4;13,01;2417,2;27,27;24,1;996,7;OFF;77,15;
2026-07-25 17:56:46;12:23:21;97,8;96,8;98,3;98,2;46,2;221,4;13,01;2417,2;27,28;24,1;996,7;OFF;77,15;
2026-07-25 17:56:55;12:23:30;97,8;96,8;98,3;98,2;46,3;221,4;13,01;2417,2;27,28;24,1;996,7;OFF;77,15;
2026-07-25 17:57:04;12:23:39;97,8;96,8;98,3;98,2;46,2;221,4;13,01;2417,2;27,29;24,1;996,7;OFF;77,15;
2026-07-25 17:57:13;12:23:48;97,8;96,8;98,3;98,2;46,3;221,4;13,01;2417,2;27,29;24,1;996,7;OFF;77,15;
2026-07-25 17:57:22;12:23:57;97,8;96,8;98,3;98,2;46,3;221,4;13,01;2417,2;27,30;24,1;996,7;OFF;77,15;
2026-07-25 17:57:31;12:24:06;97,8;96,8;98,3;98,2;46,3;221,4;13,01;2417,2;27,31;24,1;996,7;OFF;77,15;
2026-07-25 17:57:40;12:24:15;97,8;96,8;98,3;98,2;46,3;221,4;13,01;2417,2;27,31;24,1;996,7;OFF;77,15;
2026-07-25 17:57:49;12:24:24;97,8;96,8;98,3;98,3;46,4;221,4;13,01;2417,2;27,32;24,1;996,7;OFF;77,15;
2026-07-25 17:57:58;12:24:33;97,8;96,8;98,3;98,3;46,4;221,4;13,01;2417,2;27,32;24,1;996,7;OFF;77,15;
2026-07-25 17:58:08;12:24:43;97,9;96,8;98,3;98,3;46,5;221,4;13,01;2417,2;27,33;24,1;996,7;OFF;77,15;
2026-07-25 17:58:17;12:24:52;97,9;96,8;98,3;98,3;46,6;221,4;13,01;2417,2;27,34;24,1;996,7;OFF;77,15;
2026-07-25 17:58:26;12:25:01;97,8;96,8;98,3;98,3;46,6;221,4;13,01;2417,2;27,34;24,1;996,7;OFF;77,15;
2026-07-25 17:58:35;12:25:10;97,8;96,8;98,3;98,2;46,7;221,4;13,01;2417,2;27,35;24,1;996,7;OFF;77,15;
2026-07-25 17:58:44;12:25:19;97,8;96,8;98,3;98,2;46,8;221,4;13,01;2417,2;27,35;24,1;996,7;OFF;77,15;
2026-07-25 17:58:53;12:25:28;97,8;96,8;98,3;98,2;46,8;221,4;13,01;2417,2;27,36;24,1;996,7;OFF;77,15;
2026-07-25 17:59:02;12:25:37;97,8;96,8;98,3;98,2;46,9;221,4;13,01;2417,2;27,37;24,1;996,7;OFF;77,15;
2026-07-25 17:59:11;12:25:46;97,8;96,8;98,3;98,2;46,9;221,4;13,01;2417,2;27,37;24,1;996,7;OFF;77,15;
2026-07-25 17:59:20;12:25:55;97,8;96,8;98,3;98,3;46,9;221,4;13,01;2417,2;27,38;24,1;996,7;OFF;77,15;
2026-07-25 17:59:29;12:26:04;97,9;96,8;98,3;98,3;46,9;221,4;13,01;2417,2;27,38;24,1;996,7;OFF;77,15;
2026-07-25 17:59:38;12:26:13;97,8;96,8;98,3;98,3;47,0;221,4;13,01;2417,2;27,39;24,1;996,7;OFF;77,15;
2026-07-25 17:59:47;12:26:22;97,8;96,8;98,3;98,3;47,1;221,4;13,01;2417,2;27,40;24,1;996,7;OFF;77,15;
2026-07-25 17:59:56;12:26:31;97,9;96,9;98,3;98,3;47,1;221,4;13,01;2417,2;27,40;24,1;996,7;OFF;77,15;
2026-07-25 18:00:05;12:26:40;97,9;96,9;98,3;98,3;47,2;221,4;13,01;2417,2;27,41;24,1;996,7;OFF;77,15;
2026-07-25 18:00:14;12:26:49;97,8;96,9;98,3;98,2;47,3;221,4;13,01;2417,2;27,42;24,1;996,7;OFF;77,15;
2026-07-25 18:00:23;12:26:58;97,9;96,9;98,3;98,3;47,4;221,4;13,01;2417,2;27,42;24,1;996,7;OFF;77,15;
2026-07-25 18:00:32;12:27:07;97,9;96,9;98,3;98,2;47,4;221,4;13,01;2417,2;27,43;24,1;996,7;OFF;77,15;
2026-07-25 18:00:41;12:27:16;97,9;96,9;98,3;98,3;47,4;221,4;13,01;2417,2;27,43;24,1;996,7;OFF;77,15;
2026-07-25 18:00:50;12:27:25;97,9;96,9;98,3;98,3;47,6;221,4;13,01;2417,2;27,44;24,1;996,7;OFF;77,15;
2026-07-25 18:00:59;12:27:34;97,9;96,9;98,3;98,3;47,7;221,4;13,01;2417,2;27,45;24,1;996,7;OFF;77,15;
2026-07-25 18:01:08;12:27:43;97,9;96,9;98,3;98,3;47,8;221,4;13,01;2417,2;27,45;24,1;996,7;OFF;77,15;
2026-07-25 18:01:17;12:27:52;97,9;96,9;98,3;98,3;47,9;221,4;13,01;2417,2;27,46;24,1;996,7;OFF;77,15;
2026-07-25 18:01:27;12:28:02;97,9;96,9;98,3;98,3;48,0;221,4;13,01;2417,2;27,46;24,1;996,7;OFF;77,15;
2026-07-25 18:01:36;12:28:11;97,9;96,9;98,3;98,3;48,1;221,4;13,01;2417,2;27,47;24,1;996,7;OFF;77,15;
2026-07-25 18:01:45;12:28:20;97,9;96,9;98,4;98,3;48,1;221,4;13,01;2417,2;27,48;24,1;996,7;OFF;77,15;
2026-07-25 18:01:54;12:28:29;97,9;96,9;98,4;98,3;48,2;221,4;13,01;2417,2;27,48;24,1;996,7;OFF;77,15;
2026-07-25 18:02:03;12:28:38;97,9;96,9;98,3;98,3;48,2;221,4;13,01;2417,2;27,49;24,1;996,7;OFF;77,15;
2026-07-25 18:02:12;12:28:47;97,9;96,9;98,4;98,3;48,2;221,4;13,01;2417,2;27,49;24,1;996,7;OFF;77,15;
2026-07-25 18:02:21;12:28:56;97,9;96,9;98,4;98,3;48,3;221,4;13,01;2417,2;27,50;24,0;996,7;OFF;77,15;
2026-07-25 18:02:31;12:29:06;97,9;97,0;98,4;98,3;48,4;221,4;13,01;2417,2;27,51;24,0;996,7;OFF;77,15;
2026-07-25 18:02:40;12:29:15;97,9;97,0;98,4;98,3;48,5;221,4;13,01;2417,2;27,51;24,0;996,7;OFF;77,15;
2026-07-25 18:02:49;12:29:24;97,9;97,0;98,4;98,3;48,6;221,4;13,01;2417,2;27,52;24,0;996,7;OFF;77,15;
2026-07-25 18:02:58;12:29:33;97,9;97,0;98,4;98,3;48,7;221,4;13,01;2417,2;27,53;24,0;996,7;OFF;77,15;
2026-07-25 18:03:07;12:29:42;97,9;97,0;98,4;98,3;48,8;221,4;13,01;2417,2;27,53;24,0;996,7;OFF;77,15;
2026-07-25 18:03:16;12:29:51;97,9;97,0;98,4;98,3;48,9;221,4;13,01;2417,2;27,54;24,0;996,7;OFF;77,15;
2026-07-25 18:03:25;12:30:00;97,9;97,0;98,4;98,3;49,1;221,4;13,01;2417,2;27,54;24,0;996,7;OFF;77,15;
2026-07-25 18:03:34;12:30:09;97,9;97,0;98,3;98,3;49,1;221,4;13,01;2417,2;27,55;24,0;996,7;OFF;77,15;
2026-07-25 18:03:43;12:30:18;97,9;97,0;98,4;98,3;49,1;221,4;13,01;2417,2;27,56;24,0;996,7;OFF;77,15;
2026-07-25 18:03:52;12:30:27;97,9;97,0;98,3;98,3;49,2;221,4;13,01;2417,2;27,56;24,0;996,7;OFF;77,15;
2026-07-25 18:04:01;12:30:36;97,9;97,0;98,4;98,3;49,2;221,4;13,01;2417,2;27,57;24,0;996,7;OFF;77,15;
2026-07-25 18:04:10;12:30:45;97,9;97,0;98,4;98,3;49,3;221,4;13,01;2417,2;27,57;24,0;996,7;OFF;77,15;
2026-07-25 18:04:19;12:30:54;97,9;97,1;98,4;98,3;49,4;221,4;13,01;2417,2;27,58;24,0;996,7;OFF;77,15;
2026-07-25 18:04:28;12:31:03;97,9;97,0;98,4;98,3;49,7;221,4;13,01;2417,2;27,59;24,0;996,7;OFF;77,15;
2026-07-25 18:04:37;12:31:12;97,9;97,1;98,4;98,3;49,7;221,4;13,01;2417,2;27,59;24,0;996,7;OFF;77,15;
2026-07-25 18:04:46;12:31:21;97,9;97,1;98,4;98,4;49,8;221,4;13,01;2417,2;27,60;24,0;996,7;OFF;77,15;
2026-07-25 18:04:55;12:31:30;97,9;97,0;98,4;98,3;49,8;221,4;13,01;2417,2;27,60;24,0;996,7;OFF;77,15;
2026-07-25 18:05:04;12:31:39;97,9;97,0;98,4;98,3;49,9;221,4;13,01;2417,2;27,61;24,0;996,7;OFF;77,15;
2026-07-25 18:05:13;12:31:48;97,9;97,0;98,4;98,4;50,0;221,4;13,01;2417,2;27,62;24,0;996,7;OFF;77,15;
2026-07-25 18:05:22;12:31:57;97,9;97,0;98,4;98,4;50,1;221,4;13,01;2417,2;27,62;24,0;996,7;OFF;77,15;
2026-07-25 18:05:31;12:32:06;97,9;97,0;98,5;98,4;50,2;221,4;13,01;2417,2;27,63;24,0;996,7;OFF;77,15;
2026-07-25 18:05:40;12:32:15;97,9;97,0;98,4;98,4;50,3;221,4;13,01;2417,2;27,63;24,0;996,7;OFF;77,15;
2026-07-25 18:05:49;12:32:24;97,9;97,0;98,5;98,4;50,4;221,4;13,01;2417,2;27,64;24,0;996,7;OFF;77,15;
2026-07-25 18:05:58;12:32:33;97,9;97,0;98,4;98,4;50,5;221,4;13,01;2417,2;27,65;24,0;996,7;OFF;77,15;Koniec procesu
2026-07-25 18:06:07;12:32:42;97,9;97,0;98,5;98,4;50,6;221,4;13,01;2417,2;27,65;24,0;996,7;OFF;77,15;
